Data; Abertura ; Máxima ; Mínima ; Fechamento 
20/07/2026; R$ 5.122,00 ; R$ 5.131,00 ; R$ 5.097,00 ; R$ 5.106,50 
17/07/2026; R$ 5.133,00 ; R$ 5.151,00 ; R$ 5.122,50 ; R$ 5.128,00 
16/07/2026; R$ 5.115,00 ; R$ 5.134,00 ; R$ 5.099,50 ; R$ 5.121,50 
15/07/2026; R$ 5.097,00 ; R$ 5.108,50 ; R$ 5.077,50 ; R$ 5.098,00 
14/07/2026; R$ 5.150,00 ; R$ 5.150,50 ; R$ 5.086,50 ; R$ 5.096,00 
13/07/2026; R$ 5.137,50 ; R$ 5.165,50 ; R$ 5.133,50 ; R$ 5.160,00 
10/07/2026; R$ 5.143,00 ; R$ 5.154,00 ; R$ 5.125,00 ; R$ 5.137,50 
09/07/2026; R$ 5.179,00 ; R$ 5.185,00 ; R$ 5.136,50 ; R$ 5.142,00 
08/07/2026; R$ 5.209,50 ; R$ 5.215,50 ; R$ 5.166,00 ; R$ 5.180,50 
07/07/2026; R$ 5.165,00 ; R$ 5.202,50 ; R$ 5.161,50 ; R$ 5.192,00 
06/07/2026; R$ 5.208,00 ; R$ 5.218,50 ; R$ 5.157,50 ; R$ 5.158,00 
03/07/2026; R$ 5.235,50 ; R$ 5.237,50 ; R$ 5.201,00 ; R$ 5.206,00 
02/07/2026; R$ 5.234,50 ; R$ 5.258,00 ; R$ 5.196,50 ; R$ 5.245,00 
01/07/2026; R$ 5.208,00 ; R$ 5.256,50 ; R$ 5.206,00 ; R$ 5.241,50 
30/06/2026; R$ 5.211,50 ; R$ 5.241,50 ; R$ 5.197,00 ; R$ 5.199,00 
29/06/2026; R$ 5.168,00 ; R$ 5.188,00 ; R$ 5.155,00 ; R$ 5.179,00 
26/06/2026; R$ 5.191,00 ; R$ 5.192,50 ; R$ 5.160,00 ; R$ 5.179,50 
25/06/2026; R$ 5.206,00 ; R$ 5.225,00 ; R$ 5.172,50 ; R$ 5.184,00 
24/06/2026; R$ 5.200,50 ; R$ 5.229,50 ; R$ 5.194,00 ; R$ 5.194,00 
23/06/2026; R$ 5.186,50 ; R$ 5.201,50 ; R$ 5.171,00 ; R$ 5.192,00 
22/06/2026; R$ 5.166,50 ; R$ 5.171,50 ; R$ 5.134,50 ; R$ 5.154,00 
19/06/2026; R$ 5.172,00 ; R$ 5.182,00 ; R$ 5.145,00 ; R$ 5.165,50 
18/06/2026; R$ 5.149,00 ; R$ 5.203,50 ; R$ 5.141,00 ; R$ 5.175,50 
17/06/2026; R$ 5.113,00 ; R$ 5.144,00 ; R$ 5.066,00 ; R$ 5.121,50 
16/06/2026; R$ 5.066,50 ; R$ 5.121,00 ; R$ 5.064,00 ; R$ 5.106,00 
15/06/2026; R$ 5.055,50 ; R$ 5.093,50 ; R$ 5.046,00 ; R$ 5.073,00 
12/06/2026; R$ 5.118,00 ; R$ 5.141,00 ; R$ 5.079,00 ; R$ 5.083,00 
11/06/2026; R$ 5.196,50 ; R$ 5.206,50 ; R$ 5.115,00 ; R$ 5.127,00 
10/06/2026; R$ 5.217,50 ; R$ 5.223,00 ; R$ 5.184,00 ; R$ 5.208,00 
09/06/2026; R$ 5.195,00 ; R$ 5.221,50 ; R$ 5.177,50 ; R$ 5.204,00 
08/06/2026; R$ 5.180,00 ; R$ 5.232,50 ; R$ 5.162,00 ; R$ 5.223,50 
05/06/2026; R$ 5.089,00 ; R$ 5.208,00 ; R$ 5.085,00 ; R$ 5.203,50 
03/06/2026; R$ 5.047,00 ; R$ 5.124,00 ; R$ 5.044,50 ; R$ 5.093,00 
02/06/2026; R$ 5.049,50 ; R$ 5.057,00 ; R$ 5.034,00 ; R$ 5.041,00 
01/06/2026; R$ 5.069,00 ; R$ 5.081,50 ; R$ 5.047,00 ; R$ 5.061,50 
29/05/2026; R$ 5.073,50 ; R$ 5.107,50 ; R$ 5.066,50 ; R$ 5.073,50 
28/05/2026; R$ 5.070,50 ; R$ 5.077,50 ; R$ 5.025,00 ; R$ 5.044,00 
27/05/2026; R$ 5.039,00 ; R$ 5.074,00 ; R$ 5.033,50 ; R$ 5.063,50 
26/05/2026; R$ 5.027,00 ; R$ 5.043,00 ; R$ 5.008,00 ; R$ 5.038,50 
25/05/2026; R$ 5.022,50 ; R$ 5.027,50 ; R$ 5.000,00 ; R$ 5.016,50 
22/05/2026; R$ 5.022,00 ; R$ 5.052,00 ; R$ 5.003,50 ; R$ 5.051,50 
21/05/2026; R$ 5.027,50 ; R$ 5.034,50 ; R$ 4.992,00 ; R$ 5.015,50 
20/05/2026; R$ 5.042,00 ; R$ 5.070,00 ; R$ 5.004,00 ; R$ 5.008,50 
19/05/2026; R$ 5.037,00 ; R$ 5.073,00 ; R$ 5.023,50 ; R$ 5.059,50 
18/05/2026; R$ 5.072,50 ; R$ 5.072,50 ; R$ 5.001,50 ; R$ 5.007,00 
15/05/2026; R$ 5.041,00 ; R$ 5.101,50 ; R$ 5.037,00 ; R$ 5.074,50 
14/05/2026; R$ 5.026,00 ; R$ 5.051,00 ; R$ 4.992,50 ; R$ 5.007,00 
13/05/2026; R$ 4.914,50 ; R$ 5.040,00 ; R$ 4.913,00 ; R$ 5.028,00 
12/05/2026; R$ 4.925,50 ; R$ 4.939,00 ; R$ 4.911,50 ; R$ 4.914,00 
11/05/2026; R$ 4.925,00 ; R$ 4.929,50 ; R$ 4.910,00 ; R$ 4.912,50 
08/05/2026; R$ 4.939,50 ; R$ 4.942,00 ; R$ 4.914,00 ; R$ 4.915,00 
07/05/2026; R$ 4.932,50 ; R$ 4.960,00 ; R$ 4.924,00 ; R$ 4.959,50 
06/05/2026; R$ 4.915,00 ; R$ 4.964,50 ; R$ 4.914,00 ; R$ 4.950,00 
05/05/2026; R$ 4.980,50 ; R$ 4.985,00 ; R$ 4.937,50 ; R$ 4.939,50 
04/05/2026; R$ 4.996,50 ; R$ 5.017,00 ; R$ 4.981,50 ; R$ 4.998,50 
30/04/2026; R$ 5.030,00 ; R$ 5.035,50 ; R$ 4.975,00 ; R$ 4.980,00 
29/04/2026; R$ 4.982,00 ; R$ 5.016,50 ; R$ 4.980,50 ; R$ 4.999,50 
28/04/2026; R$ 4.999,50 ; R$ 5.019,00 ; R$ 4.975,00 ; R$ 4.976,50 
27/04/2026; R$ 4.988,00 ; R$ 4.989,00 ; R$ 4.968,50 ; R$ 4.986,50 
24/04/2026; R$ 5.014,00 ; R$ 5.032,50 ; R$ 4.984,50 ; R$ 4.996,50 
23/04/2026; R$ 4.973,50 ; R$ 5.041,00 ; R$ 4.947,50 ; R$ 5.041,00 
22/04/2026; R$ 4.978,00 ; R$ 4.998,50 ; R$ 4.963,00 ; R$ 4.974,50 
20/04/2026; R$ 4.990,00 ; R$ 5.000,00 ; R$ 4.960,50 ; R$ 4.963,00 
17/04/2026; R$ 4.999,50 ; R$ 5.004,50 ; R$ 4.962,50 ; R$ 4.990,00 
16/04/2026; R$ 5.010,00 ; R$ 5.028,50 ; R$ 4.999,00 ; R$ 5.006,00 
15/04/2026; R$ 5.010,00 ; R$ 5.017,00 ; R$ 4.999,00 ; R$ 5.006,00 
14/04/2026; R$ 4.991,50 ; R$ 5.013,00 ; R$ 4.988,00 ; R$ 5.002,00 
13/04/2026; R$ 5.048,50 ; R$ 5.060,50 ; R$ 5.002,00 ; R$ 5.017,50 
10/04/2026; R$ 5.087,50 ; R$ 5.089,50 ; R$ 5.022,00 ; R$ 5.034,00 
09/04/2026; R$ 5.121,50 ; R$ 5.130,00 ; R$ 5.079,00 ; R$ 5.082,00 
08/04/2026; R$ 5.117,50 ; R$ 5.143,50 ; R$ 5.088,50 ; R$ 5.124,50 
07/04/2026; R$ 5.170,00 ; R$ 5.199,50 ; R$ 5.162,00 ; R$ 5.177,00 
06/04/2026; R$ 5.176,50 ; R$ 5.188,00 ; R$ 5.167,00 ; R$ 5.168,00 
02/04/2026; R$ 5.220,00 ; R$ 5.225,50 ; R$ 5.169,00 ; R$ 5.189,50 
01/04/2026; R$ 5.188,00 ; R$ 5.209,50 ; R$ 5.179,50 ; R$ 5.186,00 
31/03/2026; R$ 5.260,00 ; R$ 5.269,50 ; R$ 5.208,00 ; R$ 5.211,00 
30/03/2026; R$ 5.233,00 ; R$ 5.268,50 ; R$ 5.224,50 ; R$ 5.255,50 
27/03/2026; R$ 5.269,00 ; R$ 5.283,00 ; R$ 5.220,00 ; R$ 5.241,50 
26/03/2026; R$ 5.256,50 ; R$ 5.269,00 ; R$ 5.223,50 ; R$ 5.242,00 
25/03/2026; R$ 5.220,00 ; R$ 5.254,50 ; R$ 5.210,00 ; R$ 5.233,50 
24/03/2026; R$ 5.262,50 ; R$ 5.288,00 ; R$ 5.220,50 ; R$ 5.243,00 
23/03/2026; R$ 5.302,00 ; R$ 5.325,00 ; R$ 5.224,50 ; R$ 5.242,00 
20/03/2026; R$ 5.261,00 ; R$ 5.338,00 ; R$ 5.246,00 ; R$ 5.290,50 
19/03/2026; R$ 5.256,00 ; R$ 5.330,00 ; R$ 5.215,50 ; R$ 5.239,50 
18/03/2026; R$ 5.209,50 ; R$ 5.289,50 ; R$ 5.199,50 ; R$ 5.261,50 
17/03/2026; R$ 5.253,00 ; R$ 5.261,00 ; R$ 5.195,50 ; R$ 5.214,50 
16/03/2026; R$ 5.304,50 ; R$ 5.306,50 ; R$ 5.246,00 ; R$ 5.252,50 
13/03/2026; R$ 5.262,00 ; R$ 5.358,50 ; R$ 5.237,50 ; R$ 5.354,00 
12/03/2026; R$ 5.188,50 ; R$ 5.287,00 ; R$ 5.180,50 ; R$ 5.281,00 
11/03/2026; R$ 5.192,50 ; R$ 5.208,00 ; R$ 5.171,50 ; R$ 5.180,50 
10/03/2026; R$ 5.185,00 ; R$ 5.215,50 ; R$ 5.158,50 ; R$ 5.191,00 
09/03/2026; R$ 5.312,50 ; R$ 5.317,50 ; R$ 5.178,00 ; R$ 5.197,00 
06/03/2026; R$ 5.349,00 ; R$ 5.354,50 ; R$ 5.262,00 ; R$ 5.289,00 
05/03/2026; R$ 5.280,00 ; R$ 5.329,00 ; R$ 5.262,00 ; R$ 5.301,50 
04/03/2026; R$ 5.290,00 ; R$ 5.295,00 ; R$ 5.229,50 ; R$ 5.268,00 
03/03/2026; R$ 5.277,00 ; R$ 5.383,50 ; R$ 5.270,00 ; R$ 5.319,00 
02/03/2026; R$ 5.188,50 ; R$ 5.255,50 ; R$ 5.178,00 ; R$ 5.215,00 
27/02/2026; R$ 5.180,50 ; R$ 5.212,00 ; R$ 5.157,00 ; R$ 5.170,50 
26/02/2026; R$ 5.133,00 ; R$ 5.168,50 ; R$ 5.123,00 ; R$ 5.139,00 
25/02/2026; R$ 5.144,00 ; R$ 5.172,50 ; R$ 5.121,00 ; R$ 5.128,00 
24/02/2026; R$ 5.179,00 ; R$ 5.190,50 ; R$ 5.148,00 ; R$ 5.161,00 
23/02/2026; R$ 5.192,00 ; R$ 5.198,00 ; R$ 5.145,50 ; R$ 5.179,50 
20/02/2026; R$ 5.222,50 ; R$ 5.233,50 ; R$ 5.179,50 ; R$ 5.186,00 
19/02/2026; R$ 5.260,00 ; R$ 5.266,50 ; R$ 5.221,50 ; R$ 5.223,00 
18/02/2026; R$ 5.218,00 ; R$ 5.262,50 ; R$ 5.205,50 ; R$ 5.249,50 
13/02/2026; R$ 5.234,00 ; R$ 5.264,50 ; R$ 5.217,50 ; R$ 5.231,00 
12/02/2026; R$ 5.194,00 ; R$ 5.236,00 ; R$ 5.171,00 ; R$ 5.229,00 
11/02/2026; R$ 5.204,50 ; R$ 5.220,50 ; R$ 5.185,00 ; R$ 5.198,50 
10/02/2026; R$ 5.214,00 ; R$ 5.231,50 ; R$ 5.202,00 ; R$ 5.210,00 
09/02/2026; R$ 5.230,00 ; R$ 5.233,50 ; R$ 5.195,00 ; R$ 5.216,50 
06/02/2026; R$ 5.269,00 ; R$ 5.278,50 ; R$ 5.228,00 ; R$ 5.240,50 
05/02/2026; R$ 5.276,00 ; R$ 5.314,00 ; R$ 5.260,50 ; R$ 5.298,50 
04/02/2026; R$ 5.268,00 ; R$ 5.291,50 ; R$ 5.241,50 ; R$ 5.268,00 
03/02/2026; R$ 5.275,50 ; R$ 5.292,50 ; R$ 5.235,00 ; R$ 5.266,50 
02/02/2026; R$ 5.297,50 ; R$ 5.312,00 ; R$ 5.266,50 ; R$ 5.291,50 
30/01/2026; R$ 5.239,50 ; R$ 5.312,00 ; R$ 5.227,00 ; R$ 5.290,50 
29/01/2026; R$ 5.200,00 ; R$ 5.252,50 ; R$ 5.167,50 ; R$ 5.196,00 
28/01/2026; R$ 5.192,00 ; R$ 5.228,00 ; R$ 5.174,00 ; R$ 5.197,00 
27/01/2026; R$ 5.282,00 ; R$ 5.283,50 ; R$ 5.180,00 ; R$ 5.183,50 
26/01/2026; R$ 5.289,00 ; R$ 5.298,00 ; R$ 5.268,00 ; R$ 5.289,50 
23/01/2026; R$ 5.299,00 ; R$ 5.314,50 ; R$ 5.282,50 ; R$ 5.300,00 
22/01/2026; R$ 5.327,50 ; R$ 5.337,00 ; R$ 5.291,00 ; R$ 5.298,00 
21/01/2026; R$ 5.383,50 ; R$ 5.385,50 ; R$ 5.326,50 ; R$ 5.333,00 
20/01/2026; R$ 5.394,00 ; R$ 5.424,00 ; R$ 5.373,50 ; R$ 5.392,00 
19/01/2026; R$ 5.397,00 ; R$ 5.400,00 ; R$ 5.362,50 ; R$ 5.387,50 
16/01/2026; R$ 5.385,50 ; R$ 5.413,00 ; R$ 5.381,50 ; R$ 5.387,00 
15/01/2026; R$ 5.412,00 ; R$ 5.423,50 ; R$ 5.372,50 ; R$ 5.386,50 
14/01/2026; R$ 5.393,50 ; R$ 5.446,00 ; R$ 5.380,00 ; R$ 5.419,00 
13/01/2026; R$ 5.397,50 ; R$ 5.419,00 ; R$ 5.388,50 ; R$ 5.396,00 
12/01/2026; R$ 5.388,00 ; R$ 5.413,00 ; R$ 5.377,00 ; R$ 5.401,50 
09/01/2026; R$ 5.428,50 ; R$ 5.428,50 ; R$ 5.381,50 ; R$ 5.402,00 
08/01/2026; R$ 5.424,00 ; R$ 5.428,50 ; R$ 5.406,50 ; R$ 5.417,50 
07/01/2026; R$ 5.403,00 ; R$ 5.434,00 ; R$ 5.401,00 ; R$ 5.420,50 
06/01/2026; R$ 5.449,00 ; R$ 5.452,00 ; R$ 5.397,50 ; R$ 5.409,00 
05/01/2026; R$ 5.455,00 ; R$ 5.489,50 ; R$ 5.431,50 ; R$ 5.449,00 
02/01/2026; R$ 5.507,00 ; R$ 5.508,00 ; R$ 5.452,00 ; R$ 5.456,00 
30/12/2025; R$ 5.604,00 ; R$ 5.608,00 ; R$ 5.513,00 ; R$ 5.519,00 
29/12/2025; R$ 5.545,50 ; R$ 5.586,00 ; R$ 5.543,00 ; R$ 5.572,50 
26/12/2025; R$ 5.550,00 ; R$ 5.570,00 ; R$ 5.523,00 ; R$ 5.545,50 
23/12/2025; R$ 5.588,50 ; R$ 5.603,00 ; R$ 5.523,00 ; R$ 5.528,50 
22/12/2025; R$ 5.538,50 ; R$ 5.614,00 ; R$ 5.525,00 ; R$ 5.598,50 
19/12/2025; R$ 5.535,00 ; R$ 5.560,50 ; R$ 5.508,00 ; R$ 5.555,00 
18/12/2025; R$ 5.519,00 ; R$ 5.571,50 ; R$ 5.513,50 ; R$ 5.534,50 
17/12/2025; R$ 5.516,00 ; R$ 5.545,00 ; R$ 5.498,50 ; R$ 5.534,50 
16/12/2025; R$ 5.438,50 ; R$ 5.540,50 ; R$ 5.432,50 ; R$ 5.528,50 
15/12/2025; R$ 5.420,00 ; R$ 5.444,00 ; R$ 5.399,00 ; R$ 5.433,50 
12/12/2025; R$ 5.429,50 ; R$ 5.446,00 ; R$ 5.399,00 ; R$ 5.433,00 
11/12/2025; R$ 5.499,50 ; R$ 5.500,00 ; R$ 5.417,50 ; R$ 5.431,50 
10/12/2025; R$ 5.449,50 ; R$ 5.515,00 ; R$ 5.442,50 ; R$ 5.497,00 
09/12/2025; R$ 5.449,00 ; R$ 5.522,00 ; R$ 5.446,00 ; R$ 5.459,50 
08/12/2025; R$ 5.451,50 ; R$ 5.495,00 ; R$ 5.414,00 ; R$ 5.457,50 
05/12/2025; R$ 5.327,50 ; R$ 5.514,50 ; R$ 5.326,00 ; R$ 5.466,00 
04/12/2025; R$ 5.336,00 ; R$ 5.347,00 ; R$ 5.318,50 ; R$ 5.341,00 
03/12/2025; R$ 5.350,00 ; R$ 5.355,50 ; R$ 5.330,00 ; R$ 5.341,50 
02/12/2025; R$ 5.388,00 ; R$ 5.396,50 ; R$ 5.360,00 ; R$ 5.361,50 
01/12/2025; R$ 5.371,50 ; R$ 5.400,00 ; R$ 5.362,00 ; R$ 5.386,00 
28/11/2025; R$ 5.388,00 ; R$ 5.396,00 ; R$ 5.361,50 ; R$ 5.371,50 
27/11/2025; R$ 5.340,00 ; R$ 5.360,50 ; R$ 5.330,50 ; R$ 5.357,50 
26/11/2025; R$ 5.385,00 ; R$ 5.392,50 ; R$ 5.331,50 ; R$ 5.335,50 
25/11/2025; R$ 5.392,00 ; R$ 5.415,50 ; R$ 5.358,50 ; R$ 5.385,00 
24/11/2025; R$ 5.408,00 ; R$ 5.415,00 ; R$ 5.386,50 ; R$ 5.394,50 
21/11/2025; R$ 5.362,50 ; R$ 5.443,00 ; R$ 5.360,50 ; R$ 5.416,50 
19/11/2025; R$ 5.336,50 ; R$ 5.359,50 ; R$ 5.332,50 ; R$ 5.338,50 
18/11/2025; R$ 5.351,00 ; R$ 5.358,50 ; R$ 5.328,00 ; R$ 5.339,50 
17/11/2025; R$ 5.317,00 ; R$ 5.348,50 ; R$ 5.308,50 ; R$ 5.344,00 
14/11/2025; R$ 5.325,00 ; R$ 5.333,50 ; R$ 5.289,00 ; R$ 5.313,00 
13/11/2025; R$ 5.301,50 ; R$ 5.324,50 ; R$ 5.292,00 ; R$ 5.309,50 
12/11/2025; R$ 5.298,50 ; R$ 5.322,50 ; R$ 5.286,00 ; R$ 5.313,00 
11/11/2025; R$ 5.313,50 ; R$ 5.321,50 ; R$ 5.286,00 ; R$ 5.295,50 
10/11/2025; R$ 5.340,00 ; R$ 5.347,00 ; R$ 5.308,50 ; R$ 5.314,50 
07/11/2025; R$ 5.376,00 ; R$ 5.390,50 ; R$ 5.352,00 ; R$ 5.354,50 
06/11/2025; R$ 5.380,00 ; R$ 5.393,00 ; R$ 5.359,50 ; R$ 5.378,50 
05/11/2025; R$ 5.433,00 ; R$ 5.435,50 ; R$ 5.382,50 ; R$ 5.386,00 
04/11/2025; R$ 5.417,50 ; R$ 5.443,50 ; R$ 5.410,50 ; R$ 5.442,50 
03/11/2025; R$ 5.409,50 ; R$ 5.417,00 ; R$ 5.378,00 ; R$ 5.396,00 
31/10/2025; R$ 5.425,00 ; R$ 5.434,50 ; R$ 5.406,50 ; R$ 5.414,00 
30/10/2025; R$ 5.365,50 ; R$ 5.398,00 ; R$ 5.365,50 ; R$ 5.387,50 
29/10/2025; R$ 5.367,00 ; R$ 5.371,00 ; R$ 5.338,00 ; R$ 5.359,00 
28/10/2025; R$ 5.385,50 ; R$ 5.393,50 ; R$ 5.358,50 ; R$ 5.365,00 
27/10/2025; R$ 5.372,50 ; R$ 5.393,50 ; R$ 5.368,00 ; R$ 5.382,00 
24/10/2025; R$ 5.397,00 ; R$ 5.405,00 ; R$ 5.372,00 ; R$ 5.395,50 
23/10/2025; R$ 5.414,00 ; R$ 5.415,00 ; R$ 5.389,50 ; R$ 5.392,00 
22/10/2025; R$ 5.407,50 ; R$ 5.426,00 ; R$ 5.389,00 ; R$ 5.414,00 
21/10/2025; R$ 5.404,50 ; R$ 5.419,50 ; R$ 5.384,00 ; R$ 5.402,50 
20/10/2025; R$ 5.429,50 ; R$ 5.429,50 ; R$ 5.383,00 ; R$ 5.389,50 
17/10/2025; R$ 5.469,50 ; R$ 5.479,00 ; R$ 5.421,00 ; R$ 5.425,00 
16/10/2025; R$ 5.470,00 ; R$ 5.479,50 ; R$ 5.442,00 ; R$ 5.473,00 
15/10/2025; R$ 5.482,50 ; R$ 5.493,50 ; R$ 5.454,50 ; R$ 5.475,00 
14/10/2025; R$ 5.506,00 ; R$ 5.543,00 ; R$ 5.480,50 ; R$ 5.500,50 
13/10/2025; R$ 5.520,00 ; R$ 5.526,00 ; R$ 5.468,00 ; R$ 5.484,00 
10/10/2025; R$ 5.399,50 ; R$ 5.560,00 ; R$ 5.387,50 ; R$ 5.559,50 
09/10/2025; R$ 5.360,00 ; R$ 5.409,50 ; R$ 5.352,50 ; R$ 5.406,50 
08/10/2025; R$ 5.388,00 ; R$ 5.395,00 ; R$ 5.360,00 ; R$ 5.364,00 
07/10/2025; R$ 5.354,50 ; R$ 5.391,00 ; R$ 5.352,00 ; R$ 5.388,00 
06/10/2025; R$ 5.382,00 ; R$ 5.386,00 ; R$ 5.342,00 ; R$ 5.343,00 
03/10/2025; R$ 5.370,00 ; R$ 5.399,00 ; R$ 5.361,50 ; R$ 5.378,00 
02/10/2025; R$ 5.359,50 ; R$ 5.413,00 ; R$ 5.347,00 ; R$ 5.379,00 
01/10/2025; R$ 5.347,50 ; R$ 5.376,50 ; R$ 5.334,00 ; R$ 5.368,00 
30/09/2025; R$ 5.355,00 ; R$ 5.376,00 ; R$ 5.346,00 ; R$ 5.361,00 
29/09/2025; R$ 5.345,00 ; R$ 5.346,50 ; R$ 5.306,50 ; R$ 5.322,00 
26/09/2025; R$ 5.370,00 ; R$ 5.370,00 ; R$ 5.338,00 ; R$ 5.354,50 
25/09/2025; R$ 5.331,00 ; R$ 5.377,00 ; R$ 5.314,50 ; R$ 5.369,00 
24/09/2025; R$ 5.302,00 ; R$ 5.341,00 ; R$ 5.300,00 ; R$ 5.313,00 
23/09/2025; R$ 5.347,50 ; R$ 5.354,50 ; R$ 5.284,50 ; R$ 5.285,00 
22/09/2025; R$ 5.335,00 ; R$ 5.376,00 ; R$ 5.331,00 ; R$ 5.346,50 
19/09/2025; R$ 5.338,00 ; R$ 5.351,50 ; R$ 5.328,00 ; R$ 5.346,00 
18/09/2025; R$ 5.309,50 ; R$ 5.334,00 ; R$ 5.284,50 ; R$ 5.321,00 
17/09/2025; R$ 5.317,50 ; R$ 5.329,00 ; R$ 5.291,00 ; R$ 5.327,00 
16/09/2025; R$ 5.324,50 ; R$ 5.340,00 ; R$ 5.310,00 ; R$ 5.313,00 
15/09/2025; R$ 5.369,50 ; R$ 5.371,50 ; R$ 5.329,00 ; R$ 5.337,50 
12/09/2025; R$ 5.423,00 ; R$ 5.431,50 ; R$ 5.363,50 ; R$ 5.370,50 
11/09/2025; R$ 5.435,00 ; R$ 5.449,00 ; R$ 5.399,00 ; R$ 5.414,50 
10/09/2025; R$ 5.460,50 ; R$ 5.465,00 ; R$ 5.424,00 ; R$ 5.427,50 
09/09/2025; R$ 5.450,00 ; R$ 5.472,00 ; R$ 5.441,00 ; R$ 5.460,50 
08/09/2025; R$ 5.439,00 ; R$ 5.478,50 ; R$ 5.433,00 ; R$ 5.452,00 
05/09/2025; R$ 5.463,50 ; R$ 5.472,50 ; R$ 5.415,00 ; R$ 5.444,00 
04/09/2025; R$ 5.499,50 ; R$ 5.507,00 ; R$ 5.476,50 ; R$ 5.480,50 
03/09/2025; R$ 5.499,00 ; R$ 5.504,00 ; R$ 5.469,00 ; R$ 5.484,00 
02/09/2025; R$ 5.505,00 ; R$ 5.539,00 ; R$ 5.482,50 ; R$ 5.506,00 
01/09/2025; R$ 5.463,50 ; R$ 5.489,00 ; R$ 5.454,50 ; R$ 5.477,50 
29/08/2025; R$ 5.460,00 ; R$ 5.483,00 ; R$ 5.452,00 ; R$ 5.467,00 
28/08/2025; R$ 5.417,50 ; R$ 5.434,00 ; R$ 5.398,50 ; R$ 5.420,00 
27/08/2025; R$ 5.455,00 ; R$ 5.462,50 ; R$ 5.419,50 ; R$ 5.424,50 
26/08/2025; R$ 5.410,00 ; R$ 5.456,00 ; R$ 5.405,50 ; R$ 5.439,50 
25/08/2025; R$ 5.438,50 ; R$ 5.446,50 ; R$ 5.410,50 ; R$ 5.418,50 
22/08/2025; R$ 5.486,50 ; R$ 5.488,50 ; R$ 5.423,50 ; R$ 5.437,50 
21/08/2025; R$ 5.503,00 ; R$ 5.510,50 ; R$ 5.480,00 ; R$ 5.484,50 
20/08/2025; R$ 5.513,00 ; R$ 5.519,50 ; R$ 5.476,50 ; R$ 5.492,50 
19/08/2025; R$ 5.451,50 ; R$ 5.525,00 ; R$ 5.446,00 ; R$ 5.515,50 
18/08/2025; R$ 5.422,00 ; R$ 5.460,00 ; R$ 5.422,00 ; R$ 5.456,50 
15/08/2025; R$ 5.428,00 ; R$ 5.429,50 ; R$ 5.405,50 ; R$ 5.414,00 
14/08/2025; R$ 5.425,50 ; R$ 5.455,50 ; R$ 5.417,50 ; R$ 5.434,50 
13/08/2025; R$ 5.413,00 ; R$ 5.435,00 ; R$ 5.404,00 ; R$ 5.415,00 
12/08/2025; R$ 5.468,50 ; R$ 5.470,50 ; R$ 5.411,50 ; R$ 5.428,50 
11/08/2025; R$ 5.470,00 ; R$ 5.487,50 ; R$ 5.462,00 ; R$ 5.467,50 
08/08/2025; R$ 5.457,00 ; R$ 5.473,50 ; R$ 5.445,00 ; R$ 5.462,00 
07/08/2025; R$ 5.498,00 ; R$ 5.509,00 ; R$ 5.445,50 ; R$ 5.448,00 
06/08/2025; R$ 5.538,50 ; R$ 5.545,50 ; R$ 5.492,00 ; R$ 5.493,00 
05/08/2025; R$ 5.570,50 ; R$ 5.573,00 ; R$ 5.535,00 ; R$ 5.541,50 
04/08/2025; R$ 5.572,00 ; R$ 5.583,00 ; R$ 5.531,50 ; R$ 5.559,00 
01/08/2025; R$ 5.662,00 ; R$ 5.669,50 ; R$ 5.568,00 ; R$ 5.581,00 
31/07/2025; R$ 5.610,00 ; R$ 5.668,00 ; R$ 5.606,00 ; R$ 5.649,50 
30/07/2025; R$ 5.580,50 ; R$ 5.632,00 ; R$ 5.536,00 ; R$ 5.581,00 
29/07/2025; R$ 5.604,00 ; R$ 5.607,50 ; R$ 5.562,00 ; R$ 5.580,00 
28/07/2025; R$ 5.592,50 ; R$ 5.611,50 ; R$ 5.573,50 ; R$ 5.594,50 
25/07/2025; R$ 5.540,00 ; R$ 5.581,00 ; R$ 5.528,50 ; R$ 5.568,00 
24/07/2025; R$ 5.534,50 ; R$ 5.549,00 ; R$ 5.521,50 ; R$ 5.532,50 
23/07/2025; R$ 5.575,00 ; R$ 5.588,50 ; R$ 5.520,50 ; R$ 5.521,00 
22/07/2025; R$ 5.584,50 ; R$ 5.603,50 ; R$ 5.564,00 ; R$ 5.575,00 
21/07/2025; R$ 5.610,00 ; R$ 5.626,50 ; R$ 5.565,00 ; R$ 5.581,00 
18/07/2025; R$ 5.581,00 ; R$ 5.615,00 ; R$ 5.539,50 ; R$ 5.592,50 
17/07/2025; R$ 5.601,00 ; R$ 5.629,00 ; R$ 5.556,50 ; R$ 5.567,00 
16/07/2025; R$ 5.585,00 ; R$ 5.613,50 ; R$ 5.560,00 ; R$ 5.587,00 
15/07/2025; R$ 5.599,00 ; R$ 5.627,00 ; R$ 5.556,50 ; R$ 5.574,00 
14/07/2025; R$ 5.591,50 ; R$ 5.621,50 ; R$ 5.568,50 ; R$ 5.613,00 
11/07/2025; R$ 5.579,50 ; R$ 5.619,00 ; R$ 5.567,50 ; R$ 5.590,50 
10/07/2025; R$ 5.643,50 ; R$ 5.658,00 ; R$ 5.553,00 ; R$ 5.561,50 
09/07/2025; R$ 5.488,00 ; R$ 5.638,00 ; R$ 5.478,00 ; R$ 5.608,50 
08/07/2025; R$ 5.505,50 ; R$ 5.510,50 ; R$ 5.467,00 ; R$ 5.483,50 
07/07/2025; R$ 5.474,00 ; R$ 5.526,00 ; R$ 5.470,50 ; R$ 5.520,50 
04/07/2025; R$ 5.455,50 ; R$ 5.462,00 ; R$ 5.437,50 ; R$ 5.455,50 
03/07/2025; R$ 5.465,00 ; R$ 5.482,50 ; R$ 5.437,50 ; R$ 5.448,00 
02/07/2025; R$ 5.502,00 ; R$ 5.518,50 ; R$ 5.452,50 ; R$ 5.464,50 
01/07/2025; R$ 5.467,50 ; R$ 5.509,50 ; R$ 5.457,50 ; R$ 5.495,50 
30/06/2025; R$ 5.525,50 ; R$ 5.547,50 ; R$ 5.465,00 ; R$ 5.473,50 
27/06/2025; R$ 5.489,50 ; R$ 5.507,00 ; R$ 5.461,50 ; R$ 5.482,00 
26/06/2025; R$ 5.552,00 ; R$ 5.567,00 ; R$ 5.411,50 ; R$ 5.483,00 
25/06/2025; R$ 5.517,50 ; R$ 5.579,00 ; R$ 5.515,00 ; R$ 5.562,00 
24/06/2025; R$ 5.482,00 ; R$ 5.530,00 ; R$ 5.482,00 ; R$ 5.519,50 
23/06/2025; R$ 5.545,50 ; R$ 5.552,50 ; R$ 5.501,00 ; R$ 5.505,00 
20/06/2025; R$ 5.483,00 ; R$ 5.538,00 ; R$ 5.480,00 ; R$ 5.527,00 
18/06/2025; R$ 5.506,00 ; R$ 5.524,50 ; R$ 5.488,00 ; R$ 5.496,00 
17/06/2025; R$ 5.508,00 ; R$ 5.521,00 ; R$ 5.480,00 ; R$ 5.507,50 
16/06/2025; R$ 5.543,00 ; R$ 5.553,50 ; R$ 5.498,00 ; R$ 5.498,50 
13/06/2025; R$ 5.587,00 ; R$ 5.612,00 ; R$ 5.548,50 ; R$ 5.569,00 
12/06/2025; R$ 5.550,00 ; R$ 5.579,50 ; R$ 5.544,50 ; R$ 5.553,00 
11/06/2025; R$ 5.591,00 ; R$ 5.602,00 ; R$ 5.542,50 ; R$ 5.560,00 
10/06/2025; R$ 5.581,50 ; R$ 5.601,00 ; R$ 5.561,50 ; R$ 5.592,50 
09/06/2025; R$ 5.596,50 ; R$ 5.624,50 ; R$ 5.577,50 ; R$ 5.584,00 
06/06/2025; R$ 5.624,00 ; R$ 5.645,50 ; R$ 5.585,00 ; R$ 5.592,00 
05/06/2025; R$ 5.665,00 ; R$ 5.668,50 ; R$ 5.608,00 ; R$ 5.613,00 
04/06/2025; R$ 5.670,00 ; R$ 5.684,00 ; R$ 5.641,50 ; R$ 5.662,00 
03/06/2025; R$ 5.714,00 ; R$ 5.745,00 ; R$ 5.658,50 ; R$ 5.672,00 
02/06/2025; R$ 5.737,50 ; R$ 5.745,00 ; R$ 5.701,50 ; R$ 5.713,50 
30/05/2025; R$ 5.707,00 ; R$ 5.777,50 ; R$ 5.696,00 ; R$ 5.769,00 
29/05/2025; R$ 5.700,50 ; R$ 5.706,00 ; R$ 5.645,00 ; R$ 5.668,50 
28/05/2025; R$ 5.653,00 ; R$ 5.721,00 ; R$ 5.647,00 ; R$ 5.694,00 
27/05/2025; R$ 5.665,00 ; R$ 5.677,00 ; R$ 5.640,00 ; R$ 5.643,00 
26/05/2025; R$ 5.650,00 ; R$ 5.686,00 ; R$ 5.642,00 ; R$ 5.669,00 
23/05/2025; R$ 5.740,00 ; R$ 5.752,50 ; R$ 5.650,50 ; R$ 5.659,50 
22/05/2025; R$ 5.660,50 ; R$ 5.783,50 ; R$ 5.604,50 ; R$ 5.765,00 
21/05/2025; R$ 5.683,00 ; R$ 5.691,00 ; R$ 5.652,50 ; R$ 5.657,50 
20/05/2025; R$ 5.662,50 ; R$ 5.698,50 ; R$ 5.657,50 ; R$ 5.676,50 
19/05/2025; R$ 5.676,50 ; R$ 5.708,50 ; R$ 5.650,00 ; R$ 5.663,00 
16/05/2025; R$ 5.693,00 ; R$ 5.733,00 ; R$ 5.680,00 ; R$ 5.688,00 
15/05/2025; R$ 5.654,00 ; R$ 5.719,00 ; R$ 5.635,00 ; R$ 5.703,00 
14/05/2025; R$ 5.627,00 ; R$ 5.665,00 ; R$ 5.604,50 ; R$ 5.662,50 
13/05/2025; R$ 5.686,50 ; R$ 5.699,00 ; R$ 5.619,00 ; R$ 5.638,50 
12/05/2025; R$ 5.700,00 ; R$ 5.733,00 ; R$ 5.687,00 ; R$ 5.697,50 
09/05/2025; R$ 5.697,50 ; R$ 5.698,50 ; R$ 5.666,50 ; R$ 5.679,00 
08/05/2025; R$ 5.752,00 ; R$ 5.780,50 ; R$ 5.689,50 ; R$ 5.690,50 
07/05/2025; R$ 5.740,00 ; R$ 5.795,50 ; R$ 5.730,00 ; R$ 5.772,50 
06/05/2025; R$ 5.733,00 ; R$ 5.772,00 ; R$ 5.726,50 ; R$ 5.749,50 
05/05/2025; R$ 5.691,50 ; R$ 5.739,50 ; R$ 5.664,50 ; R$ 5.733,00 
02/05/2025; R$ 5.710,00 ; R$ 5.715,00 ; R$ 5.664,00 ; R$ 5.695,00 
30/04/2025; R$ 5.663,00 ; R$ 5.727,00 ; R$ 5.644,50 ; R$ 5.710,50 
29/04/2025; R$ 5.661,50 ; R$ 5.664,00 ; R$ 5.614,00 ; R$ 5.615,50 
28/04/2025; R$ 5.700,00 ; R$ 5.702,50 ; R$ 5.648,00 ; R$ 5.657,00 
25/04/2025; R$ 5.705,50 ; R$ 5.712,00 ; R$ 5.669,00 ; R$ 5.691,50 
24/04/2025; R$ 5.711,00 ; R$ 5.711,00 ; R$ 5.667,50 ; R$ 5.688,50 
23/04/2025; R$ 5.708,00 ; R$ 5.735,00 ; R$ 5.664,00 ; R$ 5.710,00 
22/04/2025; R$ 5.804,00 ; R$ 5.810,50 ; R$ 5.725,50 ; R$ 5.730,50 
17/04/2025; R$ 5.885,50 ; R$ 5.899,50 ; R$ 5.807,00 ; R$ 5.824,00 
16/04/2025; R$ 5.880,00 ; R$ 5.929,00 ; R$ 5.865,00 ; R$ 5.878,50 
15/04/2025; R$ 5.870,00 ; R$ 5.915,50 ; R$ 5.845,00 ; R$ 5.890,00 
14/04/2025; R$ 5.859,50 ; R$ 5.888,50 ; R$ 5.841,50 ; R$ 5.874,50 
11/04/2025; R$ 5.843,00 ; R$ 5.935,50 ; R$ 5.833,00 ; R$ 5.881,00 
10/04/2025; R$ 5.879,50 ; R$ 5.975,00 ; R$ 5.842,50 ; R$ 5.898,50 
09/04/2025; R$ 6.049,50 ; R$ 6.117,50 ; R$ 5.836,00 ; R$ 5.844,00 
08/04/2025; R$ 5.898,50 ; R$ 6.042,00 ; R$ 5.883,50 ; R$ 6.037,00 
07/04/2025; R$ 5.905,00 ; R$ 5.958,50 ; R$ 5.839,50 ; R$ 5.937,00 
04/04/2025; R$ 5.726,50 ; R$ 5.884,50 ; R$ 5.724,00 ; R$ 5.883,00 
03/04/2025; R$ 5.652,50 ; R$ 5.672,00 ; R$ 5.619,50 ; R$ 5.661,50 
02/04/2025; R$ 5.710,00 ; R$ 5.742,00 ; R$ 5.675,00 ; R$ 5.719,50 
01/04/2025; R$ 5.744,00 ; R$ 5.762,00 ; R$ 5.702,00 ; R$ 5.711,00 
31/03/2025; R$ 5.797,00 ; R$ 5.817,00 ; R$ 5.730,00 ; R$ 5.731,00 
28/03/2025; R$ 5.750,50 ; R$ 5.784,00 ; R$ 5.748,00 ; R$ 5.759,50 
27/03/2025; R$ 5.729,00 ; R$ 5.775,50 ; R$ 5.726,00 ; R$ 5.744,50 
26/03/2025; R$ 5.711,00 ; R$ 5.752,50 ; R$ 5.699,00 ; R$ 5.742,00 
25/03/2025; R$ 5.761,00 ; R$ 5.761,50 ; R$ 5.684,50 ; R$ 5.706,00 
24/03/2025; R$ 5.722,50 ; R$ 5.781,50 ; R$ 5.711,50 ; R$ 5.769,50 
21/03/2025; R$ 5.699,50 ; R$ 5.748,00 ; R$ 5.692,50 ; R$ 5.738,50 
20/03/2025; R$ 5.675,00 ; R$ 5.695,00 ; R$ 5.660,00 ; R$ 5.688,50 
19/03/2025; R$ 5.698,50 ; R$ 5.704,50 ; R$ 5.645,50 ; R$ 5.663,00 
18/03/2025; R$ 5.719,00 ; R$ 5.730,50 ; R$ 5.671,00 ; R$ 5.689,00 
17/03/2025; R$ 5.756,00 ; R$ 5.761,00 ; R$ 5.683,50 ; R$ 5.705,00 
14/03/2025; R$ 5.810,00 ; R$ 5.812,00 ; R$ 5.732,00 ; R$ 5.766,00 
13/03/2025; R$ 5.843,50 ; R$ 5.858,00 ; R$ 5.813,50 ; R$ 5.823,00 
12/03/2025; R$ 5.836,00 ; R$ 5.870,00 ; R$ 5.808,00 ; R$ 5.827,00 
11/03/2025; R$ 5.864,00 ; R$ 5.873,50 ; R$ 5.828,00 ; R$ 5.834,00 
10/03/2025; R$ 5.818,00 ; R$ 5.899,00 ; R$ 5.798,00 ; R$ 5.880,50 
07/03/2025; R$ 5.788,00 ; R$ 5.827,50 ; R$ 5.780,50 ; R$ 5.814,50 
06/03/2025; R$ 5.781,00 ; R$ 5.810,50 ; R$ 5.762,00 ; R$ 5.794,50 
05/03/2025; R$ 5.871,50 ; R$ 5.873,50 ; R$ 5.768,00 ; R$ 5.771,00 
28/02/2025; R$ 5.867,00 ; R$ 5.951,00 ; R$ 5.855,00 ; R$ 5.912,00 
27/02/2025; R$ 5.819,00 ; R$ 5.843,00 ; R$ 5.797,50 ; R$ 5.833,00 
26/02/2025; R$ 5.742,50 ; R$ 5.819,00 ; R$ 5.735,00 ; R$ 5.804,00 
25/02/2025; R$ 5.768,50 ; R$ 5.816,50 ; R$ 5.742,00 ; R$ 5.742,50 
24/02/2025; R$ 5.724,00 ; R$ 5.789,50 ; R$ 5.712,50 ; R$ 5.782,00 
21/02/2025; R$ 5.711,50 ; R$ 5.743,00 ; R$ 5.700,50 ; R$ 5.739,00 
20/02/2025; R$ 5.712,00 ; R$ 5.725,00 ; R$ 5.695,00 ; R$ 5.713,00 
19/02/2025; R$ 5.712,00 ; R$ 5.741,50 ; R$ 5.691,00 ; R$ 5.731,00 
18/02/2025; R$ 5.724,00 ; R$ 5.735,00 ; R$ 5.686,00 ; R$ 5.699,50 
17/02/2025; R$ 5.724,50 ; R$ 5.734,50 ; R$ 5.707,50 ; R$ 5.725,00 
14/02/2025; R$ 5.778,50 ; R$ 5.783,50 ; R$ 5.705,00 ; R$ 5.718,00 
13/02/2025; R$ 5.775,00 ; R$ 5.814,00 ; R$ 5.770,50 ; R$ 5.776,00 
12/02/2025; R$ 5.787,00 ; R$ 5.805,00 ; R$ 5.760,00 ; R$ 5.780,00 
11/02/2025; R$ 5.818,00 ; R$ 5.826,00 ; R$ 5.776,00 ; R$ 5.781,00 
10/02/2025; R$ 5.831,50 ; R$ 5.846,00 ; R$ 5.785,50 ; R$ 5.810,00 
07/02/2025; R$ 5.796,50 ; R$ 5.837,00 ; R$ 5.758,00 ; R$ 5.830,50 
06/02/2025; R$ 5.830,50 ; R$ 5.850,00 ; R$ 5.773,50 ; R$ 5.786,50 
05/02/2025; R$ 5.787,00 ; R$ 5.844,00 ; R$ 5.775,00 ; R$ 5.818,50 
04/02/2025; R$ 5.828,50 ; R$ 5.854,50 ; R$ 5.776,50 ; R$ 5.780,00 
03/02/2025; R$ 5.897,00 ; R$ 5.935,00 ; R$ 5.823,50 ; R$ 5.837,00 
31/01/2025; R$ 5.900,00 ; R$ 5.905,00 ; R$ 5.842,00 ; R$ 5.872,50 
30/01/2025; R$ 5.864,00 ; R$ 5.957,50 ; R$ 5.850,00 ; R$ 5.877,50 
29/01/2025; R$ 5.866,00 ; R$ 5.891,00 ; R$ 5.845,00 ; R$ 5.852,00 
28/01/2025; R$ 5.916,50 ; R$ 5.925,00 ; R$ 5.860,00 ; R$ 5.864,50 
27/01/2025; R$ 5.950,50 ; R$ 5.962,00 ; R$ 5.898,50 ; R$ 5.899,50 
24/01/2025; R$ 5.912,00 ; R$ 5.932,50 ; R$ 5.875,00 ; R$ 5.918,00 
23/01/2025; R$ 5.952,00 ; R$ 5.980,00 ; R$ 5.882,50 ; R$ 5.931,00 
22/01/2025; R$ 6.023,00 ; R$ 6.030,00 ; R$ 5.925,00 ; R$ 5.951,00 
21/01/2025; R$ 6.065,00 ; R$ 6.080,00 ; R$ 6.029,00 ; R$ 6.035,00 
20/01/2025; R$ 6.080,00 ; R$ 6.100,00 ; R$ 6.035,00 ; R$ 6.035,00 
17/01/2025; R$ 6.072,00 ; R$ 6.104,50 ; R$ 6.041,50 ; R$ 6.085,00 
16/01/2025; R$ 6.040,00 ; R$ 6.086,00 ; R$ 6.011,00 ; R$ 6.064,50 
15/01/2025; R$ 6.065,00 ; R$ 6.087,00 ; R$ 6.020,00 ; R$ 6.028,00 
14/01/2025; R$ 6.113,50 ; R$ 6.113,50 ; R$ 6.060,50 ; R$ 6.080,50 
13/01/2025; R$ 6.149,50 ; R$ 6.159,00 ; R$ 6.097,50 ; R$ 6.116,50 
10/01/2025; R$ 6.064,00 ; R$ 6.150,00 ; R$ 6.055,00 ; R$ 6.128,50 
09/01/2025; R$ 6.132,00 ; R$ 6.147,50 ; R$ 6.056,00 ; R$ 6.061,00 
08/01/2025; R$ 6.151,50 ; R$ 6.182,00 ; R$ 6.127,50 ; R$ 6.130,50 
07/01/2025; R$ 6.143,00 ; R$ 6.147,00 ; R$ 6.080,50 ; R$ 6.131,00 
06/01/2025; R$ 6.176,50 ; R$ 6.183,50 ; R$ 6.121,00 ; R$ 6.140,00 
03/01/2025; R$ 6.180,00 ; R$ 6.232,00 ; R$ 6.166,50 ; R$ 6.213,50 
02/01/2025; R$ 6.219,50 ; R$ 6.261,00 ; R$ 6.175,00 ; R$ 6.185,00 
30/12/2024; R$ 6.240,00 ; R$ 6.277,50 ; R$ 6.186,50 ; R$ 6.204,00 
27/12/2024; R$ 6.200,00 ; R$ 6.218,00 ; R$ 6.172,00 ; R$ 6.198,50 
26/12/2024; R$ 6.165,00 ; R$ 6.202,00 ; R$ 6.150,50 ; R$ 6.186,00 
23/12/2024; R$ 6.123,00 ; R$ 6.206,00 ; R$ 6.113,00 ; R$ 6.201,50 
20/12/2024; R$ 6.106,00 ; R$ 6.121,50 ; R$ 6.051,00 ; R$ 6.100,50 
19/12/2024; R$ 6.250,00 ; R$ 6.308,50 ; R$ 6.112,00 ; R$ 6.164,50 
18/12/2024; R$ 6.107,50 ; R$ 6.324,50 ; R$ 6.100,00 ; R$ 6.253,50 
17/12/2024; R$ 6.155,00 ; R$ 6.217,50 ; R$ 6.067,50 ; R$ 6.114,00 
16/12/2024; R$ 6.078,50 ; R$ 6.161,00 ; R$ 6.032,50 ; R$ 6.160,50 
13/12/2024; R$ 5.992,50 ; R$ 6.085,50 ; R$ 5.980,50 ; R$ 6.048,50 
12/12/2024; R$ 5.899,00 ; R$ 6.059,00 ; R$ 5.877,00 ; R$ 5.984,50 
11/12/2024; R$ 6.080,00 ; R$ 6.084,00 ; R$ 5.948,00 ; R$ 5.965,00 
10/12/2024; R$ 6.067,00 ; R$ 6.083,50 ; R$ 6.029,50 ; R$ 6.057,50 
09/12/2024; R$ 6.092,00 ; R$ 6.104,00 ; R$ 6.050,50 ; R$ 6.092,00 
06/12/2024; R$ 6.035,00 ; R$ 6.108,50 ; R$ 5.998,50 ; R$ 6.101,50 
05/12/2024; R$ 6.049,00 ; R$ 6.052,50 ; R$ 5.975,50 ; R$ 6.030,00 
04/12/2024; R$ 6.070,00 ; R$ 6.089,50 ; R$ 6.036,00 ; R$ 6.056,00 
03/12/2024; R$ 6.068,50 ; R$ 6.113,00 ; R$ 6.049,50 ; R$ 6.059,00 
02/12/2024; R$ 6.026,00 ; R$ 6.110,50 ; R$ 6.023,00 ; R$ 6.080,50 
29/11/2024; R$ 6.025,00 ; R$ 6.138,00 ; R$ 5.977,00 ; R$ 6.008,00 
28/11/2024; R$ 5.977,50 ; R$ 6.030,00 ; R$ 5.947,00 ; R$ 6.024,00 
27/11/2024; R$ 5.806,50 ; R$ 5.966,00 ; R$ 5.805,00 ; R$ 5.963,50 
26/11/2024; R$ 5.815,50 ; R$ 5.834,50 ; R$ 5.783,00 ; R$ 5.811,00 
25/11/2024; R$ 5.790,00 ; R$ 5.824,00 ; R$ 5.779,00 ; R$ 5.801,50 
22/11/2024; R$ 5.828,00 ; R$ 5.838,00 ; R$ 5.794,00 ; R$ 5.810,00 
21/11/2024; R$ 5.790,00 ; R$ 5.840,50 ; R$ 5.788,00 ; R$ 5.822,50 
19/11/2024; R$ 5.770,00 ; R$ 5.804,00 ; R$ 5.754,00 ; R$ 5.775,50 
18/11/2024; R$ 5.785,00 ; R$ 5.808,50 ; R$ 5.744,00 ; R$ 5.754,50 
14/11/2024; R$ 5.815,00 ; R$ 5.839,00 ; R$ 5.772,00 ; R$ 5.789,50 
13/11/2024; R$ 5.740,00 ; R$ 5.829,00 ; R$ 5.733,50 ; R$ 5.817,50 
12/11/2024; R$ 5.795,00 ; R$ 5.807,00 ; R$ 5.749,00 ; R$ 5.758,00 
11/11/2024; R$ 5.787,00 ; R$ 5.827,00 ; R$ 5.759,00 ; R$ 5.772,00 
08/11/2024; R$ 5.743,50 ; R$ 5.801,50 ; R$ 5.732,50 ; R$ 5.757,00 
07/11/2024; R$ 5.707,00 ; R$ 5.735,50 ; R$ 5.645,00 ; R$ 5.707,00 
06/11/2024; R$ 5.868,00 ; R$ 5.875,00 ; R$ 5.677,00 ; R$ 5.727,00 
05/11/2024; R$ 5.800,00 ; R$ 5.820,00 ; R$ 5.753,50 ; R$ 5.765,50 
04/11/2024; R$ 5.852,50 ; R$ 5.856,00 ; R$ 5.772,00 ; R$ 5.809,00 
01/11/2024; R$ 5.805,50 ; R$ 5.904,50 ; R$ 5.779,50 ; R$ 5.895,00 
31/10/2024; R$ 5.783,00 ; R$ 5.813,50 ; R$ 5.770,00 ; R$ 5.811,50 
30/10/2024; R$ 5.762,00 ; R$ 5.792,50 ; R$ 5.754,00 ; R$ 5.767,50 
29/10/2024; R$ 5.710,00 ; R$ 5.768,00 ; R$ 5.698,00 ; R$ 5.764,50 
28/10/2024; R$ 5.705,00 ; R$ 5.722,50 ; R$ 5.687,50 ; R$ 5.714,00 
25/10/2024; R$ 5.675,00 ; R$ 5.719,00 ; R$ 5.672,50 ; R$ 5.714,00 
24/10/2024; R$ 5.688,50 ; R$ 5.724,50 ; R$ 5.665,00 ; R$ 5.671,00 
23/10/2024; R$ 5.722,00 ; R$ 5.736,50 ; R$ 5.689,00 ; R$ 5.691,00 
22/10/2024; R$ 5.691,50 ; R$ 5.723,50 ; R$ 5.680,00 ; R$ 5.698,50 
21/10/2024; R$ 5.711,00 ; R$ 5.742,50 ; R$ 5.693,50 ; R$ 5.696,50 
18/10/2024; R$ 5.644,50 ; R$ 5.711,50 ; R$ 5.637,50 ; R$ 5.708,50 
17/10/2024; R$ 5.690,50 ; R$ 5.698,50 ; R$ 5.660,50 ; R$ 5.660,50 
16/10/2024; R$ 5.665,00 ; R$ 5.710,00 ; R$ 5.640,50 ; R$ 5.679,00 
15/10/2024; R$ 5.602,50 ; R$ 5.676,00 ; R$ 5.591,50 ; R$ 5.666,00 
14/10/2024; R$ 5.627,00 ; R$ 5.664,50 ; R$ 5.575,50 ; R$ 5.597,50 
11/10/2024; R$ 5.587,50 ; R$ 5.666,50 ; R$ 5.570,50 ; R$ 5.616,00 
10/10/2024; R$ 5.595,00 ; R$ 5.618,50 ; R$ 5.580,00 ; R$ 5.598,00 
09/10/2024; R$ 5.548,00 ; R$ 5.615,00 ; R$ 5.545,00 ; R$ 5.610,00 
08/10/2024; R$ 5.521,00 ; R$ 5.557,00 ; R$ 5.511,50 ; R$ 5.551,00 
07/10/2024; R$ 5.486,00 ; R$ 5.515,00 ; R$ 5.437,00 ; R$ 5.514,00 
04/10/2024; R$ 5.490,00 ; R$ 5.538,00 ; R$ 5.465,00 ; R$ 5.465,00 
03/10/2024; R$ 5.472,50 ; R$ 5.530,00 ; R$ 5.468,00 ; R$ 5.495,00 
02/10/2024; R$ 5.435,00 ; R$ 5.469,00 ; R$ 5.422,50 ; R$ 5.459,00 
01/10/2024; R$ 5.497,00 ; R$ 5.497,50 ; R$ 5.440,00 ; R$ 5.443,50 
30/09/2024; R$ 5.449,50 ; R$ 5.493,50 ; R$ 5.422,00 ; R$ 5.471,00 
27/09/2024; R$ 5.430,00 ; R$ 5.459,00 ; R$ 5.426,50 ; R$ 5.428,00 
26/09/2024; R$ 5.445,00 ; R$ 5.456,00 ; R$ 5.406,50 ; R$ 5.438,00 
25/09/2024; R$ 5.455,50 ; R$ 5.497,50 ; R$ 5.441,00 ; R$ 5.475,00 
24/09/2024; R$ 5.522,00 ; R$ 5.530,00 ; R$ 5.448,00 ; R$ 5.453,00 
23/09/2024; R$ 5.573,00 ; R$ 5.603,50 ; R$ 5.530,00 ; R$ 5.541,00 
20/09/2024; R$ 5.439,50 ; R$ 5.529,00 ; R$ 5.423,00 ; R$ 5.519,00 
19/09/2024; R$ 5.408,00 ; R$ 5.447,50 ; R$ 5.401,50 ; R$ 5.428,00 
18/09/2024; R$ 5.483,00 ; R$ 5.503,00 ; R$ 5.417,00 ; R$ 5.467,50 
17/09/2024; R$ 5.519,00 ; R$ 5.523,50 ; R$ 5.486,00 ; R$ 5.488,00 
16/09/2024; R$ 5.572,50 ; R$ 5.590,00 ; R$ 5.506,00 ; R$ 5.513,00 
13/09/2024; R$ 5.620,00 ; R$ 5.629,50 ; R$ 5.554,00 ; R$ 5.574,50 
12/09/2024; R$ 5.659,50 ; R$ 5.688,00 ; R$ 5.625,50 ; R$ 5.635,50 
11/09/2024; R$ 5.647,00 ; R$ 5.685,50 ; R$ 5.617,50 ; R$ 5.678,00 
10/09/2024; R$ 5.588,50 ; R$ 5.684,00 ; R$ 5.581,00 ; R$ 5.676,50 
09/09/2024; R$ 5.600,00 ; R$ 5.654,00 ; R$ 5.588,00 ; R$ 5.599,00 
06/09/2024; R$ 5.592,50 ; R$ 5.616,00 ; R$ 5.543,00 ; R$ 5.614,00 
05/09/2024; R$ 5.654,00 ; R$ 5.665,00 ; R$ 5.580,00 ; R$ 5.586,00 
04/09/2024; R$ 5.661,50 ; R$ 5.677,00 ; R$ 5.631,00 ; R$ 5.657,00 
03/09/2024; R$ 5.656,00 ; R$ 5.669,00 ; R$ 5.592,00 ; R$ 5.663,50 
02/09/2024; R$ 5.642,50 ; R$ 5.677,50 ; R$ 5.620,50 ; R$ 5.632,00 
30/08/2024; R$ 5.596,00 ; R$ 5.709,50 ; R$ 5.590,00 ; R$ 5.629,50 
29/08/2024; R$ 5.559,50 ; R$ 5.664,50 ; R$ 5.557,00 ; R$ 5.629,00 
28/08/2024; R$ 5.513,50 ; R$ 5.572,00 ; R$ 5.513,00 ; R$ 5.566,50 
27/08/2024; R$ 5.484,00 ; R$ 5.522,00 ; R$ 5.479,00 ; R$ 5.512,50 
26/08/2024; R$ 5.496,50 ; R$ 5.517,00 ; R$ 5.474,50 ; R$ 5.500,00 
23/08/2024; R$ 5.589,00 ; R$ 5.589,00 ; R$ 5.479,50 ; R$ 5.484,50 
22/08/2024; R$ 5.490,00 ; R$ 5.614,00 ; R$ 5.485,50 ; R$ 5.606,50 
21/08/2024; R$ 5.478,50 ; R$ 5.516,00 ; R$ 5.464,00 ; R$ 5.484,00 
20/08/2024; R$ 5.446,00 ; R$ 5.499,00 ; R$ 5.440,50 ; R$ 5.485,00 
19/08/2024; R$ 5.480,00 ; R$ 5.481,50 ; R$ 5.384,00 ; R$ 5.414,50 
16/08/2024; R$ 5.486,00 ; R$ 5.495,00 ; R$ 5.445,50 ; R$ 5.484,50 
15/08/2024; R$ 5.478,50 ; R$ 5.505,00 ; R$ 5.460,50 ; R$ 5.495,50 
14/08/2024; R$ 5.457,00 ; R$ 5.497,00 ; R$ 5.436,50 ; R$ 5.479,00 
13/08/2024; R$ 5.484,00 ; R$ 5.513,50 ; R$ 5.458,00 ; R$ 5.468,00 
12/08/2024; R$ 5.519,50 ; R$ 5.535,50 ; R$ 5.483,50 ; R$ 5.506,00 
09/08/2024; R$ 5.548,00 ; R$ 5.567,50 ; R$ 5.504,00 ; R$ 5.521,00 
08/08/2024; R$ 5.646,00 ; R$ 5.670,00 ; R$ 5.546,00 ; R$ 5.547,50 
07/08/2024; R$ 5.632,00 ; R$ 5.655,00 ; R$ 5.611,50 ; R$ 5.654,00 
06/08/2024; R$ 5.728,50 ; R$ 5.729,50 ; R$ 5.646,50 ; R$ 5.672,50 
05/08/2024; R$ 5.880,00 ; R$ 5.883,00 ; R$ 5.730,00 ; R$ 5.736,00 
02/08/2024; R$ 5.778,00 ; R$ 5.811,50 ; R$ 5.716,50 ; R$ 5.749,00 
01/08/2024; R$ 5.690,50 ; R$ 5.774,00 ; R$ 5.651,00 ; R$ 5.770,50 
31/07/2024; R$ 5.627,00 ; R$ 5.702,00 ; R$ 5.621,50 ; R$ 5.677,50 
30/07/2024; R$ 5.617,00 ; R$ 5.664,50 ; R$ 5.610,00 ; R$ 5.611,50 
29/07/2024; R$ 5.666,50 ; R$ 5.671,00 ; R$ 5.615,00 ; R$ 5.616,00 
26/07/2024; R$ 5.620,50 ; R$ 5.676,00 ; R$ 5.619,50 ; R$ 5.669,00 
25/07/2024; R$ 5.691,00 ; R$ 5.699,50 ; R$ 5.623,50 ; R$ 5.640,50 
24/07/2024; R$ 5.605,00 ; R$ 5.666,00 ; R$ 5.602,00 ; R$ 5.659,00 
23/07/2024; R$ 5.589,50 ; R$ 5.613,00 ; R$ 5.564,00 ; R$ 5.593,00 
22/07/2024; R$ 5.600,00 ; R$ 5.617,50 ; R$ 5.542,00 ; R$ 5.578,50 
19/07/2024; R$ 5.548,00 ; R$ 5.621,50 ; R$ 5.529,50 ; R$ 5.619,00 
18/07/2024; R$ 5.492,50 ; R$ 5.598,00 ; R$ 5.489,00 ; R$ 5.558,50 
17/07/2024; R$ 5.450,00 ; R$ 5.499,00 ; R$ 5.443,00 ; R$ 5.498,50 
16/07/2024; R$ 5.446,50 ; R$ 5.472,00 ; R$ 5.415,00 ; R$ 5.434,00 
15/07/2024; R$ 5.465,00 ; R$ 5.488,00 ; R$ 5.440,00 ; R$ 5.460,00 
12/07/2024; R$ 5.437,00 ; R$ 5.477,50 ; R$ 5.427,00 ; R$ 5.440,50 
11/07/2024; R$ 5.420,50 ; R$ 5.466,50 ; R$ 5.383,00 ; R$ 5.451,00 
10/07/2024; R$ 5.419,00 ; R$ 5.439,00 ; R$ 5.384,00 ; R$ 5.429,00 
09/07/2024; R$ 5.487,00 ; R$ 5.492,00 ; R$ 5.424,00 ; R$ 5.431,50 
08/07/2024; R$ 5.470,00 ; R$ 5.509,00 ; R$ 5.469,50 ; R$ 5.487,00 
05/07/2024; R$ 5.485,00 ; R$ 5.550,00 ; R$ 5.471,50 ; R$ 5.474,00 
04/07/2024; R$ 5.529,00 ; R$ 5.532,00 ; R$ 5.483,00 ; R$ 5.498,00 
03/07/2024; R$ 5.680,50 ; R$ 5.685,50 ; R$ 5.557,50 ; R$ 5.570,50 
02/07/2024; R$ 5.674,50 ; R$ 5.717,00 ; R$ 5.646,00 ; R$ 5.693,00 
01/07/2024; R$ 5.600,00 ; R$ 5.683,00 ; R$ 5.584,50 ; R$ 5.672,50 
28/06/2024; R$ 5.509,00 ; R$ 5.618,50 ; R$ 5.502,00 ; R$ 5.611,00 
27/06/2024; R$ 5.523,00 ; R$ 5.540,00 ; R$ 5.484,00 ; R$ 5.503,00 
26/06/2024; R$ 5.467,50 ; R$ 5.537,50 ; R$ 5.460,00 ; R$ 5.530,00 
25/06/2024; R$ 5.413,50 ; R$ 5.463,00 ; R$ 5.406,50 ; R$ 5.459,00 
24/06/2024; R$ 5.433,00 ; R$ 5.440,00 ; R$ 5.378,00 ; R$ 5.396,50 
21/06/2024; R$ 5.450,00 ; R$ 5.465,50 ; R$ 5.426,00 ; R$ 5.438,00 
20/06/2024; R$ 5.383,00 ; R$ 5.473,50 ; R$ 5.383,00 ; R$ 5.454,50 
19/06/2024; R$ 5.438,50 ; R$ 5.487,50 ; R$ 5.420,00 ; R$ 5.420,50 
18/06/2024; R$ 5.440,50 ; R$ 5.450,00 ; R$ 5.396,50 ; R$ 5.445,00 
17/06/2024; R$ 5.380,00 ; R$ 5.436,00 ; R$ 5.378,00 ; R$ 5.431,50 
14/06/2024; R$ 5.385,00 ; R$ 5.394,50 ; R$ 5.352,00 ; R$ 5.382,50 
13/06/2024; R$ 5.400,50 ; R$ 5.425,00 ; R$ 5.368,50 ; R$ 5.373,00 
12/06/2024; R$ 5.379,00 ; R$ 5.438,50 ; R$ 5.345,00 ; R$ 5.412,50 
11/06/2024; R$ 5.369,00 ; R$ 5.383,00 ; R$ 5.345,50 ; R$ 5.379,00 
10/06/2024; R$ 5.356,00 ; R$ 5.399,50 ; R$ 5.325,50 ; R$ 5.365,50 
07/06/2024; R$ 5.265,50 ; R$ 5.374,50 ; R$ 5.251,50 ; R$ 5.365,50 
06/06/2024; R$ 5.305,00 ; R$ 5.320,50 ; R$ 5.252,50 ; R$ 5.271,50 
05/06/2024; R$ 5.284,50 ; R$ 5.317,00 ; R$ 5.272,00 ; R$ 5.312,00 
04/06/2024; R$ 5.273,00 ; R$ 5.309,00 ; R$ 5.261,50 ; R$ 5.303,00 
03/06/2024; R$ 5.267,50 ; R$ 5.280,50 ; R$ 5.227,00 ; R$ 5.265,00 
31/05/2024; R$ 5.212,00 ; R$ 5.271,50 ; R$ 5.208,00 ; R$ 5.261,00 
29/05/2024; R$ 5.176,50 ; R$ 5.214,00 ; R$ 5.170,00 ; R$ 5.204,50 
28/05/2024; R$ 5.166,50 ; R$ 5.169,50 ; R$ 5.135,00 ; R$ 5.164,00 
27/05/2024; R$ 5.160,00 ; R$ 5.185,00 ; R$ 5.156,00 ; R$ 5.173,50 
24/05/2024; R$ 5.140,00 ; R$ 5.176,50 ; R$ 5.131,00 ; R$ 5.172,00 
23/05/2024; R$ 5.146,00 ; R$ 5.162,00 ; R$ 5.127,00 ; R$ 5.143,50 
22/05/2024; R$ 5.140,00 ; R$ 5.166,50 ; R$ 5.136,00 ; R$ 5.154,50 
21/05/2024; R$ 5.101,00 ; R$ 5.128,00 ; R$ 5.087,00 ; R$ 5.127,50 
20/05/2024; R$ 5.108,00 ; R$ 5.134,00 ; R$ 5.094,50 ; R$ 5.107,00 
17/05/2024; R$ 5.142,00 ; R$ 5.144,00 ; R$ 5.105,00 ; R$ 5.105,00 
16/05/2024; R$ 5.146,00 ; R$ 5.146,00 ; R$ 5.111,50 ; R$ 5.140,00 
15/05/2024; R$ 5.170,00 ; R$ 5.175,00 ; R$ 5.127,00 ; R$ 5.144,00 
14/05/2024; R$ 5.156,00 ; R$ 5.169,00 ; R$ 5.131,50 ; R$ 5.133,00 
13/05/2024; R$ 5.155,00 ; R$ 5.173,00 ; R$ 5.132,00 ; R$ 5.165,50 
10/05/2024; R$ 5.148,50 ; R$ 5.173,50 ; R$ 5.127,50 ; R$ 5.173,50 
09/05/2024; R$ 5.152,50 ; R$ 5.187,50 ; R$ 5.146,50 ; R$ 5.147,00 
08/05/2024; R$ 5.086,50 ; R$ 5.118,00 ; R$ 5.086,00 ; R$ 5.099,00 
07/05/2024; R$ 5.089,50 ; R$ 5.095,00 ; R$ 5.059,50 ; R$ 5.085,00 
06/05/2024; R$ 5.075,00 ; R$ 5.103,50 ; R$ 5.072,00 ; R$ 5.090,00 
03/05/2024; R$ 5.116,00 ; R$ 5.130,00 ; R$ 5.057,50 ; R$ 5.088,00 
02/05/2024; R$ 5.173,00 ; R$ 5.173,50 ; R$ 5.114,50 ; R$ 5.127,00 
30/04/2024; R$ 5.131,50 ; R$ 5.222,00 ; R$ 5.129,50 ; R$ 5.218,00 
29/04/2024; R$ 5.110,00 ; R$ 5.124,00 ; R$ 5.103,50 ; R$ 5.120,00 
26/04/2024; R$ 5.169,50 ; R$ 5.171,00 ; R$ 5.110,00 ; R$ 5.125,00 
25/04/2024; R$ 5.155,50 ; R$ 5.196,00 ; R$ 5.111,00 ; R$ 5.165,00 
24/04/2024; R$ 5.135,50 ; R$ 5.174,00 ; R$ 5.126,00 ; R$ 5.156,50 
23/04/2024; R$ 5.176,50 ; R$ 5.192,00 ; R$ 5.122,00 ; R$ 5.135,00 
22/04/2024; R$ 5.212,00 ; R$ 5.222,00 ; R$ 5.167,50 ; R$ 5.173,00 
19/04/2024; R$ 5.276,00 ; R$ 5.283,50 ; R$ 5.190,50 ; R$ 5.212,00 
18/04/2024; R$ 5.236,50 ; R$ 5.285,00 ; R$ 5.234,50 ; R$ 5.248,00 
17/04/2024; R$ 5.288,00 ; R$ 5.290,00 ; R$ 5.225,50 ; R$ 5.238,50 
16/04/2024; R$ 5.207,00 ; R$ 5.299,50 ; R$ 5.205,00 ; R$ 5.294,50 
15/04/2024; R$ 5.117,00 ; R$ 5.223,50 ; R$ 5.112,50 ; R$ 5.193,50 
12/04/2024; R$ 5.122,50 ; R$ 5.157,50 ; R$ 5.116,50 ; R$ 5.127,50 
11/04/2024; R$ 5.083,00 ; R$ 5.104,00 ; R$ 5.068,00 ; R$ 5.102,00 
10/04/2024; R$ 5.014,00 ; R$ 5.095,50 ; R$ 5.007,00 ; R$ 5.078,00 
09/04/2024; R$ 5.035,50 ; R$ 5.037,50 ; R$ 5.010,00 ; R$ 5.016,50 
08/04/2024; R$ 5.082,00 ; R$ 5.086,50 ; R$ 5.035,00 ; R$ 5.035,50 
05/04/2024; R$ 5.065,00 ; R$ 5.087,50 ; R$ 5.041,00 ; R$ 5.080,00 
04/04/2024; R$ 5.055,00 ; R$ 5.072,00 ; R$ 5.018,50 ; R$ 5.071,00 
03/04/2024; R$ 5.084,50 ; R$ 5.105,00 ; R$ 5.048,50 ; R$ 5.058,00 
02/04/2024; R$ 5.045,00 ; R$ 5.082,50 ; R$ 5.044,50 ; R$ 5.081,00 
01/04/2024; R$ 5.024,50 ; R$ 5.086,00 ; R$ 5.024,00 ; R$ 5.068,00 
28/03/2024; R$ 5.010,00 ; R$ 5.040,00 ; R$ 4.995,50 ; R$ 5.037,00 
27/03/2024; R$ 4.972,00 ; R$ 4.995,00 ; R$ 4.971,00 ; R$ 4.994,00 
26/03/2024; R$ 4.969,50 ; R$ 4.992,50 ; R$ 4.963,00 ; R$ 4.975,00 
25/03/2024; R$ 4.993,50 ; R$ 5.005,50 ; R$ 4.971,50 ; R$ 4.973,00 
22/03/2024; R$ 4.995,00 ; R$ 5.009,50 ; R$ 4.981,50 ; R$ 5.004,00 
21/03/2024; R$ 4.957,00 ; R$ 4.987,00 ; R$ 4.955,50 ; R$ 4.976,00 
20/03/2024; R$ 5.033,00 ; R$ 5.035,00 ; R$ 4.965,50 ; R$ 4.971,00 
19/03/2024; R$ 5.047,00 ; R$ 5.057,00 ; R$ 5.011,50 ; R$ 5.032,00 
18/03/2024; R$ 4.993,00 ; R$ 5.039,50 ; R$ 4.986,50 ; R$ 5.033,50 
15/03/2024; R$ 4.992,50 ; R$ 5.005,50 ; R$ 4.986,00 ; R$ 5.003,50 
14/03/2024; R$ 4.969,00 ; R$ 5.005,00 ; R$ 4.958,00 ; R$ 5.000,00 
13/03/2024; R$ 4.970,00 ; R$ 4.992,50 ; R$ 4.967,00 ; R$ 4.973,50 
12/03/2024; R$ 4.980,00 ; R$ 5.000,00 ; R$ 4.963,50 ; R$ 4.975,50 
11/03/2024; R$ 4.990,00 ; R$ 5.007,00 ; R$ 4.967,00 ; R$ 4.985,50 
08/03/2024; R$ 4.960,00 ; R$ 5.000,00 ; R$ 4.959,50 ; R$ 4.990,00 
07/03/2024; R$ 4.947,50 ; R$ 4.953,00 ; R$ 4.941,00 ; R$ 4.944,50 
06/03/2024; R$ 4.955,00 ; R$ 4.959,50 ; R$ 4.942,50 ; R$ 4.958,00 
05/03/2024; R$ 4.964,00 ; R$ 4.973,00 ; R$ 4.950,50 ; R$ 4.966,00 
04/03/2024; R$ 4.965,00 ; R$ 4.969,50 ; R$ 4.951,50 ; R$ 4.958,50 
01/03/2024; R$ 4.973,50 ; R$ 4.987,00 ; R$ 4.958,50 ; R$ 4.968,00 
29/02/2024; R$ 4.973,00 ; R$ 5.013,00 ; R$ 4.971,50 ; R$ 4.983,00 
28/02/2024; R$ 4.943,50 ; R$ 4.975,00 ; R$ 4.941,50 ; R$ 4.965,00 
27/02/2024; R$ 4.979,00 ; R$ 4.980,00 ; R$ 4.928,50 ; R$ 4.934,50 
26/02/2024; R$ 4.986,00 ; R$ 4.997,00 ; R$ 4.971,50 ; R$ 4.985,50 
23/02/2024; R$ 4.963,00 ; R$ 4.999,50 ; R$ 4.961,00 ; R$ 4.999,00 
22/02/2024; R$ 4.930,00 ; R$ 4.969,00 ; R$ 4.922,00 ; R$ 4.964,00 
21/02/2024; R$ 4.934,50 ; R$ 4.950,00 ; R$ 4.925,00 ; R$ 4.938,50 
20/02/2024; R$ 4.968,00 ; R$ 4.969,00 ; R$ 4.929,00 ; R$ 4.930,00 
19/02/2024; R$ 4.974,00 ; R$ 4.977,00 ; R$ 4.957,00 ; R$ 4.963,00 
16/02/2024; R$ 4.976,00 ; R$ 4.995,00 ; R$ 4.965,00 ; R$ 4.974,00 
15/02/2024; R$ 4.965,00 ; R$ 4.990,00 ; R$ 4.964,00 ; R$ 4.980,50 
14/02/2024; R$ 4.979,00 ; R$ 4.987,00 ; R$ 4.971,00 ; R$ 4.976,00 
09/02/2024; R$ 4.999,00 ; R$ 5.000,00 ; R$ 4.959,00 ; R$ 4.963,00 
08/02/2024; R$ 4.985,00 ; R$ 5.012,00 ; R$ 4.982,50 ; R$ 5.004,00 
07/02/2024; R$ 4.973,00 ; R$ 4.983,00 ; R$ 4.961,00 ; R$ 4.979,00 
06/02/2024; R$ 4.987,00 ; R$ 4.991,00 ; R$ 4.960,50 ; R$ 4.974,50 
05/02/2024; R$ 4.989,00 ; R$ 5.029,00 ; R$ 4.980,50 ; R$ 4.997,00 
02/02/2024; R$ 4.923,50 ; R$ 4.988,00 ; R$ 4.915,00 ; R$ 4.984,00 
01/02/2024; R$ 4.961,00 ; R$ 4.982,00 ; R$ 4.922,50 ; R$ 4.929,00 
31/01/2024; R$ 4.961,00 ; R$ 4.979,00 ; R$ 4.937,50 ; R$ 4.961,50 
30/01/2024; R$ 4.945,00 ; R$ 4.983,00 ; R$ 4.935,50 ; R$ 4.954,00 
29/01/2024; R$ 4.919,50 ; R$ 4.961,50 ; R$ 4.908,00 ; R$ 4.955,00 
26/01/2024; R$ 4.909,50 ; R$ 4.923,50 ; R$ 4.905,50 ; R$ 4.920,00 
25/01/2024; R$ 4.934,50 ; R$ 4.946,50 ; R$ 4.911,50 ; R$ 4.920,50 
24/01/2024; R$ 4.935,00 ; R$ 4.942,50 ; R$ 4.912,50 ; R$ 4.937,00 
23/01/2024; R$ 4.992,00 ; R$ 5.007,00 ; R$ 4.952,00 ; R$ 4.957,50 
22/01/2024; R$ 4.931,50 ; R$ 4.999,50 ; R$ 4.929,50 ; R$ 4.997,50 
19/01/2024; R$ 4.923,50 ; R$ 4.947,00 ; R$ 4.910,00 ; R$ 4.938,50 
18/01/2024; R$ 4.936,00 ; R$ 4.965,00 ; R$ 4.922,00 ; R$ 4.936,50 
17/01/2024; R$ 4.957,00 ; R$ 4.963,50 ; R$ 4.932,00 ; R$ 4.947,00 
16/01/2024; R$ 4.908,00 ; R$ 4.943,50 ; R$ 4.895,50 ; R$ 4.936,00 
15/01/2024; R$ 4.850,00 ; R$ 4.897,00 ; R$ 4.850,00 ; R$ 4.871,00 
12/01/2024; R$ 4.884,00 ; R$ 4.890,00 ; R$ 4.842,00 ; R$ 4.865,50 
11/01/2024; R$ 4.903,50 ; R$ 4.907,50 ; R$ 4.871,00 ; R$ 4.883,50 
10/01/2024; R$ 4.915,00 ; R$ 4.919,50 ; R$ 4.891,00 ; R$ 4.906,50 
09/01/2024; R$ 4.895,50 ; R$ 4.924,00 ; R$ 4.890,50 ; R$ 4.919,00 
08/01/2024; R$ 4.894,50 ; R$ 4.917,00 ; R$ 4.879,00 ; R$ 4.885,00 
05/01/2024; R$ 4.927,00 ; R$ 4.958,50 ; R$ 4.876,50 ; R$ 4.890,00 
04/01/2024; R$ 4.929,50 ; R$ 4.954,50 ; R$ 4.913,00 ; R$ 4.914,00 
03/01/2024; R$ 4.957,00 ; R$ 4.957,50 ; R$ 4.917,00 ; R$ 4.939,00 
02/01/2024; R$ 4.884,00 ; R$ 4.945,00 ; R$ 4.866,00 ; R$ 4.943,00 
28/12/2023; R$ 4.838,00 ; R$ 4.889,00 ; R$ 4.835,50 ; R$ 4.867,50 
27/12/2023; R$ 4.808,00 ; R$ 4.834,00 ; R$ 4.798,50 ; R$ 4.823,00 
26/12/2023; R$ 4.848,00 ; R$ 4.858,00 ; R$ 4.809,00 ; R$ 4.809,00 
22/12/2023; R$ 4.871,50 ; R$ 4.879,00 ; R$ 4.846,50 ; R$ 4.858,00 
21/12/2023; R$ 4.887,50 ; R$ 4.899,00 ; R$ 4.863,50 ; R$ 4.886,00 
20/12/2023; R$ 4.870,00 ; R$ 4.917,00 ; R$ 4.855,00 ; R$ 4.915,00 
19/12/2023; R$ 4.889,50 ; R$ 4.896,00 ; R$ 4.849,50 ; R$ 4.866,00 
18/12/2023; R$ 4.939,50 ; R$ 4.953,00 ; R$ 4.891,50 ; R$ 4.897,00 
15/12/2023; R$ 4.913,00 ; R$ 4.954,00 ; R$ 4.906,50 ; R$ 4.940,00 
14/12/2023; R$ 4.885,00 ; R$ 4.922,00 ; R$ 4.880,50 ; R$ 4.918,50 
13/12/2023; R$ 4.967,50 ; R$ 4.981,00 ; R$ 4.918,00 ; R$ 4.920,50 
12/12/2023; R$ 4.933,50 ; R$ 4.978,50 ; R$ 4.928,00 ; R$ 4.968,50 
11/12/2023; R$ 4.942,50 ; R$ 4.966,50 ; R$ 4.936,50 ; R$ 4.945,00 
08/12/2023; R$ 4.906,00 ; R$ 4.945,00 ; R$ 4.905,00 ; R$ 4.938,00 
07/12/2023; R$ 4.907,00 ; R$ 4.925,00 ; R$ 4.890,00 ; R$ 4.923,00 
06/12/2023; R$ 4.930,00 ; R$ 4.932,00 ; R$ 4.897,50 ; R$ 4.912,00 
05/12/2023; R$ 4.964,00 ; R$ 4.979,00 ; R$ 4.934,00 ; R$ 4.941,00 
04/12/2023; R$ 4.907,00 ; R$ 4.966,00 ; R$ 4.902,50 ; R$ 4.955,00 
01/12/2023; R$ 4.925,50 ; R$ 4.950,00 ; R$ 4.881,50 ; R$ 4.894,00 
30/11/2023; R$ 4.929,50 ; R$ 4.960,00 ; R$ 4.928,50 ; R$ 4.943,50 
29/11/2023; R$ 4.874,00 ; R$ 4.907,00 ; R$ 4.864,50 ; R$ 4.905,00 
28/11/2023; R$ 4.898,50 ; R$ 4.909,50 ; R$ 4.858,50 ; R$ 4.872,00 
27/11/2023; R$ 4.902,00 ; R$ 4.923,00 ; R$ 4.873,00 ; R$ 4.898,50 
24/11/2023; R$ 4.903,50 ; R$ 4.908,50 ; R$ 4.885,00 ; R$ 4.899,50 
23/11/2023; R$ 4.904,00 ; R$ 4.913,00 ; R$ 4.890,50 ; R$ 4.910,00 
22/11/2023; R$ 4.904,50 ; R$ 4.924,00 ; R$ 4.881,50 ; R$ 4.910,50 
21/11/2023; R$ 4.856,50 ; R$ 4.911,50 ; R$ 4.847,50 ; R$ 4.903,50 
20/11/2023; R$ 4.901,00 ; R$ 4.911,00 ; R$ 4.851,50 ; R$ 4.855,00 
17/11/2023; R$ 4.862,00 ; R$ 4.918,50 ; R$ 4.858,00 ; R$ 4.912,00 
16/11/2023; R$ 4.871,50 ; R$ 4.895,00 ; R$ 4.845,00 ; R$ 4.870,50 
14/11/2023; R$ 4.908,00 ; R$ 4.916,00 ; R$ 4.856,50 ; R$ 4.876,00 
13/11/2023; R$ 4.920,00 ; R$ 4.952,50 ; R$ 4.915,50 ; R$ 4.917,50 
10/11/2023; R$ 4.945,00 ; R$ 4.966,00 ; R$ 4.912,00 ; R$ 4.913,00 
09/11/2023; R$ 4.921,50 ; R$ 4.959,50 ; R$ 4.904,50 ; R$ 4.947,00 
08/11/2023; R$ 4.900,50 ; R$ 4.929,50 ; R$ 4.883,00 ; R$ 4.922,50 
07/11/2023; R$ 4.919,00 ; R$ 4.923,00 ; R$ 4.871,50 ; R$ 4.885,00 
06/11/2023; R$ 4.909,00 ; R$ 4.926,50 ; R$ 4.895,50 ; R$ 4.900,50 
03/11/2023; R$ 4.951,50 ; R$ 4.951,50 ; R$ 4.892,00 ; R$ 4.918,00 
01/11/2023; R$ 5.054,00 ; R$ 5.064,00 ; R$ 4.969,50 ; R$ 4.971,00 
31/10/2023; R$ 5.045,00 ; R$ 5.089,00 ; R$ 5.027,50 ; R$ 5.054,50 
30/10/2023; R$ 4.995,00 ; R$ 5.060,50 ; R$ 4.973,00 ; R$ 5.050,00 
27/10/2023; R$ 4.990,00 ; R$ 5.021,50 ; R$ 4.932,50 ; R$ 5.018,50 
26/10/2023; R$ 5.005,50 ; R$ 5.022,50 ; R$ 4.990,00 ; R$ 4.990,00 
25/10/2023; R$ 5.002,00 ; R$ 5.023,00 ; R$ 4.990,00 ; R$ 4.998,00 
24/10/2023; R$ 5.021,00 ; R$ 5.035,50 ; R$ 4.994,00 ; R$ 4.998,50 
23/10/2023; R$ 5.055,00 ; R$ 5.060,50 ; R$ 5.002,00 ; R$ 5.021,00 
20/10/2023; R$ 5.066,50 ; R$ 5.107,00 ; R$ 5.033,00 ; R$ 5.040,00 
19/10/2023; R$ 5.087,00 ; R$ 5.093,50 ; R$ 5.029,00 ; R$ 5.075,50 
18/10/2023; R$ 5.065,00 ; R$ 5.085,00 ; R$ 5.038,00 ; R$ 5.070,00 
17/10/2023; R$ 5.060,00 ; R$ 5.076,50 ; R$ 5.020,00 ; R$ 5.052,50 
16/10/2023; R$ 5.066,00 ; R$ 5.084,00 ; R$ 5.044,50 ; R$ 5.052,00 
13/10/2023; R$ 5.080,50 ; R$ 5.116,00 ; R$ 5.058,50 ; R$ 5.093,00 
11/10/2023; R$ 5.058,00 ; R$ 5.086,50 ; R$ 5.043,50 ; R$ 5.063,50 
10/10/2023; R$ 5.155,00 ; R$ 5.157,00 ; R$ 5.063,00 ; R$ 5.071,00 
09/10/2023; R$ 5.192,00 ; R$ 5.199,50 ; R$ 5.138,00 ; R$ 5.152,50 
06/10/2023; R$ 5.181,50 ; R$ 5.237,00 ; R$ 5.160,50 ; R$ 5.163,00 
05/10/2023; R$ 5.185,00 ; R$ 5.206,00 ; R$ 5.167,50 ; R$ 5.185,00 
04/10/2023; R$ 5.162,00 ; R$ 5.197,00 ; R$ 5.142,50 ; R$ 5.173,00 
03/10/2023; R$ 5.099,00 ; R$ 5.192,50 ; R$ 5.090,00 ; R$ 5.187,50 
02/10/2023; R$ 5.088,00 ; R$ 5.100,00 ; R$ 5.057,50 ; R$ 5.083,00 
29/09/2023; R$ 5.038,50 ; R$ 5.057,00 ; R$ 5.009,50 ; R$ 5.057,00 
28/09/2023; R$ 5.040,00 ; R$ 5.070,50 ; R$ 5.015,50 ; R$ 5.034,50 
27/09/2023; R$ 4.987,00 ; R$ 5.079,50 ; R$ 4.987,00 ; R$ 5.044,00 
26/09/2023; R$ 4.977,00 ; R$ 4.996,00 ; R$ 4.954,00 ; R$ 4.989,50 
25/09/2023; R$ 4.949,00 ; R$ 4.978,00 ; R$ 4.940,50 ; R$ 4.972,00 
22/09/2023; R$ 4.920,00 ; R$ 4.942,50 ; R$ 4.908,50 ; R$ 4.940,50 
21/09/2023; R$ 4.902,00 ; R$ 4.945,50 ; R$ 4.897,00 ; R$ 4.943,00 
20/09/2023; R$ 4.865,00 ; R$ 4.889,00 ; R$ 4.848,50 ; R$ 4.886,50 
19/09/2023; R$ 4.855,50 ; R$ 4.883,50 ; R$ 4.848,00 ; R$ 4.875,50 
18/09/2023; R$ 4.884,00 ; R$ 4.887,50 ; R$ 4.850,50 ; R$ 4.866,50 
15/09/2023; R$ 4.877,50 ; R$ 4.890,00 ; R$ 4.870,00 ; R$ 4.880,00 
14/09/2023; R$ 4.929,50 ; R$ 4.934,00 ; R$ 4.874,00 ; R$ 4.880,00 
13/09/2023; R$ 4.967,50 ; R$ 4.979,00 ; R$ 4.906,00 ; R$ 4.928,00 
12/09/2023; R$ 4.958,00 ; R$ 4.981,00 ; R$ 4.948,00 ; R$ 4.960,50 
11/09/2023; R$ 4.977,00 ; R$ 4.987,50 ; R$ 4.935,50 ; R$ 4.944,00 
08/09/2023; R$ 5.001,50 ; R$ 5.011,50 ; R$ 4.983,00 ; R$ 5.005,00 
06/09/2023; R$ 4.994,00 ; R$ 5.014,00 ; R$ 4.973,00 ; R$ 4.999,00 
05/09/2023; R$ 4.982,00 ; R$ 5.005,00 ; R$ 4.974,00 ; R$ 4.987,50 
04/09/2023; R$ 4.955,00 ; R$ 4.963,00 ; R$ 4.927,50 ; R$ 4.959,00 
01/09/2023; R$ 4.962,00 ; R$ 4.972,00 ; R$ 4.920,00 ; R$ 4.967,50 
31/08/2023; R$ 4.903,50 ; R$ 4.982,00 ; R$ 4.885,00 ; R$ 4.974,50 
30/08/2023; R$ 4.862,00 ; R$ 4.895,00 ; R$ 4.844,00 ; R$ 4.895,00 
29/08/2023; R$ 4.883,00 ; R$ 4.905,00 ; R$ 4.852,00 ; R$ 4.857,50 
28/08/2023; R$ 4.880,50 ; R$ 4.915,00 ; R$ 4.869,00 ; R$ 4.878,50 
25/08/2023; R$ 4.887,00 ; R$ 4.906,50 ; R$ 4.863,00 ; R$ 4.877,00 
24/08/2023; R$ 4.879,00 ; R$ 4.894,00 ; R$ 4.862,00 ; R$ 4.890,00 
23/08/2023; R$ 4.935,00 ; R$ 4.949,00 ; R$ 4.853,00 ; R$ 4.865,00 
22/08/2023; R$ 4.975,00 ; R$ 4.975,00 ; R$ 4.934,50 ; R$ 4.948,50 
21/08/2023; R$ 4.980,00 ; R$ 5.007,50 ; R$ 4.969,00 ; R$ 4.992,00 
18/08/2023; R$ 4.992,50 ; R$ 5.014,50 ; R$ 4.970,00 ; R$ 4.982,00 
17/08/2023; R$ 4.987,00 ; R$ 5.011,50 ; R$ 4.973,50 ; R$ 4.991,00 
16/08/2023; R$ 4.990,50 ; R$ 5.007,00 ; R$ 4.965,00 ; R$ 5.003,00 
15/08/2023; R$ 4.993,00 ; R$ 5.014,00 ; R$ 4.975,00 ; R$ 5.001,50 
14/08/2023; R$ 4.932,00 ; R$ 4.988,50 ; R$ 4.928,50 ; R$ 4.978,50 
11/08/2023; R$ 4.894,00 ; R$ 4.928,50 ; R$ 4.881,00 ; R$ 4.926,00 
10/08/2023; R$ 4.909,50 ; R$ 4.915,00 ; R$ 4.860,50 ; R$ 4.912,50 
09/08/2023; R$ 4.914,50 ; R$ 4.936,00 ; R$ 4.894,00 ; R$ 4.922,00 
08/08/2023; R$ 4.954,50 ; R$ 4.963,00 ; R$ 4.911,00 ; R$ 4.923,00 
07/08/2023; R$ 4.895,00 ; R$ 4.937,50 ; R$ 4.891,00 ; R$ 4.923,50 
04/08/2023; R$ 4.945,00 ; R$ 4.949,00 ; R$ 4.870,50 ; R$ 4.898,00 
03/08/2023; R$ 4.871,00 ; R$ 4.948,00 ; R$ 4.868,00 ; R$ 4.945,00 
02/08/2023; R$ 4.827,00 ; R$ 4.848,00 ; R$ 4.807,00 ; R$ 4.836,50 
01/08/2023; R$ 4.755,00 ; R$ 4.827,50 ; R$ 4.755,00 ; R$ 4.820,00 
31/07/2023; R$ 4.761,00 ; R$ 4.788,50 ; R$ 4.741,50 ; R$ 4.753,00 
28/07/2023; R$ 4.729,50 ; R$ 4.744,00 ; R$ 4.697,00 ; R$ 4.736,50 
27/07/2023; R$ 4.726,50 ; R$ 4.762,50 ; R$ 4.711,50 ; R$ 4.745,50 
26/07/2023; R$ 4.747,00 ; R$ 4.758,00 ; R$ 4.725,00 ; R$ 4.739,00 
25/07/2023; R$ 4.731,00 ; R$ 4.764,50 ; R$ 4.722,50 ; R$ 4.759,00 
24/07/2023; R$ 4.778,00 ; R$ 4.788,50 ; R$ 4.729,00 ; R$ 4.735,00 
21/07/2023; R$ 4.828,00 ; R$ 4.830,00 ; R$ 4.767,50 ; R$ 4.789,00 
20/07/2023; R$ 4.801,00 ; R$ 4.821,00 ; R$ 4.778,00 ; R$ 4.805,50 
19/07/2023; R$ 4.827,00 ; R$ 4.832,50 ; R$ 4.791,00 ; R$ 4.800,50 
18/07/2023; R$ 4.818,00 ; R$ 4.839,00 ; R$ 4.806,50 ; R$ 4.824,50 
17/07/2023; R$ 4.815,00 ; R$ 4.863,00 ; R$ 4.810,50 ; R$ 4.820,00 
14/07/2023; R$ 4.818,50 ; R$ 4.829,50 ; R$ 4.790,50 ; R$ 4.805,50 
13/07/2023; R$ 4.816,00 ; R$ 4.843,50 ; R$ 4.802,50 ; R$ 4.813,00 
12/07/2023; R$ 4.867,50 ; R$ 4.878,00 ; R$ 4.801,00 ; R$ 4.835,00 
11/07/2023; R$ 4.916,50 ; R$ 4.941,50 ; R$ 4.870,00 ; R$ 4.874,00 
10/07/2023; R$ 4.888,00 ; R$ 4.923,50 ; R$ 4.875,50 ; R$ 4.921,50 
07/07/2023; R$ 4.942,00 ; R$ 4.959,00 ; R$ 4.869,00 ; R$ 4.894,00 
06/07/2023; R$ 4.870,50 ; R$ 4.973,50 ; R$ 4.863,50 ; R$ 4.942,50 
05/07/2023; R$ 4.868,00 ; R$ 4.893,00 ; R$ 4.857,50 ; R$ 4.872,50 
04/07/2023; R$ 4.823,00 ; R$ 4.873,50 ; R$ 4.807,00 ; R$ 4.865,00 
03/07/2023; R$ 4.821,00 ; R$ 4.835,50 ; R$ 4.783,50 ; R$ 4.832,50 
30/06/2023; R$ 4.886,00 ; R$ 4.895,50 ; R$ 4.808,00 ; R$ 4.811,00 
29/06/2023; R$ 4.848,00 ; R$ 4.876,00 ; R$ 4.831,00 ; R$ 4.862,00 
28/06/2023; R$ 4.817,50 ; R$ 4.871,50 ; R$ 4.811,00 ; R$ 4.853,50 
27/06/2023; R$ 4.771,00 ; R$ 4.818,00 ; R$ 4.752,50 ; R$ 4.815,00 
26/06/2023; R$ 4.785,00 ; R$ 4.786,50 ; R$ 4.761,50 ; R$ 4.772,50 
23/06/2023; R$ 4.795,50 ; R$ 4.812,50 ; R$ 4.770,50 ; R$ 4.792,50 
22/06/2023; R$ 4.773,00 ; R$ 4.795,00 ; R$ 4.758,00 ; R$ 4.778,50 
21/06/2023; R$ 4.800,00 ; R$ 4.823,00 ; R$ 4.768,50 ; R$ 4.768,50 
20/06/2023; R$ 4.795,50 ; R$ 4.817,00 ; R$ 4.783,00 ; R$ 4.799,50 
19/06/2023; R$ 4.835,00 ; R$ 4.842,00 ; R$ 4.770,00 ; R$ 4.788,50 
16/06/2023; R$ 4.823,50 ; R$ 4.861,50 ; R$ 4.819,50 ; R$ 4.829,50 
15/06/2023; R$ 4.840,00 ; R$ 4.858,50 ; R$ 4.808,50 ; R$ 4.826,50 
14/06/2023; R$ 4.875,00 ; R$ 4.883,00 ; R$ 4.811,50 ; R$ 4.832,50 
13/06/2023; R$ 4.885,00 ; R$ 4.896,50 ; R$ 4.865,00 ; R$ 4.880,00 
12/06/2023; R$ 4.901,50 ; R$ 4.919,50 ; R$ 4.880,50 ; R$ 4.881,00 
09/06/2023; R$ 4.936,00 ; R$ 4.948,50 ; R$ 4.875,50 ; R$ 4.898,00 
07/06/2023; R$ 4.930,00 ; R$ 4.954,50 ; R$ 4.922,50 ; R$ 4.952,00 
06/06/2023; R$ 4.956,50 ; R$ 4.979,00 ; R$ 4.923,00 ; R$ 4.935,00 
05/06/2023; R$ 5.000,00 ; R$ 5.001,00 ; R$ 4.936,50 ; R$ 4.958,00 
02/06/2023; R$ 5.030,00 ; R$ 5.031,00 ; R$ 4.972,00 ; R$ 4.985,00 
01/06/2023; R$ 5.067,00 ; R$ 5.086,00 ; R$ 5.032,00 ; R$ 5.044,00 
31/05/2023; R$ 5.085,00 ; R$ 5.156,00 ; R$ 5.080,00 ; R$ 5.083,00 
30/05/2023; R$ 5.010,00 ; R$ 5.071,00 ; R$ 5.002,00 ; R$ 5.040,50 
29/05/2023; R$ 5.005,00 ; R$ 5.024,00 ; R$ 4.977,00 ; R$ 5.022,50 
26/05/2023; R$ 5.020,50 ; R$ 5.036,00 ; R$ 4.982,50 ; R$ 5.002,00 
25/05/2023; R$ 4.958,50 ; R$ 5.049,00 ; R$ 4.949,50 ; R$ 5.041,50 
24/05/2023; R$ 4.971,00 ; R$ 4.971,50 ; R$ 4.941,50 ; R$ 4.966,00 
23/05/2023; R$ 4.989,00 ; R$ 5.003,00 ; R$ 4.958,50 ; R$ 4.981,00 
22/05/2023; R$ 5.009,50 ; R$ 5.016,00 ; R$ 4.963,00 ; R$ 4.978,50 
19/05/2023; R$ 4.965,50 ; R$ 5.015,50 ; R$ 4.956,50 ; R$ 5.010,00 
18/05/2023; R$ 4.963,50 ; R$ 4.994,50 ; R$ 4.961,50 ; R$ 4.980,00 
17/05/2023; R$ 4.955,00 ; R$ 4.984,50 ; R$ 4.935,50 ; R$ 4.953,00 
16/05/2023; R$ 4.909,00 ; R$ 4.968,50 ; R$ 4.901,50 ; R$ 4.955,00 
15/05/2023; R$ 4.938,00 ; R$ 4.949,00 ; R$ 4.902,00 ; R$ 4.910,50 
12/05/2023; R$ 4.953,00 ; R$ 4.975,00 ; R$ 4.924,50 ; R$ 4.939,50 
11/05/2023; R$ 4.977,00 ; R$ 5.004,50 ; R$ 4.946,00 ; R$ 4.952,00 
10/05/2023; R$ 5.008,50 ; R$ 5.013,50 ; R$ 4.960,00 ; R$ 4.966,00 
09/05/2023; R$ 5.031,00 ; R$ 5.060,00 ; R$ 4.995,50 ; R$ 5.009,50 
08/05/2023; R$ 4.978,00 ; R$ 5.042,00 ; R$ 4.966,00 ; R$ 5.034,00 
05/05/2023; R$ 5.008,50 ; R$ 5.034,00 ; R$ 4.951,00 ; R$ 4.978,50 
04/05/2023; R$ 5.005,00 ; R$ 5.061,50 ; R$ 4.995,50 ; R$ 5.012,50 
03/05/2023; R$ 5.046,00 ; R$ 5.080,00 ; R$ 5.008,50 ; R$ 5.023,00 
02/05/2023; R$ 5.029,00 ; R$ 5.083,00 ; R$ 5.022,50 ; R$ 5.067,50 
28/04/2023; R$ 5.023,50 ; R$ 5.050,00 ; R$ 5.010,50 ; R$ 5.016,00 
27/04/2023; R$ 5.040,00 ; R$ 5.050,00 ; R$ 4.972,00 ; R$ 4.975,00 
26/04/2023; R$ 5.050,00 ; R$ 5.075,00 ; R$ 5.037,00 ; R$ 5.047,50 
25/04/2023; R$ 5.050,50 ; R$ 5.087,00 ; R$ 5.033,00 ; R$ 5.064,00 
24/04/2023; R$ 5.074,00 ; R$ 5.090,50 ; R$ 5.038,00 ; R$ 5.039,50 
20/04/2023; R$ 5.091,50 ; R$ 5.092,50 ; R$ 5.042,00 ; R$ 5.056,00 
19/04/2023; R$ 5.019,50 ; R$ 5.097,00 ; R$ 5.012,50 ; R$ 5.083,00 
18/04/2023; R$ 4.927,50 ; R$ 5.004,50 ; R$ 4.918,50 ; R$ 4.993,50 
17/04/2023; R$ 4.930,00 ; R$ 4.967,00 ; R$ 4.909,00 ; R$ 4.950,50 
14/04/2023; R$ 4.947,50 ; R$ 4.975,50 ; R$ 4.902,50 ; R$ 4.919,00 
13/04/2023; R$ 4.936,00 ; R$ 4.952,00 ; R$ 4.905,50 ; R$ 4.940,00 
12/04/2023; R$ 5.026,50 ; R$ 5.028,00 ; R$ 4.927,50 ; R$ 4.933,50 
11/04/2023; R$ 5.070,00 ; R$ 5.075,50 ; R$ 5.003,00 ; R$ 5.021,50 
10/04/2023; R$ 5.074,00 ; R$ 5.109,50 ; R$ 5.055,50 ; R$ 5.087,50 
06/04/2023; R$ 5.063,00 ; R$ 5.101,50 ; R$ 5.058,50 ; R$ 5.078,50 
05/04/2023; R$ 5.092,00 ; R$ 5.097,50 ; R$ 5.031,50 ; R$ 5.058,00 
04/04/2023; R$ 5.074,00 ; R$ 5.120,00 ; R$ 5.071,50 ; R$ 5.092,00 
03/04/2023; R$ 5.078,50 ; R$ 5.104,00 ; R$ 5.063,00 ; R$ 5.089,00 
31/03/2023; R$ 5.133,00 ; R$ 5.133,00 ; R$ 5.079,00 ; R$ 5.087,50 
30/03/2023; R$ 5.106,00 ; R$ 5.162,50 ; R$ 5.070,00 ; R$ 5.096,00 
29/03/2023; R$ 5.166,00 ; R$ 5.185,00 ; R$ 5.128,50 ; R$ 5.139,00 
28/03/2023; R$ 5.199,00 ; R$ 5.199,00 ; R$ 5.151,00 ; R$ 5.169,00 
27/03/2023; R$ 5.256,00 ; R$ 5.257,00 ; R$ 5.198,50 ; R$ 5.203,50 
24/03/2023; R$ 5.330,00 ; R$ 5.349,00 ; R$ 5.246,00 ; R$ 5.255,00 
23/03/2023; R$ 5.215,50 ; R$ 5.310,00 ; R$ 5.212,00 ; R$ 5.306,50 
22/03/2023; R$ 5.256,50 ; R$ 5.289,00 ; R$ 5.213,50 ; R$ 5.251,50 
21/03/2023; R$ 5.236,50 ; R$ 5.266,00 ; R$ 5.228,00 ; R$ 5.254,50 
20/03/2023; R$ 5.286,00 ; R$ 5.297,50 ; R$ 5.246,00 ; R$ 5.251,50 
17/03/2023; R$ 5.255,00 ; R$ 5.300,00 ; R$ 5.247,50 ; R$ 5.294,00 
16/03/2023; R$ 5.295,00 ; R$ 5.329,00 ; R$ 5.242,00 ; R$ 5.245,50 
15/03/2023; R$ 5.325,00 ; R$ 5.347,00 ; R$ 5.289,00 ; R$ 5.306,50 
14/03/2023; R$ 5.256,00 ; R$ 5.281,00 ; R$ 5.239,50 ; R$ 5.273,50 
13/03/2023; R$ 5.236,50 ; R$ 5.303,50 ; R$ 5.232,00 ; R$ 5.267,00 
10/03/2023; R$ 5.175,00 ; R$ 5.245,00 ; R$ 5.175,00 ; R$ 5.235,00 
09/03/2023; R$ 5.159,00 ; R$ 5.194,50 ; R$ 5.133,50 ; R$ 5.187,50 
08/03/2023; R$ 5.208,50 ; R$ 5.212,00 ; R$ 5.126,00 ; R$ 5.168,50 
07/03/2023; R$ 5.196,50 ; R$ 5.233,00 ; R$ 5.182,00 ; R$ 5.219,00 
06/03/2023; R$ 5.238,00 ; R$ 5.247,00 ; R$ 5.180,50 ; R$ 5.186,00 
03/03/2023; R$ 5.225,50 ; R$ 5.261,00 ; R$ 5.213,50 ; R$ 5.227,00 
02/03/2023; R$ 5.225,00 ; R$ 5.260,50 ; R$ 5.213,00 ; R$ 5.240,50 
01/03/2023; R$ 5.252,50 ; R$ 5.264,00 ; R$ 5.207,00 ; R$ 5.211,50 
28/02/2023; R$ 5.232,00 ; R$ 5.280,50 ; R$ 5.213,00 ; R$ 5.271,00 
27/02/2023; R$ 5.192,00 ; R$ 5.215,00 ; R$ 5.172,50 ; R$ 5.202,50 
24/02/2023; R$ 5.162,50 ; R$ 5.219,50 ; R$ 5.151,50 ; R$ 5.215,50 
23/02/2023; R$ 5.148,00 ; R$ 5.181,00 ; R$ 5.115,50 ; R$ 5.142,50 
22/02/2023; R$ 5.192,00 ; R$ 5.219,00 ; R$ 5.157,50 ; R$ 5.160,00 
17/02/2023; R$ 5.243,50 ; R$ 5.262,00 ; R$ 5.157,50 ; R$ 5.175,50 
16/02/2023; R$ 5.215,00 ; R$ 5.270,50 ; R$ 5.206,50 ; R$ 5.228,00 
15/02/2023; R$ 5.209,50 ; R$ 5.249,50 ; R$ 5.201,00 ; R$ 5.228,00 
14/02/2023; R$ 5.167,00 ; R$ 5.240,00 ; R$ 5.140,00 ; R$ 5.203,50 
13/02/2023; R$ 5.238,00 ; R$ 5.242,50 ; R$ 5.170,00 ; R$ 5.171,50 
10/02/2023; R$ 5.321,00 ; R$ 5.323,50 ; R$ 5.224,00 ; R$ 5.232,00 
09/02/2023; R$ 5.200,00 ; R$ 5.309,50 ; R$ 5.189,00 ; R$ 5.309,00 
08/02/2023; R$ 5.210,00 ; R$ 5.262,50 ; R$ 5.183,00 ; R$ 5.217,50 
07/02/2023; R$ 5.160,00 ; R$ 5.237,00 ; R$ 5.151,00 ; R$ 5.232,50 
06/02/2023; R$ 5.181,50 ; R$ 5.233,50 ; R$ 5.158,50 ; R$ 5.166,50 
03/02/2023; R$ 5.119,50 ; R$ 5.184,00 ; R$ 5.070,50 ; R$ 5.176,00 
02/02/2023; R$ 5.053,00 ; R$ 5.079,00 ; R$ 4.963,50 ; R$ 5.074,00 
01/02/2023; R$ 5.085,00 ; R$ 5.135,50 ; R$ 5.066,50 ; R$ 5.077,00 
31/01/2023; R$ 5.166,50 ; R$ 5.166,50 ; R$ 5.096,00 ; R$ 5.098,50 
30/01/2023; R$ 5.123,00 ; R$ 5.136,00 ; R$ 5.085,00 ; R$ 5.120,00 
27/01/2023; R$ 5.092,50 ; R$ 5.120,50 ; R$ 5.060,00 ; R$ 5.111,00 
26/01/2023; R$ 5.079,00 ; R$ 5.123,00 ; R$ 5.064,00 ; R$ 5.076,50 
25/01/2023; R$ 5.157,50 ; R$ 5.158,50 ; R$ 5.074,50 ; R$ 5.081,00 
24/01/2023; R$ 5.221,00 ; R$ 5.228,50 ; R$ 5.142,50 ; R$ 5.147,00 
23/01/2023; R$ 5.220,50 ; R$ 5.230,50 ; R$ 5.173,50 ; R$ 5.219,00 
20/01/2023; R$ 5.185,50 ; R$ 5.250,50 ; R$ 5.176,00 ; R$ 5.220,50 
19/01/2023; R$ 5.260,00 ; R$ 5.269,00 ; R$ 5.176,50 ; R$ 5.182,00 
18/01/2023; R$ 5.106,00 ; R$ 5.202,50 ; R$ 5.078,00 ; R$ 5.200,00 
17/01/2023; R$ 5.169,50 ; R$ 5.173,50 ; R$ 5.110,50 ; R$ 5.114,50 
16/01/2023; R$ 5.139,00 ; R$ 5.179,00 ; R$ 5.110,00 ; R$ 5.166,00 
13/01/2023; R$ 5.129,50 ; R$ 5.172,50 ; R$ 5.096,00 ; R$ 5.111,50 
12/01/2023; R$ 5.188,00 ; R$ 5.206,50 ; R$ 5.088,00 ; R$ 5.127,00 
11/01/2023; R$ 5.224,50 ; R$ 5.256,00 ; R$ 5.181,00 ; R$ 5.182,50 
10/01/2023; R$ 5.281,00 ; R$ 5.300,00 ; R$ 5.221,00 ; R$ 5.225,00 
09/01/2023; R$ 5.305,00 ; R$ 5.334,00 ; R$ 5.271,50 ; R$ 5.281,00 
06/01/2023; R$ 5.390,00 ; R$ 5.397,50 ; R$ 5.245,00 ; R$ 5.259,50 
05/01/2023; R$ 5.454,00 ; R$ 5.459,50 ; R$ 5.378,00 ; R$ 5.381,00 
04/01/2023; R$ 5.475,00 ; R$ 5.509,00 ; R$ 5.455,50 ; R$ 5.462,00 
03/01/2023; R$ 5.423,00 ; R$ 5.509,50 ; R$ 5.370,50 ; R$ 5.504,50 
02/01/2023; R$ 5.327,00 ; R$ 5.400,00 ; R$ 5.320,50 ; R$ 5.400,00 
29/12/2022; R$ 5.280,00 ; R$ 5.338,00 ; R$ 5.225,00 ; R$ 5.321,50 
28/12/2022; R$ 5.266,50 ; R$ 5.289,50 ; R$ 5.228,50 ; R$ 5.270,50 
27/12/2022; R$ 5.196,50 ; R$ 5.303,50 ; R$ 5.195,00 ; R$ 5.296,50 
26/12/2022; R$ 5.161,50 ; R$ 5.226,50 ; R$ 5.155,50 ; R$ 5.221,00 
23/12/2022; R$ 5.178,00 ; R$ 5.183,00 ; R$ 5.121,00 ; R$ 5.161,50 
22/12/2022; R$ 5.215,00 ; R$ 5.231,50 ; R$ 5.165,50 ; R$ 5.172,00 
21/12/2022; R$ 5.209,00 ; R$ 5.228,00 ; R$ 5.166,50 ; R$ 5.205,00 
20/12/2022; R$ 5.308,00 ; R$ 5.335,50 ; R$ 5.185,00 ; R$ 5.209,50 
19/12/2022; R$ 5.350,00 ; R$ 5.353,00 ; R$ 5.302,00 ; R$ 5.311,50 
16/12/2022; R$ 5.332,00 ; R$ 5.347,50 ; R$ 5.278,00 ; R$ 5.332,50 
15/12/2022; R$ 5.347,50 ; R$ 5.365,50 ; R$ 5.298,50 ; R$ 5.330,50 
14/12/2022; R$ 5.334,50 ; R$ 5.390,50 ; R$ 5.291,50 ; R$ 5.307,00 
13/12/2022; R$ 5.341,50 ; R$ 5.356,00 ; R$ 5.262,00 ; R$ 5.320,00 
12/12/2022; R$ 5.262,50 ; R$ 5.372,50 ; R$ 5.254,00 ; R$ 5.349,00 
09/12/2022; R$ 5.254,00 ; R$ 5.307,00 ; R$ 5.240,00 ; R$ 5.260,00 
08/12/2022; R$ 5.254,50 ; R$ 5.277,00 ; R$ 5.216,00 ; R$ 5.257,00 
07/12/2022; R$ 5.291,00 ; R$ 5.303,00 ; R$ 5.208,00 ; R$ 5.230,00 
06/12/2022; R$ 5.301,00 ; R$ 5.301,50 ; R$ 5.246,00 ; R$ 5.274,00 
05/12/2022; R$ 5.234,50 ; R$ 5.320,00 ; R$ 5.229,50 ; R$ 5.312,00 
02/12/2022; R$ 5.214,00 ; R$ 5.271,00 ; R$ 5.193,00 ; R$ 5.247,00 
01/12/2022; R$ 5.222,00 ; R$ 5.247,50 ; R$ 5.194,00 ; R$ 5.218,50 
30/11/2022; R$ 5.295,00 ; R$ 5.348,50 ; R$ 5.205,00 ; R$ 5.215,00 
29/11/2022; R$ 5.330,00 ; R$ 5.336,50 ; R$ 5.270,50 ; R$ 5.270,50 
28/11/2022; R$ 5.427,00 ; R$ 5.435,50 ; R$ 5.351,50 ; R$ 5.367,50 
25/11/2022; R$ 5.323,50 ; R$ 5.430,00 ; R$ 5.310,00 ; R$ 5.414,00 
24/11/2022; R$ 5.324,00 ; R$ 5.348,00 ; R$ 5.307,00 ; R$ 5.322,50 
23/11/2022; R$ 5.352,50 ; R$ 5.420,00 ; R$ 5.352,00 ; R$ 5.375,00 
22/11/2022; R$ 5.321,00 ; R$ 5.408,50 ; R$ 5.290,50 ; R$ 5.365,00 
21/11/2022; R$ 5.398,00 ; R$ 5.399,00 ; R$ 5.310,00 ; R$ 5.332,50 
18/11/2022; R$ 5.401,00 ; R$ 5.411,00 ; R$ 5.343,00 ; R$ 5.388,00 
17/11/2022; R$ 5.514,50 ; R$ 5.548,00 ; R$ 5.403,50 ; R$ 5.442,00 
16/11/2022; R$ 5.360,00 ; R$ 5.427,00 ; R$ 5.304,50 ; R$ 5.425,00 
14/11/2022; R$ 5.359,50 ; R$ 5.374,50 ; R$ 5.279,00 ; R$ 5.357,50 
11/11/2022; R$ 5.360,00 ; R$ 5.426,50 ; R$ 5.269,00 ; R$ 5.366,00 
10/11/2022; R$ 5.264,50 ; R$ 5.435,50 ; R$ 5.262,50 ; R$ 5.369,50 
09/11/2022; R$ 5.193,50 ; R$ 5.220,00 ; R$ 5.156,00 ; R$ 5.204,00 
08/11/2022; R$ 5.200,00 ; R$ 5.270,00 ; R$ 5.152,00 ; R$ 5.171,50 
07/11/2022; R$ 5.086,50 ; R$ 5.199,00 ; R$ 5.070,00 ; R$ 5.184,50 
04/11/2022; R$ 5.090,00 ; R$ 5.145,00 ; R$ 5.044,00 ; R$ 5.084,50 
03/11/2022; R$ 5.220,00 ; R$ 5.254,00 ; R$ 5.115,00 ; R$ 5.142,00 
01/11/2022; R$ 5.179,50 ; R$ 5.238,50 ; R$ 5.115,00 ; R$ 5.170,00 
31/10/2022; R$ 5.434,00 ; R$ 5.443,00 ; R$ 5.185,50 ; R$ 5.214,00 
28/10/2022; R$ 5.352,50 ; R$ 5.384,00 ; R$ 5.281,50 ; R$ 5.301,50 
27/10/2022; R$ 5.393,50 ; R$ 5.396,00 ; R$ 5.244,50 ; R$ 5.339,00 
26/10/2022; R$ 5.297,00 ; R$ 5.391,00 ; R$ 5.284,00 ; R$ 5.389,00 
25/10/2022; R$ 5.298,50 ; R$ 5.362,50 ; R$ 5.281,00 ; R$ 5.321,50 
24/10/2022; R$ 5.209,50 ; R$ 5.316,50 ; R$ 5.207,50 ; R$ 5.307,50 
21/10/2022; R$ 5.247,00 ; R$ 5.286,00 ; R$ 5.149,50 ; R$ 5.173,50 
20/10/2022; R$ 5.261,00 ; R$ 5.269,00 ; R$ 5.204,00 ; R$ 5.227,50 
19/10/2022; R$ 5.290,00 ; R$ 5.311,50 ; R$ 5.267,00 ; R$ 5.282,00 
18/10/2022; R$ 5.286,50 ; R$ 5.312,00 ; R$ 5.246,50 ; R$ 5.252,50 
17/10/2022; R$ 5.290,00 ; R$ 5.319,50 ; R$ 5.269,50 ; R$ 5.299,50 
14/10/2022; R$ 5.297,00 ; R$ 5.353,00 ; R$ 5.259,50 ; R$ 5.340,50 
13/10/2022; R$ 5.280,00 ; R$ 5.403,00 ; R$ 5.250,50 ; R$ 5.281,00 
11/10/2022; R$ 5.205,00 ; R$ 5.327,50 ; R$ 5.202,00 ; R$ 5.316,00 
10/10/2022; R$ 5.215,00 ; R$ 5.241,50 ; R$ 5.187,50 ; R$ 5.209,50 
07/10/2022; R$ 5.234,50 ; R$ 5.277,00 ; R$ 5.218,50 ; R$ 5.226,50 
06/10/2022; R$ 5.225,50 ; R$ 5.258,50 ; R$ 5.202,00 ; R$ 5.249,00 
05/10/2022; R$ 5.248,50 ; R$ 5.274,00 ; R$ 5.191,50 ; R$ 5.224,00 
04/10/2022; R$ 5.180,00 ; R$ 5.254,00 ; R$ 5.144,00 ; R$ 5.207,50 
03/10/2022; R$ 5.300,00 ; R$ 5.347,50 ; R$ 5.188,50 ; R$ 5.205,00 
30/09/2022; R$ 5.428,50 ; R$ 5.465,50 ; R$ 5.367,00 ; R$ 5.447,00 
29/09/2022; R$ 5.392,00 ; R$ 5.432,00 ; R$ 5.375,50 ; R$ 5.399,50 
28/09/2022; R$ 5.414,00 ; R$ 5.426,50 ; R$ 5.325,50 ; R$ 5.379,00 
27/09/2022; R$ 5.353,00 ; R$ 5.392,00 ; R$ 5.301,50 ; R$ 5.385,00 
26/09/2022; R$ 5.300,00 ; R$ 5.424,00 ; R$ 5.300,00 ; R$ 5.399,50 
23/09/2022; R$ 5.179,00 ; R$ 5.276,00 ; R$ 5.177,00 ; R$ 5.269,00 
22/09/2022; R$ 5.140,50 ; R$ 5.196,00 ; R$ 5.116,00 ; R$ 5.126,50 
21/09/2022; R$ 5.154,50 ; R$ 5.206,00 ; R$ 5.131,00 ; R$ 5.182,00 
20/09/2022; R$ 5.225,00 ; R$ 5.237,00 ; R$ 5.154,50 ; R$ 5.157,00 
19/09/2022; R$ 5.312,00 ; R$ 5.319,00 ; R$ 5.158,00 ; R$ 5.188,00 
16/09/2022; R$ 5.270,00 ; R$ 5.329,00 ; R$ 5.267,00 ; R$ 5.272,00 
15/09/2022; R$ 5.199,50 ; R$ 5.271,50 ; R$ 5.198,50 ; R$ 5.266,50 
14/09/2022; R$ 5.212,50 ; R$ 5.222,00 ; R$ 5.173,50 ; R$ 5.187,50 
13/09/2022; R$ 5.111,00 ; R$ 5.233,50 ; R$ 5.103,00 ; R$ 5.213,50 
12/09/2022; R$ 5.143,00 ; R$ 5.165,50 ; R$ 5.110,50 ; R$ 5.120,00 
09/09/2022; R$ 5.212,00 ; R$ 5.233,00 ; R$ 5.171,50 ; R$ 5.177,00 
08/09/2022; R$ 5.242,00 ; R$ 5.270,50 ; R$ 5.210,50 ; R$ 5.248,00 
06/09/2022; R$ 5.202,00 ; R$ 5.287,00 ; R$ 5.197,50 ; R$ 5.283,00 
05/09/2022; R$ 5.218,00 ; R$ 5.226,00 ; R$ 5.186,00 ; R$ 5.191,00 
02/09/2022; R$ 5.261,00 ; R$ 5.272,50 ; R$ 5.194,00 ; R$ 5.205,00 
01/09/2022; R$ 5.245,00 ; R$ 5.296,00 ; R$ 5.185,50 ; R$ 5.282,00 
31/08/2022; R$ 5.170,00 ; R$ 5.253,00 ; R$ 5.169,00 ; R$ 5.227,50 
30/08/2022; R$ 5.017,50 ; R$ 5.128,00 ; R$ 5.012,00 ; R$ 5.126,50 
29/08/2022; R$ 5.086,00 ; R$ 5.096,00 ; R$ 5.014,00 ; R$ 5.032,00 
26/08/2022; R$ 5.118,00 ; R$ 5.124,50 ; R$ 5.061,00 ; R$ 5.070,50 
25/08/2022; R$ 5.101,00 ; R$ 5.152,00 ; R$ 5.095,00 ; R$ 5.119,00 
24/08/2022; R$ 5.122,00 ; R$ 5.134,00 ; R$ 5.092,50 ; R$ 5.123,50 
23/08/2022; R$ 5.144,50 ; R$ 5.166,00 ; R$ 5.083,50 ; R$ 5.117,50 
22/08/2022; R$ 5.198,50 ; R$ 5.219,50 ; R$ 5.165,50 ; R$ 5.172,50 
19/08/2022; R$ 5.219,00 ; R$ 5.237,00 ; R$ 5.183,00 ; R$ 5.187,00 
18/08/2022; R$ 5.184,50 ; R$ 5.226,00 ; R$ 5.147,50 ; R$ 5.186,00 
17/08/2022; R$ 5.200,00 ; R$ 5.235,50 ; R$ 5.168,00 ; R$ 5.188,50 
16/08/2022; R$ 5.143,50 ; R$ 5.178,00 ; R$ 5.135,00 ; R$ 5.172,50 
15/08/2022; R$ 5.138,50 ; R$ 5.166,00 ; R$ 5.100,00 ; R$ 5.122,00 
12/08/2022; R$ 5.182,50 ; R$ 5.192,50 ; R$ 5.092,00 ; R$ 5.099,50 
11/08/2022; R$ 5.110,00 ; R$ 5.200,50 ; R$ 5.090,00 ; R$ 5.188,00 
10/08/2022; R$ 5.147,50 ; R$ 5.179,00 ; R$ 5.065,50 ; R$ 5.125,50 
09/08/2022; R$ 5.154,50 ; R$ 5.185,00 ; R$ 5.126,00 ; R$ 5.158,00 
08/08/2022; R$ 5.181,00 ; R$ 5.186,00 ; R$ 5.139,00 ; R$ 5.149,00 
05/08/2022; R$ 5.263,50 ; R$ 5.316,00 ; R$ 5.194,00 ; R$ 5.202,00 
04/08/2022; R$ 5.327,50 ; R$ 5.336,50 ; R$ 5.240,00 ; R$ 5.251,00 
03/08/2022; R$ 5.293,00 ; R$ 5.358,50 ; R$ 5.287,00 ; R$ 5.327,50 
02/08/2022; R$ 5.247,50 ; R$ 5.329,50 ; R$ 5.234,00 ; R$ 5.323,00 
01/08/2022; R$ 5.204,00 ; R$ 5.249,00 ; R$ 5.175,50 ; R$ 5.234,50 
29/07/2022; R$ 5.210,00 ; R$ 5.261,00 ; R$ 5.193,00 ; R$ 5.221,00 
28/07/2022; R$ 5.265,50 ; R$ 5.276,00 ; R$ 5.161,00 ; R$ 5.186,50 
27/07/2022; R$ 5.342,50 ; R$ 5.354,00 ; R$ 5.241,00 ; R$ 5.247,50 
26/07/2022; R$ 5.390,00 ; R$ 5.399,00 ; R$ 5.341,00 ; R$ 5.358,00 
25/07/2022; R$ 5.481,50 ; R$ 5.487,00 ; R$ 5.364,00 ; R$ 5.364,50 
22/07/2022; R$ 5.494,00 ; R$ 5.515,00 ; R$ 5.445,50 ; R$ 5.509,00 
21/07/2022; R$ 5.477,00 ; R$ 5.527,00 ; R$ 5.442,50 ; R$ 5.510,00 
20/07/2022; R$ 5.448,50 ; R$ 5.487,50 ; R$ 5.404,50 ; R$ 5.486,00 
19/07/2022; R$ 5.428,00 ; R$ 5.448,50 ; R$ 5.383,00 ; R$ 5.430,00 
18/07/2022; R$ 5.395,00 ; R$ 5.459,00 ; R$ 5.372,00 ; R$ 5.457,50 
15/07/2022; R$ 5.432,00 ; R$ 5.471,00 ; R$ 5.397,00 ; R$ 5.431,50 
14/07/2022; R$ 5.500,00 ; R$ 5.515,00 ; R$ 5.439,00 ; R$ 5.445,50 
13/07/2022; R$ 5.447,00 ; R$ 5.492,50 ; R$ 5.389,50 ; R$ 5.419,00 
12/07/2022; R$ 5.409,00 ; R$ 5.472,00 ; R$ 5.400,00 ; R$ 5.466,00 
11/07/2022; R$ 5.343,00 ; R$ 5.417,50 ; R$ 5.329,50 ; R$ 5.409,00 
08/07/2022; R$ 5.392,00 ; R$ 5.403,00 ; R$ 5.283,50 ; R$ 5.287,50 
07/07/2022; R$ 5.443,00 ; R$ 5.451,00 ; R$ 5.366,00 ; R$ 5.375,50 
06/07/2022; R$ 5.442,00 ; R$ 5.500,00 ; R$ 5.431,00 ; R$ 5.463,50 
05/07/2022; R$ 5.395,00 ; R$ 5.443,50 ; R$ 5.388,50 ; R$ 5.428,00 
04/07/2022; R$ 5.342,50 ; R$ 5.375,50 ; R$ 5.329,00 ; R$ 5.372,00 
01/07/2022; R$ 5.325,00 ; R$ 5.380,00 ; R$ 5.320,00 ; R$ 5.373,00 
30/06/2022; R$ 5.263,00 ; R$ 5.314,00 ; R$ 5.231,00 ; R$ 5.298,50 
29/06/2022; R$ 5.256,00 ; R$ 5.260,00 ; R$ 5.179,50 ; R$ 5.187,00 
28/06/2022; R$ 5.240,50 ; R$ 5.285,00 ; R$ 5.193,50 ; R$ 5.274,00 
27/06/2022; R$ 5.250,00 ; R$ 5.284,00 ; R$ 5.210,50 ; R$ 5.247,50 
24/06/2022; R$ 5.240,00 ; R$ 5.286,00 ; R$ 5.215,00 ; R$ 5.254,00 
23/06/2022; R$ 5.208,50 ; R$ 5.260,00 ; R$ 5.178,50 ; R$ 5.253,50 
22/06/2022; R$ 5.181,50 ; R$ 5.210,00 ; R$ 5.141,50 ; R$ 5.208,00 
21/06/2022; R$ 5.194,00 ; R$ 5.202,00 ; R$ 5.134,00 ; R$ 5.143,00 
20/06/2022; R$ 5.167,50 ; R$ 5.213,00 ; R$ 5.155,00 ; R$ 5.208,00 
17/06/2022; R$ 5.135,00 ; R$ 5.176,00 ; R$ 5.124,50 ; R$ 5.172,50 
15/06/2022; R$ 5.119,00 ; R$ 5.156,50 ; R$ 5.039,50 ; R$ 5.077,50 
14/06/2022; R$ 5.139,00 ; R$ 5.177,50 ; R$ 5.110,50 ; R$ 5.143,50 
13/06/2022; R$ 5.066,00 ; R$ 5.165,50 ; R$ 5.058,00 ; R$ 5.142,00 
10/06/2022; R$ 4.936,50 ; R$ 5.041,50 ; R$ 4.914,00 ; R$ 5.017,50 
09/06/2022; R$ 4.928,50 ; R$ 4.952,00 ; R$ 4.897,50 ; R$ 4.936,00 
08/06/2022; R$ 4.910,50 ; R$ 4.940,50 ; R$ 4.880,00 ; R$ 4.933,00 
07/06/2022; R$ 4.832,00 ; R$ 4.969,00 ; R$ 4.832,00 ; R$ 4.906,00 
06/06/2022; R$ 4.795,00 ; R$ 4.843,00 ; R$ 4.785,00 ; R$ 4.831,00 
03/06/2022; R$ 4.860,00 ; R$ 4.870,00 ; R$ 4.810,00 ; R$ 4.812,00 
02/06/2022; R$ 4.830,00 ; R$ 4.849,50 ; R$ 4.811,50 ; R$ 4.839,50 
01/06/2022; R$ 4.774,50 ; R$ 4.859,50 ; R$ 4.762,00 ; R$ 4.859,50 
31/05/2022; R$ 4.804,50 ; R$ 4.821,50 ; R$ 4.740,00 ; R$ 4.776,50 
30/05/2022; R$ 4.714,50 ; R$ 4.758,00 ; R$ 4.692,50 ; R$ 4.755,00 
27/05/2022; R$ 4.765,50 ; R$ 4.784,00 ; R$ 4.717,00 ; R$ 4.732,00 
26/05/2022; R$ 4.819,00 ; R$ 4.848,00 ; R$ 4.754,50 ; R$ 4.774,00 
25/05/2022; R$ 4.850,00 ; R$ 4.872,00 ; R$ 4.812,50 ; R$ 4.832,00 
24/05/2022; R$ 4.848,00 ; R$ 4.864,50 ; R$ 4.785,00 ; R$ 4.830,00 
23/05/2022; R$ 4.855,00 ; R$ 4.863,00 ; R$ 4.797,00 ; R$ 4.827,50 
20/05/2022; R$ 4.919,00 ; R$ 4.936,50 ; R$ 4.867,00 ; R$ 4.893,00 
19/05/2022; R$ 4.955,00 ; R$ 4.974,50 ; R$ 4.895,50 ; R$ 4.950,50 
18/05/2022; R$ 4.973,50 ; R$ 5.018,50 ; R$ 4.940,50 ; R$ 4.986,00 
17/05/2022; R$ 5.025,00 ; R$ 5.031,00 ; R$ 4.947,50 ; R$ 4.958,50 
16/05/2022; R$ 5.104,00 ; R$ 5.128,00 ; R$ 5.054,50 ; R$ 5.084,00 
13/05/2022; R$ 5.149,50 ; R$ 5.176,00 ; R$ 5.071,50 ; R$ 5.088,50 
12/05/2022; R$ 5.201,50 ; R$ 5.238,50 ; R$ 5.134,00 ; R$ 5.162,00 
11/05/2022; R$ 5.130,00 ; R$ 5.203,00 ; R$ 5.123,50 ; R$ 5.170,50 
10/05/2022; R$ 5.190,50 ; R$ 5.200,00 ; R$ 5.143,00 ; R$ 5.166,50 
09/05/2022; R$ 5.180,00 ; R$ 5.198,00 ; R$ 5.137,50 ; R$ 5.197,00 
06/05/2022; R$ 5.063,00 ; R$ 5.152,50 ; R$ 5.045,00 ; R$ 5.116,00 
05/05/2022; R$ 4.989,50 ; R$ 5.098,00 ; R$ 4.971,50 ; R$ 5.070,50 
04/05/2022; R$ 5.010,00 ; R$ 5.078,50 ; R$ 4.934,00 ; R$ 4.963,50 
03/05/2022; R$ 5.085,00 ; R$ 5.097,00 ; R$ 5.000,50 ; R$ 5.002,50 
02/05/2022; R$ 5.010,00 ; R$ 5.139,50 ; R$ 5.009,50 ; R$ 5.132,50 
29/04/2022; R$ 4.948,50 ; R$ 5.029,00 ; R$ 4.907,00 ; R$ 5.018,00 
28/04/2022; R$ 4.988,50 ; R$ 5.047,50 ; R$ 4.938,00 ; R$ 4.942,00 
27/04/2022; R$ 4.992,50 ; R$ 5.044,50 ; R$ 4.932,00 ; R$ 4.969,50 
26/04/2022; R$ 4.912,00 ; R$ 5.010,00 ; R$ 4.898,00 ; R$ 5.005,00 
25/04/2022; R$ 4.826,00 ; R$ 4.957,50 ; R$ 4.811,00 ; R$ 4.887,00 
22/04/2022; R$ 4.692,00 ; R$ 4.849,00 ; R$ 4.681,00 ; R$ 4.805,00 
20/04/2022; R$ 4.660,50 ; R$ 4.692,00 ; R$ 4.620,00 ; R$ 4.634,00 
19/04/2022; R$ 4.680,00 ; R$ 4.699,50 ; R$ 4.653,50 ; R$ 4.682,00 
18/04/2022; R$ 4.703,00 ; R$ 4.724,50 ; R$ 4.660,00 ; R$ 4.670,00 
14/04/2022; R$ 4.714,50 ; R$ 4.759,00 ; R$ 4.705,00 ; R$ 4.717,50 
13/04/2022; R$ 4.691,50 ; R$ 4.725,50 ; R$ 4.672,00 ; R$ 4.711,00 
12/04/2022; R$ 4.701,00 ; R$ 4.717,00 ; R$ 4.643,00 ; R$ 4.698,00 
11/04/2022; R$ 4.737,50 ; R$ 4.764,00 ; R$ 4.702,00 ; R$ 4.715,00 
08/04/2022; R$ 4.769,00 ; R$ 4.819,00 ; R$ 4.718,50 ; R$ 4.723,50 
07/04/2022; R$ 4.735,00 ; R$ 4.800,00 ; R$ 4.717,00 ; R$ 4.782,50 
06/04/2022; R$ 4.680,50 ; R$ 4.755,50 ; R$ 4.675,00 ; R$ 4.750,50 
05/04/2022; R$ 4.626,00 ; R$ 4.705,00 ; R$ 4.613,00 ; R$ 4.684,50 
04/04/2022; R$ 4.690,50 ; R$ 4.708,50 ; R$ 4.622,00 ; R$ 4.626,00 
01/04/2022; R$ 4.770,00 ; R$ 4.770,50 ; R$ 4.688,00 ; R$ 4.692,50 
31/03/2022; R$ 4.816,50 ; R$ 4.834,00 ; R$ 4.760,00 ; R$ 4.781,00 
30/03/2022; R$ 4.765,00 ; R$ 4.794,00 ; R$ 4.729,00 ; R$ 4.774,00 
29/03/2022; R$ 4.743,50 ; R$ 4.788,50 ; R$ 4.721,00 ; R$ 4.762,50 
28/03/2022; R$ 4.747,00 ; R$ 4.825,50 ; R$ 4.740,00 ; R$ 4.772,00 
25/03/2022; R$ 4.831,00 ; R$ 4.833,00 ; R$ 4.738,00 ; R$ 4.751,50 
24/03/2022; R$ 4.844,50 ; R$ 4.869,50 ; R$ 4.775,00 ; R$ 4.838,50 
23/03/2022; R$ 4.931,50 ; R$ 4.933,50 ; R$ 4.832,00 ; R$ 4.841,00 
22/03/2022; R$ 4.950,00 ; R$ 4.965,50 ; R$ 4.919,00 ; R$ 4.926,00 
21/03/2022; R$ 5.046,50 ; R$ 5.048,00 ; R$ 4.947,00 ; R$ 4.955,00 
18/03/2022; R$ 5.069,00 ; R$ 5.094,50 ; R$ 5.012,00 ; R$ 5.044,00 
17/03/2022; R$ 5.096,00 ; R$ 5.128,50 ; R$ 5.048,50 ; R$ 5.060,50 
16/03/2022; R$ 5.162,00 ; R$ 5.179,50 ; R$ 5.095,00 ; R$ 5.098,50 
15/03/2022; R$ 5.133,00 ; R$ 5.195,00 ; R$ 5.118,50 ; R$ 5.187,00 
14/03/2022; R$ 5.084,50 ; R$ 5.166,00 ; R$ 5.064,50 ; R$ 5.151,00 
11/03/2022; R$ 5.030,50 ; R$ 5.111,50 ; R$ 5.013,00 ; R$ 5.104,50 
10/03/2022; R$ 5.059,00 ; R$ 5.106,50 ; R$ 5.041,00 ; R$ 5.043,00 
09/03/2022; R$ 5.060,00 ; R$ 5.069,00 ; R$ 5.018,00 ; R$ 5.044,50 
08/03/2022; R$ 5.121,00 ; R$ 5.135,50 ; R$ 5.079,50 ; R$ 5.093,00 
07/03/2022; R$ 5.114,50 ; R$ 5.152,00 ; R$ 5.066,50 ; R$ 5.152,00 
04/03/2022; R$ 5.089,50 ; R$ 5.139,00 ; R$ 5.064,50 ; R$ 5.099,50 
03/03/2022; R$ 5.151,00 ; R$ 5.157,50 ; R$ 5.061,50 ; R$ 5.075,00 
02/03/2022; R$ 5.268,00 ; R$ 5.268,00 ; R$ 5.125,50 ; R$ 5.144,50 
25/02/2022; R$ 5.165,00 ; R$ 5.225,50 ; R$ 5.124,00 ; R$ 5.214,50 
24/02/2022; R$ 5.060,00 ; R$ 5.166,00 ; R$ 5.037,00 ; R$ 5.125,00 
23/02/2022; R$ 5.050,50 ; R$ 5.055,50 ; R$ 4.997,50 ; R$ 5.012,00 
22/02/2022; R$ 5.102,00 ; R$ 5.106,50 ; R$ 5.050,00 ; R$ 5.066,00 
21/02/2022; R$ 5.140,50 ; R$ 5.163,00 ; R$ 5.081,50 ; R$ 5.112,50 
18/02/2022; R$ 5.176,00 ; R$ 5.178,00 ; R$ 5.113,00 ; R$ 5.146,50 
17/02/2022; R$ 5.165,00 ; R$ 5.193,50 ; R$ 5.138,00 ; R$ 5.183,00 
16/02/2022; R$ 5.175,00 ; R$ 5.192,00 ; R$ 5.136,50 ; R$ 5.151,50 
15/02/2022; R$ 5.211,50 ; R$ 5.234,00 ; R$ 5.174,50 ; R$ 5.174,50 
14/02/2022; R$ 5.272,50 ; R$ 5.285,00 ; R$ 5.213,50 ; R$ 5.227,50 
11/02/2022; R$ 5.252,50 ; R$ 5.286,00 ; R$ 5.201,00 ; R$ 5.272,50 
10/02/2022; R$ 5.257,50 ; R$ 5.278,00 ; R$ 5.194,00 ; R$ 5.268,50 
09/02/2022; R$ 5.275,00 ; R$ 5.315,00 ; R$ 5.237,50 ; R$ 5.263,00 
08/02/2022; R$ 5.295,00 ; R$ 5.316,00 ; R$ 5.277,50 ; R$ 5.284,00 
07/02/2022; R$ 5.345,00 ; R$ 5.352,00 ; R$ 5.278,50 ; R$ 5.289,00 
04/02/2022; R$ 5.329,50 ; R$ 5.381,00 ; R$ 5.311,50 ; R$ 5.359,00 
03/02/2022; R$ 5.308,00 ; R$ 5.356,00 ; R$ 5.304,50 ; R$ 5.318,00 
02/02/2022; R$ 5.300,00 ; R$ 5.350,00 ; R$ 5.290,50 ; R$ 5.296,00 
01/02/2022; R$ 5.334,00 ; R$ 5.354,00 ; R$ 5.301,50 ; R$ 5.301,50 
31/01/2022; R$ 5.399,50 ; R$ 5.436,00 ; R$ 5.322,50 ; R$ 5.345,00 
28/01/2022; R$ 5.430,00 ; R$ 5.435,00 ; R$ 5.368,00 ; R$ 5.370,50 
27/01/2022; R$ 5.435,00 ; R$ 5.439,00 ; R$ 5.356,00 ; R$ 5.411,50 
26/01/2022; R$ 5.433,00 ; R$ 5.472,50 ; R$ 5.397,00 ; R$ 5.439,00 
25/01/2022; R$ 5.506,00 ; R$ 5.528,50 ; R$ 5.435,00 ; R$ 5.451,50 
24/01/2022; R$ 5.487,00 ; R$ 5.533,50 ; R$ 5.476,50 ; R$ 5.497,00 
21/01/2022; R$ 5.451,00 ; R$ 5.485,00 ; R$ 5.413,00 ; R$ 5.469,50 
20/01/2022; R$ 5.460,00 ; R$ 5.474,00 ; R$ 5.390,00 ; R$ 5.430,50 
19/01/2022; R$ 5.560,00 ; R$ 5.567,00 ; R$ 5.451,50 ; R$ 5.454,00 
18/01/2022; R$ 5.551,50 ; R$ 5.599,00 ; R$ 5.521,00 ; R$ 5.584,00 
17/01/2022; R$ 5.555,00 ; R$ 5.559,00 ; R$ 5.512,50 ; R$ 5.532,50 
14/01/2022; R$ 5.550,00 ; R$ 5.571,50 ; R$ 5.527,00 ; R$ 5.553,50 
13/01/2022; R$ 5.573,00 ; R$ 5.577,00 ; R$ 5.521,00 ; R$ 5.548,50 
12/01/2022; R$ 5.604,50 ; R$ 5.624,50 ; R$ 5.542,50 ; R$ 5.560,00 
11/01/2022; R$ 5.679,50 ; R$ 5.701,00 ; R$ 5.588,50 ; R$ 5.597,50 
10/01/2022; R$ 5.673,50 ; R$ 5.720,00 ; R$ 5.657,50 ; R$ 5.690,50 
07/01/2022; R$ 5.711,50 ; R$ 5.740,00 ; R$ 5.648,50 ; R$ 5.666,00 
06/01/2022; R$ 5.727,00 ; R$ 5.757,00 ; R$ 5.701,50 ; R$ 5.715,50 
05/01/2022; R$ 5.715,00 ; R$ 5.757,00 ; R$ 5.675,50 ; R$ 5.727,00 
04/01/2022; R$ 5.704,50 ; R$ 5.746,50 ; R$ 5.672,50 ; R$ 5.712,50 
03/01/2022; R$ 5.609,50 ; R$ 5.729,00 ; R$ 5.595,00 ; R$ 5.727,00 
30/12/2021; R$ 5.735,00 ; R$ 5.742,50 ; R$ 5.586,50 ; R$ 5.611,00 
29/12/2021; R$ 5.638,50 ; R$ 5.712,00 ; R$ 5.624,50 ; R$ 5.703,00 
28/12/2021; R$ 5.622,00 ; R$ 5.664,50 ; R$ 5.620,00 ; R$ 5.631,00 
27/12/2021; R$ 5.670,50 ; R$ 5.711,00 ; R$ 5.626,50 ; R$ 5.628,00 
23/12/2021; R$ 5.665,00 ; R$ 5.726,00 ; R$ 5.635,50 ; R$ 5.671,00 
22/12/2021; R$ 5.744,50 ; R$ 5.752,00 ; R$ 5.655,00 ; R$ 5.663,50 
21/12/2021; R$ 5.734,50 ; R$ 5.768,00 ; R$ 5.722,00 ; R$ 5.757,00 
20/12/2021; R$ 5.724,50 ; R$ 5.759,50 ; R$ 5.702,00 ; R$ 5.757,50 
17/12/2021; R$ 5.701,50 ; R$ 5.731,50 ; R$ 5.676,50 ; R$ 5.709,00 
16/12/2021; R$ 5.688,00 ; R$ 5.743,50 ; R$ 5.677,50 ; R$ 5.706,50 
15/12/2021; R$ 5.700,50 ; R$ 5.755,50 ; R$ 5.679,50 ; R$ 5.703,50 
14/12/2021; R$ 5.686,50 ; R$ 5.720,00 ; R$ 5.640,00 ; R$ 5.703,00 
13/12/2021; R$ 5.629,00 ; R$ 5.705,00 ; R$ 5.624,50 ; R$ 5.704,50 
10/12/2021; R$ 5.585,00 ; R$ 5.660,00 ; R$ 5.584,00 ; R$ 5.638,50 
09/12/2021; R$ 5.564,00 ; R$ 5.625,50 ; R$ 5.545,00 ; R$ 5.598,50 
08/12/2021; R$ 5.634,00 ; R$ 5.664,50 ; R$ 5.554,00 ; R$ 5.560,00 
07/12/2021; R$ 5.697,00 ; R$ 5.703,50 ; R$ 5.638,50 ; R$ 5.651,00 
06/12/2021; R$ 5.676,00 ; R$ 5.734,00 ; R$ 5.667,00 ; R$ 5.724,00 
03/12/2021; R$ 5.685,00 ; R$ 5.718,50 ; R$ 5.633,00 ; R$ 5.685,50 
02/12/2021; R$ 5.700,50 ; R$ 5.714,50 ; R$ 5.648,00 ; R$ 5.679,00 
01/12/2021; R$ 5.620,00 ; R$ 5.733,00 ; R$ 5.612,50 ; R$ 5.730,00 
30/11/2021; R$ 5.637,00 ; R$ 5.707,00 ; R$ 5.615,00 ; R$ 5.639,50 
29/11/2021; R$ 5.600,00 ; R$ 5.641,50 ; R$ 5.581,00 ; R$ 5.603,50 
26/11/2021; R$ 5.668,00 ; R$ 5.670,00 ; R$ 5.575,50 ; R$ 5.614,00 
25/11/2021; R$ 5.591,50 ; R$ 5.603,50 ; R$ 5.552,50 ; R$ 5.572,50 
24/11/2021; R$ 5.583,00 ; R$ 5.628,00 ; R$ 5.560,00 ; R$ 5.612,50 
23/11/2021; R$ 5.615,00 ; R$ 5.669,50 ; R$ 5.572,50 ; R$ 5.576,50 
22/11/2021; R$ 5.611,50 ; R$ 5.623,00 ; R$ 5.572,00 ; R$ 5.593,00 
19/11/2021; R$ 5.589,00 ; R$ 5.624,50 ; R$ 5.531,00 ; R$ 5.624,00 
18/11/2021; R$ 5.537,00 ; R$ 5.590,00 ; R$ 5.536,50 ; R$ 5.572,00 
17/11/2021; R$ 5.500,00 ; R$ 5.549,50 ; R$ 5.479,00 ; R$ 5.541,50 
16/11/2021; R$ 5.460,50 ; R$ 5.524,00 ; R$ 5.444,50 ; R$ 5.518,00 
12/11/2021; R$ 5.420,00 ; R$ 5.485,00 ; R$ 5.410,50 ; R$ 5.477,00 
11/11/2021; R$ 5.502,00 ; R$ 5.504,50 ; R$ 5.406,00 ; R$ 5.413,50 
10/11/2021; R$ 5.524,00 ; R$ 5.530,00 ; R$ 5.454,00 ; R$ 5.510,50 
09/11/2021; R$ 5.570,50 ; R$ 5.571,50 ; R$ 5.476,00 ; R$ 5.499,50 
08/11/2021; R$ 5.581,50 ; R$ 5.621,00 ; R$ 5.559,00 ; R$ 5.570,50 
05/11/2021; R$ 5.624,00 ; R$ 5.633,00 ; R$ 5.527,50 ; R$ 5.565,50 
04/11/2021; R$ 5.596,50 ; R$ 5.654,50 ; R$ 5.590,00 ; R$ 5.631,00 
03/11/2021; R$ 5.703,00 ; R$ 5.728,00 ; R$ 5.573,50 ; R$ 5.582,50 
01/11/2021; R$ 5.658,50 ; R$ 5.719,00 ; R$ 5.652,50 ; R$ 5.714,50 
29/10/2021; R$ 5.670,00 ; R$ 5.695,50 ; R$ 5.629,00 ; R$ 5.665,00 
28/10/2021; R$ 5.556,00 ; R$ 5.665,50 ; R$ 5.552,00 ; R$ 5.646,50 
27/10/2021; R$ 5.573,00 ; R$ 5.596,00 ; R$ 5.539,50 ; R$ 5.540,50 
26/10/2021; R$ 5.558,00 ; R$ 5.611,50 ; R$ 5.552,50 ; R$ 5.571,00 
25/10/2021; R$ 5.661,00 ; R$ 5.667,00 ; R$ 5.543,00 ; R$ 5.563,00 
22/10/2021; R$ 5.690,00 ; R$ 5.762,00 ; R$ 5.629,00 ; R$ 5.657,50 
21/10/2021; R$ 5.671,50 ; R$ 5.699,00 ; R$ 5.629,50 ; R$ 5.667,00 
20/10/2021; R$ 5.592,00 ; R$ 5.611,50 ; R$ 5.529,50 ; R$ 5.606,50 
19/10/2021; R$ 5.555,00 ; R$ 5.623,00 ; R$ 5.546,50 ; R$ 5.595,50 
18/10/2021; R$ 5.480,00 ; R$ 5.554,50 ; R$ 5.476,50 ; R$ 5.524,00 
15/10/2021; R$ 5.501,00 ; R$ 5.520,00 ; R$ 5.447,00 ; R$ 5.475,00 
14/10/2021; R$ 5.487,00 ; R$ 5.545,00 ; R$ 5.480,50 ; R$ 5.527,50 
13/10/2021; R$ 5.532,50 ; R$ 5.589,00 ; R$ 5.514,50 ; R$ 5.530,50 
11/10/2021; R$ 5.517,00 ; R$ 5.561,50 ; R$ 5.509,00 ; R$ 5.554,50 
08/10/2021; R$ 5.519,00 ; R$ 5.549,50 ; R$ 5.494,00 ; R$ 5.529,50 
07/10/2021; R$ 5.491,50 ; R$ 5.547,50 ; R$ 5.487,50 ; R$ 5.538,50 
06/10/2021; R$ 5.535,00 ; R$ 5.558,00 ; R$ 5.496,00 ; R$ 5.512,50 
05/10/2021; R$ 5.450,00 ; R$ 5.510,50 ; R$ 5.446,50 ; R$ 5.501,00 
04/10/2021; R$ 5.408,50 ; R$ 5.482,00 ; R$ 5.395,50 ; R$ 5.481,00 
01/10/2021; R$ 5.442,50 ; R$ 5.456,00 ; R$ 5.376,00 ; R$ 5.387,00 
30/09/2021; R$ 5.431,50 ; R$ 5.500,00 ; R$ 5.392,50 ; R$ 5.467,50 
29/09/2021; R$ 5.410,00 ; R$ 5.447,00 ; R$ 5.390,00 ; R$ 5.412,50 
28/09/2021; R$ 5.408,50 ; R$ 5.454,00 ; R$ 5.391,00 ; R$ 5.431,00 
27/09/2021; R$ 5.326,00 ; R$ 5.399,00 ; R$ 5.311,50 ; R$ 5.395,50 
24/09/2021; R$ 5.320,00 ; R$ 5.360,00 ; R$ 5.320,00 ; R$ 5.343,00 
23/09/2021; R$ 5.268,00 ; R$ 5.318,50 ; R$ 5.263,00 ; R$ 5.311,50 
22/09/2021; R$ 5.262,00 ; R$ 5.327,00 ; R$ 5.257,50 ; R$ 5.298,50 
21/09/2021; R$ 5.320,50 ; R$ 5.346,00 ; R$ 5.271,50 ; R$ 5.277,50 
20/09/2021; R$ 5.331,00 ; R$ 5.387,50 ; R$ 5.316,00 ; R$ 5.336,00 
17/09/2021; R$ 5.266,50 ; R$ 5.358,00 ; R$ 5.261,50 ; R$ 5.297,50 
16/09/2021; R$ 5.250,00 ; R$ 5.292,00 ; R$ 5.243,50 ; R$ 5.265,00 
15/09/2021; R$ 5.255,00 ; R$ 5.284,50 ; R$ 5.227,00 ; R$ 5.241,50 
14/09/2021; R$ 5.250,00 ; R$ 5.278,00 ; R$ 5.212,50 ; R$ 5.263,00 
13/09/2021; R$ 5.253,00 ; R$ 5.257,00 ; R$ 5.216,00 ; R$ 5.233,50 
10/09/2021; R$ 5.179,00 ; R$ 5.287,00 ; R$ 5.174,00 ; R$ 5.268,00 
09/09/2021; R$ 5.322,00 ; R$ 5.351,50 ; R$ 5.210,50 ; R$ 5.226,50 
08/09/2021; R$ 5.211,50 ; R$ 5.351,50 ; R$ 5.210,50 ; R$ 5.335,00 
06/09/2021; R$ 5.207,50 ; R$ 5.230,50 ; R$ 5.173,00 ; R$ 5.189,00 
03/09/2021; R$ 5.192,50 ; R$ 5.220,00 ; R$ 5.150,00 ; R$ 5.217,00 
02/09/2021; R$ 5.194,00 ; R$ 5.220,00 ; R$ 5.161,50 ; R$ 5.202,00 
01/09/2021; R$ 5.177,00 ; R$ 5.219,00 ; R$ 5.162,50 ; R$ 5.207,50 
31/08/2021; R$ 5.207,00 ; R$ 5.220,00 ; R$ 5.138,00 ; R$ 5.172,00 
30/08/2021; R$ 5.200,00 ; R$ 5.227,50 ; R$ 5.181,00 ; R$ 5.185,00 
27/08/2021; R$ 5.258,50 ; R$ 5.263,50 ; R$ 5.189,00 ; R$ 5.206,00 
26/08/2021; R$ 5.228,00 ; R$ 5.270,50 ; R$ 5.219,50 ; R$ 5.267,00 
25/08/2021; R$ 5.271,50 ; R$ 5.275,00 ; R$ 5.210,50 ; R$ 5.218,00 
24/08/2021; R$ 5.368,50 ; R$ 5.371,00 ; R$ 5.251,00 ; R$ 5.256,50 
23/08/2021; R$ 5.372,00 ; R$ 5.408,50 ; R$ 5.351,50 ; R$ 5.387,00 
20/08/2021; R$ 5.450,00 ; R$ 5.483,00 ; R$ 5.373,00 ; R$ 5.383,50 
19/08/2021; R$ 5.426,50 ; R$ 5.464,50 ; R$ 5.387,50 ; R$ 5.421,50 
18/08/2021; R$ 5.295,00 ; R$ 5.407,50 ; R$ 5.271,50 ; R$ 5.399,50 
17/08/2021; R$ 5.291,50 ; R$ 5.314,00 ; R$ 5.246,00 ; R$ 5.307,00 
16/08/2021; R$ 5.286,00 ; R$ 5.309,00 ; R$ 5.240,00 ; R$ 5.271,00 
13/08/2021; R$ 5.255,00 ; R$ 5.294,00 ; R$ 5.232,50 ; R$ 5.262,00 
12/08/2021; R$ 5.233,00 ; R$ 5.275,00 ; R$ 5.222,50 ; R$ 5.267,00 
11/08/2021; R$ 5.210,50 ; R$ 5.249,00 ; R$ 5.178,00 ; R$ 5.242,50 
10/08/2021; R$ 5.252,00 ; R$ 5.278,50 ; R$ 5.200,50 ; R$ 5.205,00 
09/08/2021; R$ 5.245,00 ; R$ 5.315,00 ; R$ 5.230,50 ; R$ 5.250,00 
06/08/2021; R$ 5.249,00 ; R$ 5.292,50 ; R$ 5.222,00 ; R$ 5.248,50 
05/08/2021; R$ 5.142,50 ; R$ 5.276,50 ; R$ 5.128,50 ; R$ 5.269,00 
04/08/2021; R$ 5.204,00 ; R$ 5.265,00 ; R$ 5.184,00 ; R$ 5.188,50 
03/08/2021; R$ 5.187,00 ; R$ 5.294,00 ; R$ 5.183,00 ; R$ 5.219,00 
02/08/2021; R$ 5.210,00 ; R$ 5.239,00 ; R$ 5.134,00 ; R$ 5.190,50 
30/07/2021; R$ 5.098,50 ; R$ 5.249,50 ; R$ 5.098,50 ; R$ 5.234,00 
29/07/2021; R$ 5.087,50 ; R$ 5.092,00 ; R$ 5.041,50 ; R$ 5.080,00 
28/07/2021; R$ 5.173,50 ; R$ 5.194,50 ; R$ 5.106,50 ; R$ 5.120,50 
27/07/2021; R$ 5.196,00 ; R$ 5.208,50 ; R$ 5.152,00 ; R$ 5.172,00 
26/07/2021; R$ 5.195,00 ; R$ 5.233,50 ; R$ 5.154,50 ; R$ 5.180,00 
23/07/2021; R$ 5.202,50 ; R$ 5.237,00 ; R$ 5.162,50 ; R$ 5.205,00 
22/07/2021; R$ 5.188,00 ; R$ 5.230,00 ; R$ 5.173,00 ; R$ 5.208,50 
21/07/2021; R$ 5.238,50 ; R$ 5.283,50 ; R$ 5.186,50 ; R$ 5.193,00 
20/07/2021; R$ 5.247,50 ; R$ 5.301,50 ; R$ 5.208,50 ; R$ 5.228,50 
19/07/2021; R$ 5.165,00 ; R$ 5.265,00 ; R$ 5.159,00 ; R$ 5.258,00 
16/07/2021; R$ 5.114,00 ; R$ 5.135,00 ; R$ 5.082,00 ; R$ 5.123,00 
15/07/2021; R$ 5.093,50 ; R$ 5.147,50 ; R$ 5.062,00 ; R$ 5.123,00 
14/07/2021; R$ 5.163,00 ; R$ 5.167,50 ; R$ 5.076,50 ; R$ 5.082,00 
13/07/2021; R$ 5.189,50 ; R$ 5.233,50 ; R$ 5.158,50 ; R$ 5.174,00 
12/07/2021; R$ 5.266,50 ; R$ 5.296,50 ; R$ 5.175,00 ; R$ 5.183,00 
08/07/2021; R$ 5.290,00 ; R$ 5.327,00 ; R$ 5.232,00 ; R$ 5.272,00 
07/07/2021; R$ 5.194,00 ; R$ 5.295,00 ; R$ 5.183,50 ; R$ 5.246,50 
06/07/2021; R$ 5.092,00 ; R$ 5.231,50 ; R$ 5.090,00 ; R$ 5.212,50 
05/07/2021; R$ 5.070,00 ; R$ 5.114,50 ; R$ 5.062,50 ; R$ 5.106,50 
02/07/2021; R$ 5.051,00 ; R$ 5.088,50 ; R$ 5.001,50 ; R$ 5.074,50 
01/07/2021; R$ 4.979,00 ; R$ 5.070,00 ; R$ 4.962,00 ; R$ 5.061,50 
30/06/2021; R$ 4.977,00 ; R$ 5.040,00 ; R$ 4.967,50 ; R$ 4.987,00 
29/06/2021; R$ 4.943,00 ; R$ 4.971,50 ; R$ 4.922,00 ; R$ 4.956,50 
28/06/2021; R$ 4.951,00 ; R$ 4.973,50 ; R$ 4.919,00 ; R$ 4.929,00 
25/06/2021; R$ 4.916,50 ; R$ 4.977,00 ; R$ 4.895,50 ; R$ 4.936,50 
24/06/2021; R$ 4.968,50 ; R$ 4.970,50 ; R$ 4.900,50 ; R$ 4.918,50 
23/06/2021; R$ 4.966,50 ; R$ 4.983,50 ; R$ 4.940,50 ; R$ 4.970,00 
22/06/2021; R$ 5.019,00 ; R$ 5.050,00 ; R$ 4.961,00 ; R$ 4.961,00 
21/06/2021; R$ 5.078,50 ; R$ 5.087,50 ; R$ 5.018,00 ; R$ 5.019,00 
18/06/2021; R$ 5.013,50 ; R$ 5.115,50 ; R$ 4.988,00 ; R$ 5.095,50 
17/06/2021; R$ 5.075,00 ; R$ 5.083,50 ; R$ 5.013,50 ; R$ 5.013,50 
16/06/2021; R$ 5.061,00 ; R$ 5.089,50 ; R$ 5.001,00 ; R$ 5.063,00 
15/06/2021; R$ 5.073,00 ; R$ 5.113,50 ; R$ 5.047,50 ; R$ 5.051,00 
14/06/2021; R$ 5.115,00 ; R$ 5.121,00 ; R$ 5.064,50 ; R$ 5.070,00 
11/06/2021; R$ 5.060,00 ; R$ 5.149,00 ; R$ 5.059,50 ; R$ 5.129,00 
10/06/2021; R$ 5.072,50 ; R$ 5.102,00 ; R$ 5.042,50 ; R$ 5.066,50 
09/06/2021; R$ 5.036,00 ; R$ 5.096,50 ; R$ 5.030,00 ; R$ 5.074,50 
08/06/2021; R$ 5.055,00 ; R$ 5.080,00 ; R$ 5.033,00 ; R$ 5.047,50 
07/06/2021; R$ 5.052,00 ; R$ 5.082,00 ; R$ 5.030,00 ; R$ 5.068,00 
04/06/2021; R$ 5.122,00 ; R$ 5.124,00 ; R$ 5.044,50 ; R$ 5.060,00 
02/06/2021; R$ 5.170,00 ; R$ 5.187,50 ; R$ 5.080,00 ; R$ 5.088,50 
01/06/2021; R$ 5.213,50 ; R$ 5.222,00 ; R$ 5.154,00 ; R$ 5.164,50 
31/05/2021; R$ 5.243,00 ; R$ 5.277,00 ; R$ 5.212,50 ; R$ 5.232,50 
28/05/2021; R$ 5.258,00 ; R$ 5.261,00 ; R$ 5.210,00 ; R$ 5.227,00 
27/05/2021; R$ 5.307,00 ; R$ 5.313,50 ; R$ 5.236,50 ; R$ 5.238,00 
26/05/2021; R$ 5.326,50 ; R$ 5.344,00 ; R$ 5.289,50 ; R$ 5.314,50 
25/05/2021; R$ 5.314,00 ; R$ 5.350,00 ; R$ 5.297,00 ; R$ 5.333,50 
24/05/2021; R$ 5.365,00 ; R$ 5.378,50 ; R$ 5.314,00 ; R$ 5.320,50 
21/05/2021; R$ 5.290,00 ; R$ 5.375,50 ; R$ 5.275,50 ; R$ 5.367,50 
20/05/2021; R$ 5.310,00 ; R$ 5.312,50 ; R$ 5.275,00 ; R$ 5.289,50 
19/05/2021; R$ 5.292,50 ; R$ 5.331,50 ; R$ 5.265,00 ; R$ 5.318,00 
18/05/2021; R$ 5.270,00 ; R$ 5.287,50 ; R$ 5.237,00 ; R$ 5.267,00 
17/05/2021; R$ 5.295,00 ; R$ 5.327,00 ; R$ 5.252,50 ; R$ 5.283,50 
14/05/2021; R$ 5.295,00 ; R$ 5.304,50 ; R$ 5.252,50 ; R$ 5.280,00 
13/05/2021; R$ 5.311,50 ; R$ 5.341,00 ; R$ 5.261,00 ; R$ 5.314,50 
12/05/2021; R$ 5.243,50 ; R$ 5.328,00 ; R$ 5.219,50 ; R$ 5.316,00 
11/05/2021; R$ 5.247,50 ; R$ 5.291,00 ; R$ 5.212,50 ; R$ 5.231,50 
10/05/2021; R$ 5.248,50 ; R$ 5.262,00 ; R$ 5.206,50 ; R$ 5.234,00 
07/05/2021; R$ 5.292,50 ; R$ 5.305,50 ; R$ 5.214,00 ; R$ 5.249,50 
06/05/2021; R$ 5.358,00 ; R$ 5.386,50 ; R$ 5.269,00 ; R$ 5.290,50 
05/05/2021; R$ 5.450,50 ; R$ 5.457,50 ; R$ 5.363,50 ; R$ 5.365,50 
04/05/2021; R$ 5.474,00 ; R$ 5.496,50 ; R$ 5.424,00 ; R$ 5.459,50 
03/05/2021; R$ 5.428,00 ; R$ 5.468,50 ; R$ 5.386,50 ; R$ 5.453,50 
30/04/2021; R$ 5.369,00 ; R$ 5.461,00 ; R$ 5.348,00 ; R$ 5.452,50 
29/04/2021; R$ 5.350,50 ; R$ 5.380,00 ; R$ 5.325,50 ; R$ 5.339,50 
28/04/2021; R$ 5.453,00 ; R$ 5.458,00 ; R$ 5.344,50 ; R$ 5.346,00 
27/04/2021; R$ 5.441,00 ; R$ 5.469,00 ; R$ 5.412,00 ; R$ 5.453,00 
26/04/2021; R$ 5.458,00 ; R$ 5.492,00 ; R$ 5.435,00 ; R$ 5.440,00 
23/04/2021; R$ 5.432,00 ; R$ 5.526,00 ; R$ 5.427,00 ; R$ 5.477,50 
22/04/2021; R$ 5.558,00 ; R$ 5.563,50 ; R$ 5.441,00 ; R$ 5.448,00 
20/04/2021; R$ 5.571,00 ; R$ 5.592,00 ; R$ 5.506,50 ; R$ 5.572,50 
19/04/2021; R$ 5.575,50 ; R$ 5.626,00 ; R$ 5.531,50 ; R$ 5.549,00 
16/04/2021; R$ 5.620,00 ; R$ 5.682,00 ; R$ 5.571,00 ; R$ 5.591,50 
15/04/2021; R$ 5.659,00 ; R$ 5.668,50 ; R$ 5.601,50 ; R$ 5.622,00 
14/04/2021; R$ 5.708,00 ; R$ 5.741,50 ; R$ 5.651,50 ; R$ 5.662,00 
13/04/2021; R$ 5.740,50 ; R$ 5.763,00 ; R$ 5.669,00 ; R$ 5.723,00 
12/04/2021; R$ 5.684,00 ; R$ 5.749,00 ; R$ 5.637,50 ; R$ 5.743,00 
09/04/2021; R$ 5.605,00 ; R$ 5.697,00 ; R$ 5.600,00 ; R$ 5.697,00 
08/04/2021; R$ 5.615,00 ; R$ 5.625,00 ; R$ 5.546,00 ; R$ 5.578,50 
07/04/2021; R$ 5.597,00 ; R$ 5.663,00 ; R$ 5.556,50 ; R$ 5.625,50 
06/04/2021; R$ 5.675,00 ; R$ 5.678,50 ; R$ 5.583,00 ; R$ 5.599,50 
05/04/2021; R$ 5.678,50 ; R$ 5.692,50 ; R$ 5.642,00 ; R$ 5.672,00 
01/04/2021; R$ 5.635,00 ; R$ 5.737,00 ; R$ 5.616,50 ; R$ 5.718,50 
31/03/2021; R$ 5.773,00 ; R$ 5.778,00 ; R$ 5.630,50 ; R$ 5.641,00 
30/03/2021; R$ 5.784,00 ; R$ 5.804,00 ; R$ 5.722,00 ; R$ 5.774,00 
29/03/2021; R$ 5.767,00 ; R$ 5.806,50 ; R$ 5.737,00 ; R$ 5.783,00 
26/03/2021; R$ 5.654,00 ; R$ 5.759,00 ; R$ 5.645,50 ; R$ 5.757,00 
25/03/2021; R$ 5.627,50 ; R$ 5.683,50 ; R$ 5.619,50 ; R$ 5.651,00 
24/03/2021; R$ 5.510,00 ; R$ 5.644,00 ; R$ 5.492,50 ; R$ 5.628,00 
23/03/2021; R$ 5.542,00 ; R$ 5.553,00 ; R$ 5.467,00 ; R$ 5.527,50 
22/03/2021; R$ 5.510,00 ; R$ 5.549,50 ; R$ 5.497,00 ; R$ 5.514,00 
19/03/2021; R$ 5.530,00 ; R$ 5.553,00 ; R$ 5.451,50 ; R$ 5.492,00 
18/03/2021; R$ 5.508,00 ; R$ 5.584,00 ; R$ 5.480,00 ; R$ 5.565,00 
17/03/2021; R$ 5.665,00 ; R$ 5.686,00 ; R$ 5.573,00 ; R$ 5.586,00 
16/03/2021; R$ 5.631,00 ; R$ 5.639,00 ; R$ 5.562,00 ; R$ 5.628,00 
15/03/2021; R$ 5.560,00 ; R$ 5.660,50 ; R$ 5.536,50 ; R$ 5.621,00 
12/03/2021; R$ 5.577,50 ; R$ 5.586,50 ; R$ 5.550,00 ; R$ 5.556,50 
11/03/2021; R$ 5.595,00 ; R$ 5.627,00 ; R$ 5.532,00 ; R$ 5.542,50 
10/03/2021; R$ 5.801,50 ; R$ 5.819,50 ; R$ 5.649,50 ; R$ 5.678,50 
09/03/2021; R$ 5.840,00 ; R$ 5.880,00 ; R$ 5.774,00 ; R$ 5.808,00 
08/03/2021; R$ 5.740,00 ; R$ 5.882,50 ; R$ 5.710,00 ; R$ 5.882,50 
05/03/2021; R$ 5.683,00 ; R$ 5.727,00 ; R$ 5.657,50 ; R$ 5.697,00 
04/03/2021; R$ 5.591,00 ; R$ 5.690,00 ; R$ 5.550,00 ; R$ 5.675,00 
03/03/2021; R$ 5.693,50 ; R$ 5.779,50 ; R$ 5.586,50 ; R$ 5.622,00 
02/03/2021; R$ 5.673,00 ; R$ 5.740,50 ; R$ 5.648,50 ; R$ 5.686,00 
01/03/2021; R$ 5.593,00 ; R$ 5.650,00 ; R$ 5.563,00 ; R$ 5.647,50 
26/02/2021; R$ 5.536,50 ; R$ 5.627,50 ; R$ 5.497,50 ; R$ 5.610,00 
25/02/2021; R$ 5.436,50 ; R$ 5.541,50 ; R$ 5.418,50 ; R$ 5.535,50 
24/02/2021; R$ 5.417,50 ; R$ 5.444,00 ; R$ 5.391,00 ; R$ 5.405,00 
23/02/2021; R$ 5.452,50 ; R$ 5.484,50 ; R$ 5.409,00 ; R$ 5.442,50 
22/02/2021; R$ 5.510,00 ; R$ 5.535,50 ; R$ 5.433,00 ; R$ 5.467,00 
19/02/2021; R$ 5.462,50 ; R$ 5.472,00 ; R$ 5.370,00 ; R$ 5.383,00 
18/02/2021; R$ 5.392,50 ; R$ 5.455,50 ; R$ 5.388,50 ; R$ 5.431,50 
17/02/2021; R$ 5.429,00 ; R$ 5.435,50 ; R$ 5.392,00 ; R$ 5.414,00 
12/02/2021; R$ 5.405,00 ; R$ 5.415,00 ; R$ 5.357,00 ; R$ 5.373,00 
11/02/2021; R$ 5.374,00 ; R$ 5.414,00 ; R$ 5.336,50 ; R$ 5.370,50 
10/02/2021; R$ 5.383,00 ; R$ 5.439,50 ; R$ 5.352,00 ; R$ 5.391,00 
09/02/2021; R$ 5.364,00 ; R$ 5.450,50 ; R$ 5.354,50 ; R$ 5.383,00 
08/02/2021; R$ 5.400,00 ; R$ 5.424,00 ; R$ 5.308,00 ; R$ 5.371,00 
05/02/2021; R$ 5.412,00 ; R$ 5.459,00 ; R$ 5.347,50 ; R$ 5.375,00 
04/02/2021; R$ 5.375,00 ; R$ 5.460,00 ; R$ 5.359,00 ; R$ 5.430,00 
03/02/2021; R$ 5.366,00 ; R$ 5.397,50 ; R$ 5.323,50 ; R$ 5.356,50 
02/02/2021; R$ 5.400,50 ; R$ 5.424,00 ; R$ 5.346,50 ; R$ 5.371,50 
01/02/2021; R$ 5.437,50 ; R$ 5.489,00 ; R$ 5.422,00 ; R$ 5.435,50 
29/01/2021; R$ 5.422,00 ; R$ 5.509,00 ; R$ 5.421,00 ; R$ 5.465,50 
28/01/2021; R$ 5.430,00 ; R$ 5.465,00 ; R$ 5.391,00 ; R$ 5.442,00 
27/01/2021; R$ 5.371,50 ; R$ 5.420,00 ; R$ 5.350,00 ; R$ 5.415,00 
26/01/2021; R$ 5.471,00 ; R$ 5.479,00 ; R$ 5.313,50 ; R$ 5.356,00 
22/01/2021; R$ 5.405,00 ; R$ 5.489,00 ; R$ 5.396,50 ; R$ 5.469,50 
21/01/2021; R$ 5.249,00 ; R$ 5.401,50 ; R$ 5.232,50 ; R$ 5.353,00 
20/01/2021; R$ 5.338,00 ; R$ 5.358,00 ; R$ 5.284,00 ; R$ 5.294,00 
19/01/2021; R$ 5.270,50 ; R$ 5.371,00 ; R$ 5.242,00 ; R$ 5.362,50 
18/01/2021; R$ 5.313,50 ; R$ 5.324,50 ; R$ 5.238,00 ; R$ 5.302,00 
15/01/2021; R$ 5.244,00 ; R$ 5.312,50 ; R$ 5.226,00 ; R$ 5.294,50 
14/01/2021; R$ 5.297,00 ; R$ 5.305,00 ; R$ 5.194,00 ; R$ 5.199,00 
13/01/2021; R$ 5.351,50 ; R$ 5.358,00 ; R$ 5.273,50 ; R$ 5.303,00 
12/01/2021; R$ 5.475,00 ; R$ 5.498,00 ; R$ 5.315,50 ; R$ 5.329,50 
11/01/2021; R$ 5.457,00 ; R$ 5.520,00 ; R$ 5.453,00 ; R$ 5.489,00 
08/01/2021; R$ 5.387,50 ; R$ 5.444,50 ; R$ 5.325,50 ; R$ 5.422,50 
07/01/2021; R$ 5.345,50 ; R$ 5.423,50 ; R$ 5.303,50 ; R$ 5.421,00 
06/01/2021; R$ 5.272,50 ; R$ 5.364,00 ; R$ 5.237,00 ; R$ 5.322,00 
05/01/2021; R$ 5.290,50 ; R$ 5.358,50 ; R$ 5.257,00 ; R$ 5.295,00 
04/01/2021; R$ 5.131,00 ; R$ 5.302,50 ; R$ 5.122,00 ; R$ 5.302,50 
30/12/2020; R$ 5.189,00 ; R$ 5.237,50 ; R$ 5.153,50 ; R$ 5.202,50 
29/12/2020; R$ 5.227,00 ; R$ 5.246,00 ; R$ 5.163,00 ; R$ 5.214,00 
28/12/2020; R$ 5.180,00 ; R$ 5.311,00 ; R$ 5.163,50 ; R$ 5.238,00 
23/12/2020; R$ 5.146,00 ; R$ 5.220,00 ; R$ 5.129,00 ; R$ 5.220,00 
22/12/2020; R$ 5.136,00 ; R$ 5.171,50 ; R$ 5.109,00 ; R$ 5.159,50 
21/12/2020; R$ 5.203,00 ; R$ 5.224,50 ; R$ 5.111,50 ; R$ 5.118,50 
18/12/2020; R$ 5.099,50 ; R$ 5.116,50 ; R$ 5.071,50 ; R$ 5.102,00 
17/12/2020; R$ 5.060,00 ; R$ 5.086,50 ; R$ 5.039,00 ; R$ 5.057,50 
16/12/2020; R$ 5.063,00 ; R$ 5.143,00 ; R$ 5.061,00 ; R$ 5.083,00 
15/12/2020; R$ 5.094,00 ; R$ 5.125,00 ; R$ 5.075,00 ; R$ 5.084,50 
14/12/2020; R$ 5.039,00 ; R$ 5.131,00 ; R$ 5.010,50 ; R$ 5.117,50 
11/12/2020; R$ 5.055,00 ; R$ 5.089,00 ; R$ 5.029,50 ; R$ 5.070,50 
10/12/2020; R$ 5.112,00 ; R$ 5.133,00 ; R$ 5.016,00 ; R$ 5.027,50 
09/12/2020; R$ 5.100,50 ; R$ 5.198,00 ; R$ 5.087,00 ; R$ 5.172,50 
08/12/2020; R$ 5.121,50 ; R$ 5.139,50 ; R$ 5.063,00 ; R$ 5.120,00 
07/12/2020; R$ 5.170,00 ; R$ 5.170,00 ; R$ 5.057,50 ; R$ 5.099,50 
04/12/2020; R$ 5.149,00 ; R$ 5.184,50 ; R$ 5.116,50 ; R$ 5.159,00 
03/12/2020; R$ 5.222,00 ; R$ 5.231,50 ; R$ 5.122,00 ; R$ 5.153,50 
02/12/2020; R$ 5.226,00 ; R$ 5.255,50 ; R$ 5.206,50 ; R$ 5.220,00 
01/12/2020; R$ 5.317,00 ; R$ 5.330,50 ; R$ 5.203,50 ; R$ 5.208,50 
30/11/2020; R$ 5.301,00 ; R$ 5.398,00 ; R$ 5.275,50 ; R$ 5.335,00 
27/11/2020; R$ 5.331,00 ; R$ 5.380,00 ; R$ 5.320,00 ; R$ 5.348,00 
26/11/2020; R$ 5.345,50 ; R$ 5.358,50 ; R$ 5.296,00 ; R$ 5.337,00 
25/11/2020; R$ 5.392,00 ; R$ 5.398,50 ; R$ 5.305,00 ; R$ 5.322,00 
24/11/2020; R$ 5.419,00 ; R$ 5.429,00 ; R$ 5.371,00 ; R$ 5.374,50 
23/11/2020; R$ 5.356,00 ; R$ 5.451,50 ; R$ 5.340,00 ; R$ 5.442,00 
20/11/2020; R$ 5.290,00 ; R$ 5.397,50 ; R$ 5.289,00 ; R$ 5.381,50 
19/11/2020; R$ 5.383,00 ; R$ 5.386,00 ; R$ 5.300,50 ; R$ 5.308,00 
18/11/2020; R$ 5.333,00 ; R$ 5.375,00 ; R$ 5.277,00 ; R$ 5.365,00 
17/11/2020; R$ 5.392,00 ; R$ 5.425,50 ; R$ 5.325,00 ; R$ 5.335,50 
16/11/2020; R$ 5.431,00 ; R$ 5.460,00 ; R$ 5.367,00 ; R$ 5.421,00 
13/11/2020; R$ 5.455,50 ; R$ 5.529,50 ; R$ 5.450,50 ; R$ 5.461,50 
12/11/2020; R$ 5.400,00 ; R$ 5.494,00 ; R$ 5.357,00 ; R$ 5.463,00 
11/11/2020; R$ 5.412,50 ; R$ 5.461,00 ; R$ 5.378,00 ; R$ 5.396,00 
10/11/2020; R$ 5.390,00 ; R$ 5.423,50 ; R$ 5.339,00 ; R$ 5.418,50 
09/11/2020; R$ 5.283,50 ; R$ 5.429,50 ; R$ 5.228,00 ; R$ 5.390,00 
06/11/2020; R$ 5.520,00 ; R$ 5.578,00 ; R$ 5.363,00 ; R$ 5.370,00 
05/11/2020; R$ 5.615,00 ; R$ 5.635,50 ; R$ 5.526,00 ; R$ 5.529,50 
04/11/2020; R$ 5.768,00 ; R$ 5.768,00 ; R$ 5.648,50 ; R$ 5.656,50 
03/11/2020; R$ 5.705,00 ; R$ 5.772,00 ; R$ 5.654,00 ; R$ 5.761,00 
30/10/2020; R$ 5.782,00 ; R$ 5.814,00 ; R$ 5.728,50 ; R$ 5.763,00 
29/10/2020; R$ 5.785,00 ; R$ 5.792,00 ; R$ 5.745,00 ; R$ 5.784,00 
28/10/2020; R$ 5.733,50 ; R$ 5.793,00 ; R$ 5.703,00 ; R$ 5.749,00 
27/10/2020; R$ 5.610,50 ; R$ 5.712,50 ; R$ 5.600,50 ; R$ 5.709,50 
26/10/2020; R$ 5.646,50 ; R$ 5.664,50 ; R$ 5.612,00 ; R$ 5.624,50 
23/10/2020; R$ 5.576,00 ; R$ 5.636,50 ; R$ 5.567,00 ; R$ 5.621,50 
22/10/2020; R$ 5.616,00 ; R$ 5.628,00 ; R$ 5.564,00 ; R$ 5.601,00 
21/10/2020; R$ 5.601,50 ; R$ 5.630,00 ; R$ 5.572,50 ; R$ 5.610,00 
20/10/2020; R$ 5.607,00 ; R$ 5.629,00 ; R$ 5.550,00 ; R$ 5.609,50 
19/10/2020; R$ 5.622,00 ; R$ 5.637,00 ; R$ 5.569,00 ; R$ 5.611,00 
16/10/2020; R$ 5.610,00 ; R$ 5.657,00 ; R$ 5.600,50 ; R$ 5.647,50 
15/10/2020; R$ 5.633,00 ; R$ 5.651,00 ; R$ 5.592,00 ; R$ 5.616,00 
14/10/2020; R$ 5.595,50 ; R$ 5.608,00 ; R$ 5.538,00 ; R$ 5.597,00 
13/10/2020; R$ 5.527,50 ; R$ 5.629,50 ; R$ 5.523,50 ; R$ 5.565,50 
09/10/2020; R$ 5.585,00 ; R$ 5.587,50 ; R$ 5.514,50 ; R$ 5.542,00 
08/10/2020; R$ 5.595,50 ; R$ 5.651,50 ; R$ 5.581,50 ; R$ 5.604,50 
07/10/2020; R$ 5.565,00 ; R$ 5.644,00 ; R$ 5.555,00 ; R$ 5.615,00 
06/10/2020; R$ 5.543,00 ; R$ 5.622,00 ; R$ 5.487,50 ; R$ 5.595,50 
05/10/2020; R$ 5.660,00 ; R$ 5.682,00 ; R$ 5.556,00 ; R$ 5.580,00 
02/10/2020; R$ 5.660,50 ; R$ 5.697,50 ; R$ 5.611,50 ; R$ 5.690,50 
01/10/2020; R$ 5.578,00 ; R$ 5.669,00 ; R$ 5.577,50 ; R$ 5.646,50 
30/09/2020; R$ 5.632,00 ; R$ 5.670,00 ; R$ 5.590,50 ; R$ 5.616,00 
29/09/2020; R$ 5.646,00 ; R$ 5.679,00 ; R$ 5.605,50 ; R$ 5.635,00 
28/09/2020; R$ 5.520,00 ; R$ 5.674,50 ; R$ 5.518,50 ; R$ 5.659,50 
25/09/2020; R$ 5.541,50 ; R$ 5.588,50 ; R$ 5.535,00 ; R$ 5.562,00 
24/09/2020; R$ 5.590,50 ; R$ 5.624,50 ; R$ 5.494,00 ; R$ 5.509,00 
23/09/2020; R$ 5.508,50 ; R$ 5.599,50 ; R$ 5.490,00 ; R$ 5.594,50 
22/09/2020; R$ 5.426,50 ; R$ 5.497,00 ; R$ 5.383,50 ; R$ 5.472,00 
21/09/2020; R$ 5.452,00 ; R$ 5.498,50 ; R$ 5.389,00 ; R$ 5.418,50 
18/09/2020; R$ 5.254,50 ; R$ 5.401,00 ; R$ 5.245,50 ; R$ 5.391,50 
17/09/2020; R$ 5.270,00 ; R$ 5.293,00 ; R$ 5.229,00 ; R$ 5.239,50 
16/09/2020; R$ 5.251,00 ; R$ 5.276,00 ; R$ 5.213,00 ; R$ 5.240,00 
15/09/2020; R$ 5.239,50 ; R$ 5.303,50 ; R$ 5.223,00 ; R$ 5.278,00 
14/09/2020; R$ 5.308,00 ; R$ 5.326,50 ; R$ 5.265,50 ; R$ 5.273,00 
11/09/2020; R$ 5.297,50 ; R$ 5.353,00 ; R$ 5.263,00 ; R$ 5.320,50 
10/09/2020; R$ 5.307,00 ; R$ 5.336,00 ; R$ 5.272,50 ; R$ 5.325,00 
09/09/2020; R$ 5.346,00 ; R$ 5.346,50 ; R$ 5.282,00 ; R$ 5.312,50 
08/09/2020; R$ 5.364,00 ; R$ 5.413,50 ; R$ 5.319,50 ; R$ 5.366,00 
04/09/2020; R$ 5.307,50 ; R$ 5.332,50 ; R$ 5.251,00 ; R$ 5.303,00 
03/09/2020; R$ 5.375,00 ; R$ 5.380,00 ; R$ 5.277,50 ; R$ 5.298,00 
02/09/2020; R$ 5.417,00 ; R$ 5.436,00 ; R$ 5.346,00 ; R$ 5.346,50 
01/09/2020; R$ 5.452,50 ; R$ 5.460,00 ; R$ 5.340,50 ; R$ 5.407,50 
31/08/2020; R$ 5.415,50 ; R$ 5.500,00 ; R$ 5.407,00 ; R$ 5.498,00 
28/08/2020; R$ 5.517,00 ; R$ 5.527,00 ; R$ 5.386,50 ; R$ 5.390,50 
27/08/2020; R$ 5.598,50 ; R$ 5.622,50 ; R$ 5.545,00 ; R$ 5.571,50 
26/08/2020; R$ 5.531,00 ; R$ 5.634,50 ; R$ 5.526,00 ; R$ 5.612,00 
25/08/2020; R$ 5.585,00 ; R$ 5.615,00 ; R$ 5.506,50 ; R$ 5.510,00 
24/08/2020; R$ 5.580,50 ; R$ 5.617,00 ; R$ 5.560,50 ; R$ 5.616,00 
21/08/2020; R$ 5.564,50 ; R$ 5.635,00 ; R$ 5.557,50 ; R$ 5.625,00 
20/08/2020; R$ 5.615,00 ; R$ 5.674,50 ; R$ 5.540,50 ; R$ 5.562,50 
19/08/2020; R$ 5.451,00 ; R$ 5.564,00 ; R$ 5.437,00 ; R$ 5.563,50 
18/08/2020; R$ 5.446,50 ; R$ 5.518,50 ; R$ 5.423,00 ; R$ 5.467,00 
17/08/2020; R$ 5.442,00 ; R$ 5.517,00 ; R$ 5.411,50 ; R$ 5.512,50 
14/08/2020; R$ 5.402,00 ; R$ 5.445,00 ; R$ 5.362,00 ; R$ 5.426,00 
13/08/2020; R$ 5.419,00 ; R$ 5.427,00 ; R$ 5.353,50 ; R$ 5.375,00 
12/08/2020; R$ 5.406,50 ; R$ 5.496,50 ; R$ 5.403,50 ; R$ 5.440,00 
11/08/2020; R$ 5.443,50 ; R$ 5.468,00 ; R$ 5.376,00 ; R$ 5.385,50 
10/08/2020; R$ 5.434,00 ; R$ 5.496,50 ; R$ 5.356,50 ; R$ 5.486,50 
07/08/2020; R$ 5.350,00 ; R$ 5.445,00 ; R$ 5.345,00 ; R$ 5.443,50 
06/08/2020; R$ 5.346,00 ; R$ 5.377,00 ; R$ 5.324,00 ; R$ 5.335,00 
05/08/2020; R$ 5.254,00 ; R$ 5.325,50 ; R$ 5.238,00 ; R$ 5.299,50 
04/08/2020; R$ 5.352,00 ; R$ 5.382,50 ; R$ 5.280,00 ; R$ 5.288,00 
03/08/2020; R$ 5.235,50 ; R$ 5.342,00 ; R$ 5.216,50 ; R$ 5.329,50 
31/07/2020; R$ 5.189,50 ; R$ 5.235,50 ; R$ 5.168,50 ; R$ 5.231,50 
30/07/2020; R$ 5.204,00 ; R$ 5.217,00 ; R$ 5.145,00 ; R$ 5.154,00 
29/07/2020; R$ 5.144,00 ; R$ 5.184,50 ; R$ 5.116,00 ; R$ 5.172,50 
28/07/2020; R$ 5.186,50 ; R$ 5.204,50 ; R$ 5.136,50 ; R$ 5.165,00 
27/07/2020; R$ 5.194,00 ; R$ 5.225,00 ; R$ 5.142,50 ; R$ 5.150,00 
24/07/2020; R$ 5.224,50 ; R$ 5.254,50 ; R$ 5.161,00 ; R$ 5.236,00 
23/07/2020; R$ 5.138,50 ; R$ 5.227,50 ; R$ 5.125,50 ; R$ 5.212,50 
22/07/2020; R$ 5.179,00 ; R$ 5.205,00 ; R$ 5.085,00 ; R$ 5.124,00 
21/07/2020; R$ 5.306,50 ; R$ 5.313,50 ; R$ 5.168,00 ; R$ 5.173,50 
20/07/2020; R$ 5.371,00 ; R$ 5.394,00 ; R$ 5.331,00 ; R$ 5.336,00 
17/07/2020; R$ 5.333,50 ; R$ 5.395,50 ; R$ 5.319,50 ; R$ 5.395,00 
16/07/2020; R$ 5.384,50 ; R$ 5.397,00 ; R$ 5.311,00 ; R$ 5.336,00 
15/07/2020; R$ 5.319,00 ; R$ 5.394,50 ; R$ 5.296,00 ; R$ 5.370,00 
14/07/2020; R$ 5.391,50 ; R$ 5.458,50 ; R$ 5.335,00 ; R$ 5.373,50 
13/07/2020; R$ 5.319,00 ; R$ 5.414,50 ; R$ 5.314,00 ; R$ 5.409,00 
10/07/2020; R$ 5.372,50 ; R$ 5.399,50 ; R$ 5.317,50 ; R$ 5.329,50 
09/07/2020; R$ 5.338,00 ; R$ 5.384,00 ; R$ 5.251,50 ; R$ 5.348,00 
08/07/2020; R$ 5.367,50 ; R$ 5.399,50 ; R$ 5.324,00 ; R$ 5.343,00 
07/07/2020; R$ 5.394,50 ; R$ 5.408,00 ; R$ 5.295,50 ; R$ 5.381,00 
06/07/2020; R$ 5.276,50 ; R$ 5.368,50 ; R$ 5.268,00 ; R$ 5.364,50 
03/07/2020; R$ 5.353,00 ; R$ 5.387,50 ; R$ 5.312,50 ; R$ 5.318,00 
02/07/2020; R$ 5.285,00 ; R$ 5.383,50 ; R$ 5.273,50 ; R$ 5.371,50 
01/07/2020; R$ 5.463,00 ; R$ 5.482,50 ; R$ 5.305,50 ; R$ 5.324,00 
30/06/2020; R$ 5.431,00 ; R$ 5.514,00 ; R$ 5.411,00 ; R$ 5.465,50 
29/06/2020; R$ 5.460,50 ; R$ 5.472,50 ; R$ 5.390,00 ; R$ 5.405,50 
26/06/2020; R$ 5.378,50 ; R$ 5.493,50 ; R$ 5.368,00 ; R$ 5.485,00 
25/06/2020; R$ 5.377,00 ; R$ 5.389,00 ; R$ 5.268,00 ; R$ 5.365,00 
24/06/2020; R$ 5.179,50 ; R$ 5.355,50 ; R$ 5.166,00 ; R$ 5.352,00 
23/06/2020; R$ 5.205,00 ; R$ 5.228,50 ; R$ 5.135,50 ; R$ 5.157,00 
22/06/2020; R$ 5.294,50 ; R$ 5.299,50 ; R$ 5.201,50 ; R$ 5.255,50 
19/06/2020; R$ 5.328,00 ; R$ 5.384,00 ; R$ 5.290,50 ; R$ 5.316,50 
18/06/2020; R$ 5.302,50 ; R$ 5.391,00 ; R$ 5.294,00 ; R$ 5.384,50 
17/06/2020; R$ 5.230,00 ; R$ 5.275,50 ; R$ 5.185,50 ; R$ 5.229,00 
16/06/2020; R$ 5.118,50 ; R$ 5.258,50 ; R$ 5.052,50 ; R$ 5.249,00 
15/06/2020; R$ 5.135,00 ; R$ 5.229,00 ; R$ 5.083,00 ; R$ 5.153,50 
12/06/2020; R$ 5.092,50 ; R$ 5.116,00 ; R$ 5.005,50 ; R$ 5.055,50 
10/06/2020; R$ 4.861,00 ; R$ 4.983,50 ; R$ 4.841,50 ; R$ 4.981,50 
09/06/2020; R$ 4.873,50 ; R$ 4.941,00 ; R$ 4.864,00 ; R$ 4.906,00 
08/06/2020; R$ 4.967,00 ; R$ 4.981,50 ; R$ 4.820,50 ; R$ 4.820,50 
05/06/2020; R$ 5.061,00 ; R$ 5.086,00 ; R$ 4.940,00 ; R$ 4.972,00 
04/06/2020; R$ 5.065,00 ; R$ 5.149,00 ; R$ 5.031,00 ; R$ 5.125,00 
03/06/2020; R$ 5.215,00 ; R$ 5.221,50 ; R$ 5.023,00 ; R$ 5.073,00 
02/06/2020; R$ 5.331,00 ; R$ 5.346,00 ; R$ 5.205,50 ; R$ 5.210,50 
01/06/2020; R$ 5.340,00 ; R$ 5.425,50 ; R$ 5.317,00 ; R$ 5.374,00 
29/05/2020; R$ 5.390,00 ; R$ 5.469,50 ; R$ 5.326,00 ; R$ 5.346,50 
28/05/2020; R$ 5.283,00 ; R$ 5.413,00 ; R$ 5.282,00 ; R$ 5.408,00 
27/05/2020; R$ 5.343,00 ; R$ 5.361,00 ; R$ 5.270,00 ; R$ 5.274,50 
26/05/2020; R$ 5.375,50 ; R$ 5.403,00 ; R$ 5.335,50 ; R$ 5.355,00 
25/05/2020; R$ 5.508,50 ; R$ 5.531,50 ; R$ 5.434,50 ; R$ 5.445,00 
22/05/2020; R$ 5.579,00 ; R$ 5.627,50 ; R$ 5.524,50 ; R$ 5.535,00 
21/05/2020; R$ 5.700,00 ; R$ 5.708,50 ; R$ 5.549,50 ; R$ 5.557,50 
20/05/2020; R$ 5.725,00 ; R$ 5.756,00 ; R$ 5.672,50 ; R$ 5.695,50 
19/05/2020; R$ 5.697,00 ; R$ 5.771,50 ; R$ 5.686,00 ; R$ 5.762,00 
18/05/2020; R$ 5.790,50 ; R$ 5.808,50 ; R$ 5.698,50 ; R$ 5.725,00 
15/05/2020; R$ 5.875,50 ; R$ 5.884,50 ; R$ 5.765,50 ; R$ 5.861,00 
14/05/2020; R$ 5.927,50 ; R$ 5.977,50 ; R$ 5.808,00 ; R$ 5.822,50 
13/05/2020; R$ 5.832,50 ; R$ 5.949,50 ; R$ 5.823,50 ; R$ 5.889,00 
12/05/2020; R$ 5.800,00 ; R$ 5.902,00 ; R$ 5.749,00 ; R$ 5.894,50 
11/05/2020; R$ 5.793,50 ; R$ 5.847,50 ; R$ 5.771,00 ; R$ 5.824,50 
08/05/2020; R$ 5.808,50 ; R$ 5.836,00 ; R$ 5.725,00 ; R$ 5.751,50 
07/05/2020; R$ 5.786,00 ; R$ 5.884,50 ; R$ 5.751,00 ; R$ 5.846,50 
06/05/2020; R$ 5.603,00 ; R$ 5.732,50 ; R$ 5.603,00 ; R$ 5.727,00 
05/05/2020; R$ 5.535,50 ; R$ 5.613,50 ; R$ 5.491,00 ; R$ 5.588,00 
04/05/2020; R$ 5.612,00 ; R$ 5.622,00 ; R$ 5.528,50 ; R$ 5.554,00 
30/04/2020; R$ 5.357,00 ; R$ 5.499,00 ; R$ 5.338,00 ; R$ 5.496,00 
29/04/2020; R$ 5.468,00 ; R$ 5.528,50 ; R$ 5.332,50 ; R$ 5.334,50 
28/04/2020; R$ 5.626,00 ; R$ 5.631,00 ; R$ 5.472,00 ; R$ 5.498,00 
27/04/2020; R$ 5.553,00 ; R$ 5.728,50 ; R$ 5.536,00 ; R$ 5.657,50 
24/04/2020; R$ 5.556,00 ; R$ 5.751,00 ; R$ 5.555,00 ; R$ 5.589,00 
23/04/2020; R$ 5.452,00 ; R$ 5.560,00 ; R$ 5.404,50 ; R$ 5.539,00 
22/04/2020; R$ 5.323,50 ; R$ 5.468,50 ; R$ 5.306,00 ; R$ 5.463,50 
20/04/2020; R$ 5.286,00 ; R$ 5.323,50 ; R$ 5.269,00 ; R$ 5.319,00 
17/04/2020; R$ 5.215,00 ; R$ 5.280,50 ; R$ 5.211,50 ; R$ 5.241,00 
16/04/2020; R$ 5.257,00 ; R$ 5.273,00 ; R$ 5.206,50 ; R$ 5.241,50 
15/04/2020; R$ 5.225,00 ; R$ 5.274,00 ; R$ 5.220,00 ; R$ 5.246,50 
14/04/2020; R$ 5.193,00 ; R$ 5.218,00 ; R$ 5.154,50 ; R$ 5.172,00 
13/04/2020; R$ 5.127,50 ; R$ 5.214,50 ; R$ 5.110,50 ; R$ 5.208,00 
09/04/2020; R$ 5.114,50 ; R$ 5.159,50 ; R$ 5.056,00 ; R$ 5.114,00 
08/04/2020; R$ 5.220,50 ; R$ 5.255,50 ; R$ 5.118,00 ; R$ 5.125,00 
07/04/2020; R$ 5.193,00 ; R$ 5.259,00 ; R$ 5.190,00 ; R$ 5.230,50 
06/04/2020; R$ 5.314,50 ; R$ 5.319,50 ; R$ 5.233,00 ; R$ 5.294,50 
03/04/2020; R$ 5.285,00 ; R$ 5.365,50 ; R$ 5.277,00 ; R$ 5.364,00 
02/04/2020; R$ 5.258,00 ; R$ 5.294,00 ; R$ 5.231,50 ; R$ 5.265,50 
01/04/2020; R$ 5.238,50 ; R$ 5.283,50 ; R$ 5.231,00 ; R$ 5.260,50 
31/03/2020; R$ 5.190,00 ; R$ 5.223,50 ; R$ 5.178,00 ; R$ 5.214,00 
30/03/2020; R$ 5.121,00 ; R$ 5.198,00 ; R$ 5.112,00 ; R$ 5.196,50 
27/03/2020; R$ 5.050,00 ; R$ 5.128,00 ; R$ 5.045,00 ; R$ 5.102,50 
26/03/2020; R$ 5.053,50 ; R$ 5.066,50 ; R$ 4.974,00 ; R$ 5.023,50 
25/03/2020; R$ 5.083,50 ; R$ 5.110,50 ; R$ 4.973,50 ; R$ 5.037,00 
24/03/2020; R$ 5.051,00 ; R$ 5.108,50 ; R$ 5.048,00 ; R$ 5.104,00 
23/03/2020; R$ 5.095,00 ; R$ 5.150,00 ; R$ 5.006,00 ; R$ 5.148,50 
20/03/2020; R$ 5.009,50 ; R$ 5.069,50 ; R$ 4.985,00 ; R$ 5.067,50 
19/03/2020; R$ 5.199,50 ; R$ 5.225,00 ; R$ 5.071,00 ; R$ 5.097,50 
18/03/2020; R$ 5.145,00 ; R$ 5.260,00 ; R$ 5.057,00 ; R$ 5.108,00 
17/03/2020; R$ 5.058,00 ; R$ 5.089,00 ; R$ 4.960,50 ; R$ 5.011,00 
16/03/2020; R$ 4.980,00 ; R$ 5.081,00 ; R$ 4.885,00 ; R$ 4.996,00 
13/03/2020; R$ 4.757,00 ; R$ 4.886,00 ; R$ 4.648,50 ; R$ 4.835,00 
12/03/2020; R$ 5.027,00 ; R$ 5.034,00 ; R$ 4.755,50 ; R$ 4.801,00 
11/03/2020; R$ 4.674,50 ; R$ 4.850,50 ; R$ 4.661,50 ; R$ 4.831,50 
10/03/2020; R$ 4.688,00 ; R$ 4.711,00 ; R$ 4.642,50 ; R$ 4.653,50 
09/03/2020; R$ 4.765,50 ; R$ 4.799,00 ; R$ 4.713,00 ; R$ 4.733,00 
06/03/2020; R$ 4.636,50 ; R$ 4.678,50 ; R$ 4.617,00 ; R$ 4.635,00 
05/03/2020; R$ 4.612,00 ; R$ 4.674,50 ; R$ 4.595,00 ; R$ 4.617,00 
04/03/2020; R$ 4.514,00 ; R$ 4.598,00 ; R$ 4.511,50 ; R$ 4.595,50 
03/03/2020; R$ 4.483,50 ; R$ 4.526,00 ; R$ 4.460,50 ; R$ 4.524,50 
02/03/2020; R$ 4.508,50 ; R$ 4.514,50 ; R$ 4.477,00 ; R$ 4.482,50 
28/02/2020; R$ 4.510,00 ; R$ 4.522,50 ; R$ 4.473,00 ; R$ 4.497,00 
27/02/2020; R$ 4.451,00 ; R$ 4.502,00 ; R$ 4.448,50 ; R$ 4.487,50 
26/02/2020; R$ 4.418,00 ; R$ 4.456,00 ; R$ 4.405,00 ; R$ 4.452,00 
21/02/2020; R$ 4.402,00 ; R$ 4.406,50 ; R$ 4.373,00 ; R$ 4.391,00 
20/02/2020; R$ 4.383,50 ; R$ 4.399,50 ; R$ 4.359,50 ; R$ 4.395,50 
19/02/2020; R$ 4.365,50 ; R$ 4.378,00 ; R$ 4.360,00 ; R$ 4.366,00 
18/02/2020; R$ 4.345,00 ; R$ 4.365,50 ; R$ 4.339,00 ; R$ 4.357,50 
17/02/2020; R$ 4.309,50 ; R$ 4.333,50 ; R$ 4.304,50 ; R$ 4.329,50 
14/02/2020; R$ 4.326,00 ; R$ 4.336,50 ; R$ 4.292,50 ; R$ 4.300,00 
13/02/2020; R$ 4.380,50 ; R$ 4.385,50 ; R$ 4.311,50 ; R$ 4.353,50 
12/02/2020; R$ 4.323,50 ; R$ 4.361,00 ; R$ 4.323,50 ; R$ 4.359,00 
11/02/2020; R$ 4.317,00 ; R$ 4.344,00 ; R$ 4.301,50 ; R$ 4.334,50 
10/02/2020; R$ 4.316,00 ; R$ 4.333,50 ; R$ 4.309,00 ; R$ 4.330,50 
07/02/2020; R$ 4.300,50 ; R$ 4.328,50 ; R$ 4.291,50 ; R$ 4.327,00 
06/02/2020; R$ 4.223,00 ; R$ 4.291,50 ; R$ 4.213,50 ; R$ 4.288,00 
05/02/2020; R$ 4.252,50 ; R$ 4.266,00 ; R$ 4.232,50 ; R$ 4.241,00 
04/02/2020; R$ 4.239,00 ; R$ 4.268,00 ; R$ 4.229,50 ; R$ 4.261,00 
03/02/2020; R$ 4.276,50 ; R$ 4.279,00 ; R$ 4.236,50 ; R$ 4.253,50 
31/01/2020; R$ 4.266,00 ; R$ 4.296,00 ; R$ 4.252,50 ; R$ 4.289,00 
30/01/2020; R$ 4.246,00 ; R$ 4.273,00 ; R$ 4.239,00 ; R$ 4.244,50 
29/01/2020; R$ 4.198,50 ; R$ 4.234,50 ; R$ 4.183,00 ; R$ 4.232,00 
28/01/2020; R$ 4.205,00 ; R$ 4.217,50 ; R$ 4.189,00 ; R$ 4.195,00 
27/01/2020; R$ 4.213,50 ; R$ 4.233,00 ; R$ 4.201,00 ; R$ 4.209,00 
24/01/2020; R$ 4.170,00 ; R$ 4.194,00 ; R$ 4.168,00 ; R$ 4.183,50 
23/01/2020; R$ 4.189,50 ; R$ 4.193,00 ; R$ 4.159,00 ; R$ 4.173,00 
22/01/2020; R$ 4.203,00 ; R$ 4.208,00 ; R$ 4.176,00 ; R$ 4.185,00 
21/01/2020; R$ 4.201,50 ; R$ 4.221,00 ; R$ 4.186,00 ; R$ 4.215,50 
20/01/2020; R$ 4.168,50 ; R$ 4.195,00 ; R$ 4.167,00 ; R$ 4.194,50 
17/01/2020; R$ 4.179,50 ; R$ 4.196,50 ; R$ 4.163,00 ; R$ 4.166,00 
16/01/2020; R$ 4.173,50 ; R$ 4.204,50 ; R$ 4.164,00 ; R$ 4.189,00 
15/01/2020; R$ 4.150,50 ; R$ 4.190,00 ; R$ 4.143,00 ; R$ 4.180,00 
14/01/2020; R$ 4.148,00 ; R$ 4.166,00 ; R$ 4.126,50 ; R$ 4.137,50 
13/01/2020; R$ 4.094,00 ; R$ 4.152,00 ; R$ 4.093,50 ; R$ 4.152,00 
10/01/2020; R$ 4.089,00 ; R$ 4.110,00 ; R$ 4.067,00 ; R$ 4.101,00 
09/01/2020; R$ 4.062,50 ; R$ 4.100,00 ; R$ 4.062,50 ; R$ 4.098,50 
08/01/2020; R$ 4.066,50 ; R$ 4.083,50 ; R$ 4.045,50 ; R$ 4.069,00 
07/01/2020; R$ 4.066,00 ; R$ 4.098,50 ; R$ 4.061,00 ; R$ 4.074,50 
06/01/2020; R$ 4.062,00 ; R$ 4.080,50 ; R$ 4.053,00 ; R$ 4.067,50 
03/01/2020; R$ 4.066,00 ; R$ 4.075,50 ; R$ 4.037,50 ; R$ 4.062,50 
02/01/2020; R$ 4.016,50 ; R$ 4.046,00 ; R$ 4.008,50 ; R$ 4.030,50 
30/12/2019; R$ 4.040,50 ; R$ 4.051,00 ; R$ 4.013,50 ; R$ 4.025,00 
27/12/2019; R$ 4.046,50 ; R$ 4.060,50 ; R$ 4.034,50 ; R$ 4.043,50 
26/12/2019; R$ 4.075,50 ; R$ 4.083,50 ; R$ 4.046,00 ; R$ 4.056,00 
23/12/2019; R$ 4.091,50 ; R$ 4.096,50 ; R$ 4.058,00 ; R$ 4.083,50 
20/12/2019; R$ 4.071,00 ; R$ 4.104,50 ; R$ 4.059,00 ; R$ 4.104,50 
19/12/2019; R$ 4.066,00 ; R$ 4.071,50 ; R$ 4.052,00 ; R$ 4.071,00 
18/12/2019; R$ 4.072,00 ; R$ 4.076,50 ; R$ 4.046,00 ; R$ 4.064,00 
17/12/2019; R$ 4.062,00 ; R$ 4.078,50 ; R$ 4.051,50 ; R$ 4.069,50 
16/12/2019; R$ 4.103,00 ; R$ 4.104,50 ; R$ 4.056,00 ; R$ 4.062,50 
13/12/2019; R$ 4.085,00 ; R$ 4.120,00 ; R$ 4.076,50 ; R$ 4.111,00 
12/12/2019; R$ 4.117,00 ; R$ 4.134,00 ; R$ 4.084,50 ; R$ 4.092,50 
11/12/2019; R$ 4.144,00 ; R$ 4.146,50 ; R$ 4.112,00 ; R$ 4.127,00 
10/12/2019; R$ 4.141,50 ; R$ 4.155,00 ; R$ 4.136,50 ; R$ 4.150,50 
09/12/2019; R$ 4.148,50 ; R$ 4.164,50 ; R$ 4.128,50 ; R$ 4.145,50 
06/12/2019; R$ 4.185,00 ; R$ 4.199,00 ; R$ 4.139,00 ; R$ 4.145,50 
05/12/2019; R$ 4.206,50 ; R$ 4.228,00 ; R$ 4.181,50 ; R$ 4.189,00 
04/12/2019; R$ 4.198,50 ; R$ 4.215,50 ; R$ 4.188,00 ; R$ 4.213,00 
03/12/2019; R$ 4.217,00 ; R$ 4.220,00 ; R$ 4.191,50 ; R$ 4.212,00 
02/12/2019; R$ 4.258,00 ; R$ 4.260,00 ; R$ 4.214,50 ; R$ 4.230,00 
29/11/2019; R$ 4.204,00 ; R$ 4.252,00 ; R$ 4.189,00 ; R$ 4.243,50 
28/11/2019; R$ 4.253,00 ; R$ 4.261,50 ; R$ 4.186,50 ; R$ 4.190,00 
27/11/2019; R$ 4.228,50 ; R$ 4.271,50 ; R$ 4.228,00 ; R$ 4.264,50 
26/11/2019; R$ 4.248,00 ; R$ 4.278,00 ; R$ 4.229,00 ; R$ 4.233,50 
25/11/2019; R$ 4.196,00 ; R$ 4.233,50 ; R$ 4.190,50 ; R$ 4.229,00 
22/11/2019; R$ 4.197,50 ; R$ 4.203,50 ; R$ 4.175,50 ; R$ 4.200,00 
21/11/2019; R$ 4.206,00 ; R$ 4.226,50 ; R$ 4.187,00 ; R$ 4.197,50 
19/11/2019; R$ 4.211,50 ; R$ 4.223,00 ; R$ 4.190,50 ; R$ 4.198,00 
18/11/2019; R$ 4.180,00 ; R$ 4.225,00 ; R$ 4.173,50 ; R$ 4.224,50 
14/11/2019; R$ 4.178,00 ; R$ 4.204,00 ; R$ 4.168,00 ; R$ 4.199,50 
13/11/2019; R$ 4.180,00 ; R$ 4.195,00 ; R$ 4.167,50 ; R$ 4.177,00 
12/11/2019; R$ 4.150,50 ; R$ 4.192,50 ; R$ 4.148,00 ; R$ 4.174,00 
11/11/2019; R$ 4.165,00 ; R$ 4.176,50 ; R$ 4.141,00 ; R$ 4.159,00 
08/11/2019; R$ 4.123,00 ; R$ 4.176,00 ; R$ 4.114,00 ; R$ 4.169,50 
07/11/2019; R$ 4.059,50 ; R$ 4.109,50 ; R$ 4.048,00 ; R$ 4.106,50 
06/11/2019; R$ 3.999,50 ; R$ 4.094,00 ; R$ 3.982,50 ; R$ 4.086,50 
05/11/2019; R$ 4.007,00 ; R$ 4.030,00 ; R$ 3.990,00 ; R$ 4.000,00 
04/11/2019; R$ 3.985,00 ; R$ 4.026,00 ; R$ 3.982,00 ; R$ 4.019,50 
01/11/2019; R$ 4.012,50 ; R$ 4.017,00 ; R$ 3.976,50 ; R$ 3.997,00 
31/10/2019; R$ 3.981,50 ; R$ 4.044,50 ; R$ 3.972,00 ; R$ 4.024,00 
30/10/2019; R$ 4.005,00 ; R$ 4.032,00 ; R$ 3.981,50 ; R$ 3.992,00 
29/10/2019; R$ 3.994,00 ; R$ 4.006,50 ; R$ 3.984,00 ; R$ 3.999,50 
28/10/2019; R$ 4.007,00 ; R$ 4.011,00 ; R$ 3.974,00 ; R$ 3.992,00 
25/10/2019; R$ 4.026,50 ; R$ 4.035,00 ; R$ 3.994,00 ; R$ 4.005,50 
24/10/2019; R$ 4.032,00 ; R$ 4.047,00 ; R$ 4.000,50 ; R$ 4.041,50 
23/10/2019; R$ 4.086,50 ; R$ 4.095,00 ; R$ 4.031,50 ; R$ 4.036,50 
22/10/2019; R$ 4.130,50 ; R$ 4.131,50 ; R$ 4.065,00 ; R$ 4.084,00 
21/10/2019; R$ 4.123,00 ; R$ 4.156,00 ; R$ 4.121,00 ; R$ 4.133,50 
18/10/2019; R$ 4.162,00 ; R$ 4.168,00 ; R$ 4.115,00 ; R$ 4.117,50 
17/10/2019; R$ 4.149,00 ; R$ 4.186,00 ; R$ 4.132,00 ; R$ 4.168,00 
16/10/2019; R$ 4.179,00 ; R$ 4.191,50 ; R$ 4.152,00 ; R$ 4.156,50 
15/10/2019; R$ 4.128,00 ; R$ 4.187,00 ; R$ 4.127,00 ; R$ 4.185,00 
14/10/2019; R$ 4.117,00 ; R$ 4.143,00 ; R$ 4.114,00 ; R$ 4.131,50 
11/10/2019; R$ 4.097,50 ; R$ 4.132,00 ; R$ 4.085,50 ; R$ 4.110,50 
10/10/2019; R$ 4.107,00 ; R$ 4.143,00 ; R$ 4.095,50 ; R$ 4.115,50 
09/10/2019; R$ 4.083,50 ; R$ 4.117,00 ; R$ 4.077,00 ; R$ 4.115,50 
08/10/2019; R$ 4.118,50 ; R$ 4.119,50 ; R$ 4.080,00 ; R$ 4.102,00 
07/10/2019; R$ 4.076,00 ; R$ 4.117,00 ; R$ 4.065,50 ; R$ 4.115,00 
04/10/2019; R$ 4.089,00 ; R$ 4.095,00 ; R$ 4.058,00 ; R$ 4.065,00 
03/10/2019; R$ 4.136,50 ; R$ 4.138,50 ; R$ 4.082,50 ; R$ 4.092,50 
02/10/2019; R$ 4.185,00 ; R$ 4.186,00 ; R$ 4.136,00 ; R$ 4.136,50 
01/10/2019; R$ 4.173,00 ; R$ 4.193,50 ; R$ 4.162,00 ; R$ 4.165,50 
30/09/2019; R$ 4.165,50 ; R$ 4.180,50 ; R$ 4.151,00 ; R$ 4.162,50 
27/09/2019; R$ 4.165,00 ; R$ 4.168,00 ; R$ 4.145,50 ; R$ 4.155,50 
26/09/2019; R$ 4.149,00 ; R$ 4.173,50 ; R$ 4.122,50 ; R$ 4.172,00 
25/09/2019; R$ 4.186,00 ; R$ 4.195,00 ; R$ 4.145,50 ; R$ 4.149,00 
24/09/2019; R$ 4.154,00 ; R$ 4.185,50 ; R$ 4.153,00 ; R$ 4.165,00 
23/09/2019; R$ 4.147,50 ; R$ 4.186,50 ; R$ 4.145,50 ; R$ 4.165,50 
20/09/2019; R$ 4.167,00 ; R$ 4.185,50 ; R$ 4.148,00 ; R$ 4.151,00 
19/09/2019; R$ 4.134,00 ; R$ 4.171,00 ; R$ 4.127,50 ; R$ 4.170,50 
18/09/2019; R$ 4.081,00 ; R$ 4.116,50 ; R$ 4.075,00 ; R$ 4.114,00 
17/09/2019; R$ 4.093,50 ; R$ 4.119,50 ; R$ 4.075,00 ; R$ 4.079,50 
16/09/2019; R$ 4.096,50 ; R$ 4.109,50 ; R$ 4.078,50 ; R$ 4.084,00 
13/09/2019; R$ 4.051,00 ; R$ 4.098,50 ; R$ 4.046,00 ; R$ 4.088,50 
12/09/2019; R$ 4.050,00 ; R$ 4.075,50 ; R$ 4.031,50 ; R$ 4.064,50 
11/09/2019; R$ 4.098,00 ; R$ 4.098,50 ; R$ 4.056,50 ; R$ 4.072,00 
10/09/2019; R$ 4.098,50 ; R$ 4.135,00 ; R$ 4.084,00 ; R$ 4.086,50 
09/09/2019; R$ 4.053,50 ; R$ 4.110,00 ; R$ 4.053,00 ; R$ 4.101,00 
06/09/2019; R$ 4.100,00 ; R$ 4.103,00 ; R$ 4.060,50 ; R$ 4.068,00 
05/09/2019; R$ 4.092,00 ; R$ 4.121,50 ; R$ 4.076,00 ; R$ 4.115,50 
04/09/2019; R$ 4.144,00 ; R$ 4.159,50 ; R$ 4.095,50 ; R$ 4.101,00 
03/09/2019; R$ 4.185,00 ; R$ 4.193,00 ; R$ 4.158,00 ; R$ 4.175,00 
02/09/2019; R$ 4.149,00 ; R$ 4.197,50 ; R$ 4.148,00 ; R$ 4.193,50 
30/08/2019; R$ 4.155,50 ; R$ 4.171,50 ; R$ 4.128,50 ; R$ 4.147,50 
29/08/2019; R$ 4.164,00 ; R$ 4.177,50 ; R$ 4.143,00 ; R$ 4.171,00 
28/08/2019; R$ 4.142,00 ; R$ 4.169,50 ; R$ 4.131,00 ; R$ 4.169,00 
27/08/2019; R$ 4.152,00 ; R$ 4.194,50 ; R$ 4.121,00 ; R$ 4.130,00 
26/08/2019; R$ 4.108,00 ; R$ 4.169,50 ; R$ 4.103,00 ; R$ 4.156,50 
23/08/2019; R$ 4.072,00 ; R$ 4.133,00 ; R$ 4.052,50 ; R$ 4.122,50 
22/08/2019; R$ 4.034,50 ; R$ 4.084,00 ; R$ 4.020,00 ; R$ 4.072,50 
21/08/2019; R$ 4.032,00 ; R$ 4.042,00 ; R$ 4.017,50 ; R$ 4.029,00 
20/08/2019; R$ 4.068,00 ; R$ 4.078,50 ; R$ 4.030,00 ; R$ 4.057,50 
19/08/2019; R$ 4.001,00 ; R$ 4.080,50 ; R$ 3.995,50 ; R$ 4.079,00 
16/08/2019; R$ 3.985,50 ; R$ 4.013,00 ; R$ 3.980,50 ; R$ 4.011,00 
15/08/2019; R$ 4.024,00 ; R$ 4.050,00 ; R$ 3.986,00 ; R$ 3.997,50 
14/08/2019; R$ 4.001,00 ; R$ 4.060,00 ; R$ 3.992,50 ; R$ 4.057,50 
13/08/2019; R$ 3.995,00 ; R$ 4.019,00 ; R$ 3.952,00 ; R$ 3.969,50 
12/08/2019; R$ 4.000,00 ; R$ 4.020,00 ; R$ 3.981,50 ; R$ 3.992,00 
09/08/2019; R$ 3.938,50 ; R$ 3.957,00 ; R$ 3.930,00 ; R$ 3.949,00 
08/08/2019; R$ 3.966,00 ; R$ 3.975,00 ; R$ 3.926,00 ; R$ 3.928,00 
07/08/2019; R$ 3.951,00 ; R$ 4.000,00 ; R$ 3.951,00 ; R$ 3.976,00 
06/08/2019; R$ 3.950,50 ; R$ 3.994,00 ; R$ 3.945,00 ; R$ 3.969,00 
05/08/2019; R$ 3.931,50 ; R$ 3.988,00 ; R$ 3.922,00 ; R$ 3.983,50 
02/08/2019; R$ 3.860,00 ; R$ 3.901,50 ; R$ 3.857,00 ; R$ 3.894,50 
01/08/2019; R$ 3.836,00 ; R$ 3.869,50 ; R$ 3.820,00 ; R$ 3.850,00 
31/07/2019; R$ 3.791,00 ; R$ 3.832,00 ; R$ 3.757,00 ; R$ 3.823,00 
30/07/2019; R$ 3.786,00 ; R$ 3.799,00 ; R$ 3.776,00 ; R$ 3.791,50 
29/07/2019; R$ 3.785,50 ; R$ 3.801,50 ; R$ 3.777,50 ; R$ 3.783,00 
26/07/2019; R$ 3.778,00 ; R$ 3.795,50 ; R$ 3.761,00 ; R$ 3.777,00 
25/07/2019; R$ 3.766,00 ; R$ 3.807,50 ; R$ 3.757,00 ; R$ 3.780,00 
24/07/2019; R$ 3.768,00 ; R$ 3.780,00 ; R$ 3.754,00 ; R$ 3.774,50 
23/07/2019; R$ 3.745,00 ; R$ 3.782,00 ; R$ 3.743,50 ; R$ 3.776,00 
22/07/2019; R$ 3.747,00 ; R$ 3.750,50 ; R$ 3.732,50 ; R$ 3.744,00 
19/07/2019; R$ 3.736,00 ; R$ 3.757,00 ; R$ 3.734,50 ; R$ 3.750,00 
18/07/2019; R$ 3.764,00 ; R$ 3.767,50 ; R$ 3.721,00 ; R$ 3.721,50 
17/07/2019; R$ 3.770,00 ; R$ 3.771,50 ; R$ 3.759,00 ; R$ 3.768,00 
16/07/2019; R$ 3.758,00 ; R$ 3.776,00 ; R$ 3.757,00 ; R$ 3.773,50 
15/07/2019; R$ 3.737,50 ; R$ 3.765,00 ; R$ 3.733,50 ; R$ 3.761,50 
12/07/2019; R$ 3.765,00 ; R$ 3.769,00 ; R$ 3.735,50 ; R$ 3.742,00 
11/07/2019; R$ 3.744,00 ; R$ 3.772,50 ; R$ 3.740,50 ; R$ 3.761,00 
10/07/2019; R$ 3.795,50 ; R$ 3.798,00 ; R$ 3.756,50 ; R$ 3.759,00 
08/07/2019; R$ 3.825,50 ; R$ 3.826,00 ; R$ 3.806,50 ; R$ 3.810,00 
05/07/2019; R$ 3.807,50 ; R$ 3.845,50 ; R$ 3.804,50 ; R$ 3.829,50 
04/07/2019; R$ 3.811,00 ; R$ 3.816,50 ; R$ 3.792,50 ; R$ 3.809,50 
03/07/2019; R$ 3.875,50 ; R$ 3.883,50 ; R$ 3.825,00 ; R$ 3.835,50 
02/07/2019; R$ 3.851,00 ; R$ 3.890,00 ; R$ 3.827,50 ; R$ 3.854,00 
01/07/2019; R$ 3.845,00 ; R$ 3.858,50 ; R$ 3.820,00 ; R$ 3.852,50 
28/06/2019; R$ 3.829,50 ; R$ 3.861,50 ; R$ 3.828,00 ; R$ 3.861,50 
27/06/2019; R$ 3.863,00 ; R$ 3.872,50 ; R$ 3.819,00 ; R$ 3.820,00 
26/06/2019; R$ 3.836,50 ; R$ 3.856,50 ; R$ 3.832,50 ; R$ 3.843,50 
25/06/2019; R$ 3.829,00 ; R$ 3.858,00 ; R$ 3.820,00 ; R$ 3.847,00 
24/06/2019; R$ 3.832,00 ; R$ 3.839,00 ; R$ 3.809,00 ; R$ 3.826,00 
21/06/2019; R$ 3.833,00 ; R$ 3.848,00 ; R$ 3.815,50 ; R$ 3.823,50 
19/06/2019; R$ 3.870,00 ; R$ 3.886,50 ; R$ 3.841,00 ; R$ 3.841,50 
18/06/2019; R$ 3.878,00 ; R$ 3.881,00 ; R$ 3.851,50 ; R$ 3.863,00 
17/06/2019; R$ 3.897,00 ; R$ 3.927,50 ; R$ 3.883,50 ; R$ 3.891,50 
14/06/2019; R$ 3.860,00 ; R$ 3.917,00 ; R$ 3.852,00 ; R$ 3.899,00 
13/06/2019; R$ 3.855,00 ; R$ 3.869,00 ; R$ 3.838,50 ; R$ 3.853,00 
12/06/2019; R$ 3.869,50 ; R$ 3.876,50 ; R$ 3.834,50 ; R$ 3.871,00 
11/06/2019; R$ 3.885,00 ; R$ 3.890,00 ; R$ 3.847,50 ; R$ 3.862,50 
10/06/2019; R$ 3.899,50 ; R$ 3.905,00 ; R$ 3.873,00 ; R$ 3.894,50 
07/06/2019; R$ 3.887,00 ; R$ 3.892,00 ; R$ 3.856,00 ; R$ 3.885,00 
06/06/2019; R$ 3.880,50 ; R$ 3.894,50 ; R$ 3.863,50 ; R$ 3.887,00 
05/06/2019; R$ 3.865,50 ; R$ 3.910,00 ; R$ 3.845,00 ; R$ 3.889,00 
04/06/2019; R$ 3.897,00 ; R$ 3.897,00 ; R$ 3.857,00 ; R$ 3.862,50 
03/06/2019; R$ 3.941,50 ; R$ 3.944,00 ; R$ 3.891,00 ; R$ 3.894,50 
31/05/2019; R$ 4.007,00 ; R$ 4.008,00 ; R$ 3.918,50 ; R$ 3.934,50 
30/05/2019; R$ 3.975,00 ; R$ 3.994,00 ; R$ 3.955,00 ; R$ 3.983,00 
29/05/2019; R$ 4.040,00 ; R$ 4.042,00 ; R$ 3.969,00 ; R$ 3.975,00 
28/05/2019; R$ 4.041,00 ; R$ 4.055,00 ; R$ 4.012,00 ; R$ 4.024,50 
27/05/2019; R$ 4.017,00 ; R$ 4.046,00 ; R$ 4.006,50 ; R$ 4.045,00 
24/05/2019; R$ 4.042,00 ; R$ 4.050,00 ; R$ 4.011,00 ; R$ 4.026,50 
23/05/2019; R$ 4.061,50 ; R$ 4.074,00 ; R$ 4.028,00 ; R$ 4.043,50 
22/05/2019; R$ 4.046,00 ; R$ 4.055,00 ; R$ 4.010,50 ; R$ 4.044,00 
21/05/2019; R$ 4.097,00 ; R$ 4.117,50 ; R$ 4.037,50 ; R$ 4.043,50 
20/05/2019; R$ 4.092,00 ; R$ 4.127,00 ; R$ 4.083,00 ; R$ 4.102,50 
17/05/2019; R$ 4.061,50 ; R$ 4.118,50 ; R$ 4.053,50 ; R$ 4.105,50 
16/05/2019; R$ 4.009,00 ; R$ 4.061,50 ; R$ 4.000,50 ; R$ 4.054,00 
15/05/2019; R$ 4.006,50 ; R$ 4.028,00 ; R$ 3.980,50 ; R$ 4.010,00 
14/05/2019; R$ 3.995,00 ; R$ 4.002,00 ; R$ 3.973,00 ; R$ 3.982,00 
13/05/2019; R$ 3.983,50 ; R$ 4.013,50 ; R$ 3.980,00 ; R$ 4.003,50 
10/05/2019; R$ 3.953,50 ; R$ 3.981,00 ; R$ 3.940,00 ; R$ 3.960,00 
09/05/2019; R$ 3.951,00 ; R$ 3.989,50 ; R$ 3.940,00 ; R$ 3.955,00 
08/05/2019; R$ 3.987,00 ; R$ 3.988,00 ; R$ 3.934,00 ; R$ 3.937,00 
07/05/2019; R$ 3.973,50 ; R$ 4.009,50 ; R$ 3.972,50 ; R$ 3.979,00 
06/05/2019; R$ 3.972,50 ; R$ 3.984,00 ; R$ 3.957,00 ; R$ 3.976,00 
03/05/2019; R$ 3.971,50 ; R$ 3.977,50 ; R$ 3.941,00 ; R$ 3.948,50 
02/05/2019; R$ 3.943,50 ; R$ 3.981,50 ; R$ 3.936,50 ; R$ 3.977,50 
30/04/2019; R$ 3.940,00 ; R$ 3.967,00 ; R$ 3.923,00 ; R$ 3.930,50 
29/04/2019; R$ 3.928,50 ; R$ 3.946,50 ; R$ 3.921,50 ; R$ 3.946,50 
26/04/2019; R$ 3.958,00 ; R$ 3.976,50 ; R$ 3.921,00 ; R$ 3.929,50 
25/04/2019; R$ 4.002,00 ; R$ 4.008,00 ; R$ 3.948,50 ; R$ 3.952,50 
24/04/2019; R$ 3.921,50 ; R$ 3.996,50 ; R$ 3.919,50 ; R$ 3.994,00 
23/04/2019; R$ 3.933,00 ; R$ 3.966,00 ; R$ 3.914,50 ; R$ 3.923,00 
22/04/2019; R$ 3.928,00 ; R$ 3.942,00 ; R$ 3.916,00 ; R$ 3.939,00 
18/04/2019; R$ 3.926,00 ; R$ 3.955,00 ; R$ 3.907,00 ; R$ 3.925,00 
17/04/2019; R$ 3.892,00 ; R$ 3.951,50 ; R$ 3.889,50 ; R$ 3.942,00 
16/04/2019; R$ 3.880,00 ; R$ 3.911,00 ; R$ 3.878,50 ; R$ 3.907,00 
15/04/2019; R$ 3.884,00 ; R$ 3.894,50 ; R$ 3.863,00 ; R$ 3.876,00 
12/04/2019; R$ 3.884,00 ; R$ 3.912,00 ; R$ 3.863,50 ; R$ 3.886,00 
11/04/2019; R$ 3.842,00 ; R$ 3.868,00 ; R$ 3.836,00 ; R$ 3.863,00 
10/04/2019; R$ 3.842,50 ; R$ 3.853,00 ; R$ 3.820,00 ; R$ 3.831,00 
09/04/2019; R$ 3.859,00 ; R$ 3.870,00 ; R$ 3.852,50 ; R$ 3.856,00 
08/04/2019; R$ 3.874,00 ; R$ 3.883,50 ; R$ 3.848,50 ; R$ 3.855,50 
05/04/2019; R$ 3.863,00 ; R$ 3.884,00 ; R$ 3.849,50 ; R$ 3.879,00 
04/04/2019; R$ 3.877,00 ; R$ 3.895,00 ; R$ 3.855,00 ; R$ 3.860,50 
03/04/2019; R$ 3.841,50 ; R$ 3.889,00 ; R$ 3.841,00 ; R$ 3.876,50 
02/04/2019; R$ 3.860,00 ; R$ 3.886,50 ; R$ 3.855,50 ; R$ 3.860,50 
01/04/2019; R$ 3.900,00 ; R$ 3.901,00 ; R$ 3.856,50 ; R$ 3.859,50 
29/03/2019; R$ 3.886,00 ; R$ 3.941,50 ; R$ 3.875,50 ; R$ 3.930,00 
28/03/2019; R$ 3.991,50 ; R$ 4.018,00 ; R$ 3.898,50 ; R$ 3.901,00 
27/03/2019; R$ 3.921,00 ; R$ 4.002,50 ; R$ 3.905,00 ; R$ 3.993,50 
26/03/2019; R$ 3.851,50 ; R$ 3.880,50 ; R$ 3.834,50 ; R$ 3.877,50 
25/03/2019; R$ 3.933,00 ; R$ 3.938,50 ; R$ 3.845,00 ; R$ 3.851,00 
22/03/2019; R$ 3.865,00 ; R$ 3.918,00 ; R$ 3.855,00 ; R$ 3.908,00 
21/03/2019; R$ 3.786,50 ; R$ 3.839,00 ; R$ 3.765,00 ; R$ 3.795,00 
20/03/2019; R$ 3.787,50 ; R$ 3.800,50 ; R$ 3.740,00 ; R$ 3.777,00 
19/03/2019; R$ 3.788,50 ; R$ 3.802,00 ; R$ 3.767,00 ; R$ 3.791,50 
18/03/2019; R$ 3.810,00 ; R$ 3.830,00 ; R$ 3.786,50 ; R$ 3.793,50 
15/03/2019; R$ 3.841,00 ; R$ 3.874,50 ; R$ 3.810,50 ; R$ 3.816,00 
14/03/2019; R$ 3.826,00 ; R$ 3.858,50 ; R$ 3.821,00 ; R$ 3.847,00 
13/03/2019; R$ 3.808,50 ; R$ 3.839,00 ; R$ 3.805,00 ; R$ 3.818,50 
12/03/2019; R$ 3.847,50 ; R$ 3.849,50 ; R$ 3.807,00 ; R$ 3.816,50 
11/03/2019; R$ 3.860,00 ; R$ 3.865,00 ; R$ 3.839,00 ; R$ 3.845,00 
08/03/2019; R$ 3.873,00 ; R$ 3.909,00 ; R$ 3.855,50 ; R$ 3.873,50 
07/03/2019; R$ 3.845,00 ; R$ 3.909,00 ; R$ 3.822,50 ; R$ 3.876,50 
06/03/2019; R$ 3.801,00 ; R$ 3.851,00 ; R$ 3.787,00 ; R$ 3.846,50 
01/03/2019; R$ 3.757,00 ; R$ 3.802,00 ; R$ 3.752,00 ; R$ 3.781,00 
28/02/2019; R$ 3.742,50 ; R$ 3.765,00 ; R$ 3.723,50 ; R$ 3.758,50 
27/02/2019; R$ 3.743,50 ; R$ 3.747,00 ; R$ 3.722,00 ; R$ 3.728,00 
26/02/2019; R$ 3.753,50 ; R$ 3.767,00 ; R$ 3.738,50 ; R$ 3.744,00 
25/02/2019; R$ 3.729,50 ; R$ 3.752,00 ; R$ 3.719,50 ; R$ 3.752,00 
22/02/2019; R$ 3.759,00 ; R$ 3.767,00 ; R$ 3.727,50 ; R$ 3.749,50 
21/02/2019; R$ 3.721,00 ; R$ 3.773,50 ; R$ 3.718,00 ; R$ 3.772,00 
20/02/2019; R$ 3.723,00 ; R$ 3.739,00 ; R$ 3.692,50 ; R$ 3.728,00 
19/02/2019; R$ 3.740,00 ; R$ 3.747,00 ; R$ 3.706,00 ; R$ 3.725,00 
18/02/2019; R$ 3.719,50 ; R$ 3.745,00 ; R$ 3.714,00 ; R$ 3.737,00 
15/02/2019; R$ 3.719,50 ; R$ 3.729,50 ; R$ 3.701,50 ; R$ 3.704,00 
14/02/2019; R$ 3.755,50 ; R$ 3.798,50 ; R$ 3.718,50 ; R$ 3.727,00 
13/02/2019; R$ 3.719,00 ; R$ 3.767,00 ; R$ 3.717,00 ; R$ 3.759,50 
12/02/2019; R$ 3.750,00 ; R$ 3.752,00 ; R$ 3.707,00 ; R$ 3.714,50 
11/02/2019; R$ 3.737,50 ; R$ 3.779,50 ; R$ 3.733,00 ; R$ 3.761,00 
08/02/2019; R$ 3.723,00 ; R$ 3.753,50 ; R$ 3.708,50 ; R$ 3.736,00 
07/02/2019; R$ 3.711,00 ; R$ 3.743,00 ; R$ 3.705,50 ; R$ 3.723,50 
06/02/2019; R$ 3.685,50 ; R$ 3.720,50 ; R$ 3.685,50 ; R$ 3.703,00 
05/02/2019; R$ 3.671,00 ; R$ 3.689,50 ; R$ 3.666,00 ; R$ 3.674,00 
04/02/2019; R$ 3.672,00 ; R$ 3.693,50 ; R$ 3.665,50 ; R$ 3.675,00 
01/02/2019; R$ 3.659,50 ; R$ 3.687,50 ; R$ 3.643,50 ; R$ 3.665,00 
31/01/2019; R$ 3.685,00 ; R$ 3.688,50 ; R$ 3.643,50 ; R$ 3.651,00 
30/01/2019; R$ 3.715,50 ; R$ 3.732,00 ; R$ 3.673,00 ; R$ 3.684,00 
29/01/2019; R$ 3.766,00 ; R$ 3.766,50 ; R$ 3.715,50 ; R$ 3.720,00 
28/01/2019; R$ 3.780,00 ; R$ 3.787,50 ; R$ 3.751,50 ; R$ 3.762,00 
24/01/2019; R$ 3.773,00 ; R$ 3.796,00 ; R$ 3.739,00 ; R$ 3.774,50 
23/01/2019; R$ 3.801,50 ; R$ 3.813,50 ; R$ 3.757,50 ; R$ 3.769,00 
22/01/2019; R$ 3.768,00 ; R$ 3.819,00 ; R$ 3.747,50 ; R$ 3.818,00 
21/01/2019; R$ 3.761,00 ; R$ 3.782,00 ; R$ 3.755,00 ; R$ 3.756,50 
18/01/2019; R$ 3.748,00 ; R$ 3.775,00 ; R$ 3.729,00 ; R$ 3.755,00 
17/01/2019; R$ 3.736,50 ; R$ 3.776,50 ; R$ 3.729,00 ; R$ 3.750,50 
16/01/2019; R$ 3.717,50 ; R$ 3.740,00 ; R$ 3.711,00 ; R$ 3.738,00 
15/01/2019; R$ 3.706,00 ; R$ 3.735,00 ; R$ 3.698,00 ; R$ 3.719,50 
14/01/2019; R$ 3.723,50 ; R$ 3.738,00 ; R$ 3.687,00 ; R$ 3.703,00 
11/01/2019; R$ 3.700,00 ; R$ 3.733,50 ; R$ 3.696,00 ; R$ 3.715,50 
10/01/2019; R$ 3.695,00 ; R$ 3.730,50 ; R$ 3.679,00 ; R$ 3.716,00 
09/01/2019; R$ 3.711,00 ; R$ 3.716,00 ; R$ 3.680,00 ; R$ 3.690,50 
08/01/2019; R$ 3.745,50 ; R$ 3.747,50 ; R$ 3.708,50 ; R$ 3.718,00 
07/01/2019; R$ 3.722,00 ; R$ 3.743,50 ; R$ 3.695,50 ; R$ 3.741,50 
04/01/2019; R$ 3.751,00 ; R$ 3.791,50 ; R$ 3.714,50 ; R$ 3.721,50 
03/01/2019; R$ 3.804,00 ; R$ 3.815,50 ; R$ 3.745,00 ; R$ 3.763,50 
02/01/2019; R$ 3.890,00 ; R$ 3.904,00 ; R$ 3.778,50 ; R$ 3.790,50 
28/12/2018; R$ 3.880,00 ; R$ 3.901,50 ; R$ 3.836,00 ; R$ 3.883,00 
27/12/2018; R$ 3.923,50 ; R$ 3.940,00 ; R$ 3.869,00 ; R$ 3.874,00 
26/12/2018; R$ 3.899,00 ; R$ 3.937,50 ; R$ 3.892,00 ; R$ 3.919,00 
21/12/2018; R$ 3.856,00 ; R$ 3.907,00 ; R$ 3.844,50 ; R$ 3.902,50 
20/12/2018; R$ 3.870,00 ; R$ 3.876,00 ; R$ 3.833,50 ; R$ 3.842,00 
19/12/2018; R$ 3.902,00 ; R$ 3.914,00 ; R$ 3.864,50 ; R$ 3.897,00 
18/12/2018; R$ 3.898,00 ; R$ 3.918,00 ; R$ 3.885,00 ; R$ 3.913,50 
17/12/2018; R$ 3.910,50 ; R$ 3.929,50 ; R$ 3.880,00 ; R$ 3.900,50 
14/12/2018; R$ 3.913,50 ; R$ 3.923,00 ; R$ 3.891,00 ; R$ 3.917,00 
13/12/2018; R$ 3.859,50 ; R$ 3.901,00 ; R$ 3.854,00 ; R$ 3.893,50 
12/12/2018; R$ 3.895,00 ; R$ 3.901,50 ; R$ 3.839,00 ; R$ 3.857,50 
11/12/2018; R$ 3.907,00 ; R$ 3.926,00 ; R$ 3.891,50 ; R$ 3.904,50 
10/12/2018; R$ 3.908,00 ; R$ 3.947,50 ; R$ 3.894,00 ; R$ 3.922,00 
07/12/2018; R$ 3.883,00 ; R$ 3.928,00 ; R$ 3.861,00 ; R$ 3.910,50 
06/12/2018; R$ 3.895,00 ; R$ 3.947,00 ; R$ 3.876,50 ; R$ 3.882,00 
05/12/2018; R$ 3.850,00 ; R$ 3.886,50 ; R$ 3.838,00 ; R$ 3.872,50 
04/12/2018; R$ 3.832,00 ; R$ 3.871,00 ; R$ 3.821,00 ; R$ 3.856,50 
03/12/2018; R$ 3.826,50 ; R$ 3.850,00 ; R$ 3.819,50 ; R$ 3.845,00 
30/11/2018; R$ 3.863,00 ; R$ 3.893,00 ; R$ 3.843,00 ; R$ 3.866,50 
29/11/2018; R$ 3.843,00 ; R$ 3.874,00 ; R$ 3.832,50 ; R$ 3.852,00 
28/11/2018; R$ 3.882,00 ; R$ 3.887,50 ; R$ 3.831,50 ; R$ 3.850,00 
27/11/2018; R$ 3.917,50 ; R$ 3.927,00 ; R$ 3.863,00 ; R$ 3.878,00 
26/11/2018; R$ 3.820,00 ; R$ 3.949,50 ; R$ 3.818,00 ; R$ 3.943,00 
23/11/2018; R$ 3.815,00 ; R$ 3.833,50 ; R$ 3.796,00 ; R$ 3.830,00 
22/11/2018; R$ 3.791,50 ; R$ 3.826,50 ; R$ 3.791,00 ; R$ 3.802,50 
21/11/2018; R$ 3.772,00 ; R$ 3.804,50 ; R$ 3.769,00 ; R$ 3.799,00 
19/11/2018; R$ 3.749,00 ; R$ 3.775,00 ; R$ 3.744,50 ; R$ 3.760,00 
16/11/2018; R$ 3.778,00 ; R$ 3.786,50 ; R$ 3.734,00 ; R$ 3.746,50 
14/11/2018; R$ 3.801,50 ; R$ 3.824,00 ; R$ 3.771,00 ; R$ 3.788,00 
13/11/2018; R$ 3.761,50 ; R$ 3.836,50 ; R$ 3.759,00 ; R$ 3.810,00 
12/11/2018; R$ 3.751,00 ; R$ 3.774,50 ; R$ 3.741,50 ; R$ 3.769,00 
09/11/2018; R$ 3.775,50 ; R$ 3.781,00 ; R$ 3.730,50 ; R$ 3.739,00 
08/11/2018; R$ 3.746,50 ; R$ 3.768,50 ; R$ 3.722,00 ; R$ 3.764,50 
07/11/2018; R$ 3.742,50 ; R$ 3.794,00 ; R$ 3.729,00 ; R$ 3.738,50 
06/11/2018; R$ 3.733,00 ; R$ 3.777,00 ; R$ 3.733,00 ; R$ 3.767,50 
05/11/2018; R$ 3.701,00 ; R$ 3.743,50 ; R$ 3.698,50 ; R$ 3.731,50 
01/11/2018; R$ 3.708,00 ; R$ 3.721,50 ; R$ 3.688,00 ; R$ 3.705,50 
31/10/2018; R$ 3.697,00 ; R$ 3.754,50 ; R$ 3.696,50 ; R$ 3.732,00 
30/10/2018; R$ 3.691,00 ; R$ 3.736,50 ; R$ 3.678,00 ; R$ 3.700,00 
29/10/2018; R$ 3.594,50 ; R$ 3.723,00 ; R$ 3.581,00 ; R$ 3.721,00 
26/10/2018; R$ 3.723,00 ; R$ 3.731,50 ; R$ 3.640,50 ; R$ 3.645,00 
25/10/2018; R$ 3.720,00 ; R$ 3.734,50 ; R$ 3.683,00 ; R$ 3.707,50 
24/10/2018; R$ 3.700,00 ; R$ 3.747,50 ; R$ 3.683,50 ; R$ 3.734,50 
23/10/2018; R$ 3.700,00 ; R$ 3.724,50 ; R$ 3.688,00 ; R$ 3.695,00 
22/10/2018; R$ 3.698,00 ; R$ 3.722,50 ; R$ 3.672,00 ; R$ 3.689,50 
19/10/2018; R$ 3.709,50 ; R$ 3.729,50 ; R$ 3.690,50 ; R$ 3.718,00 
18/10/2018; R$ 3.695,50 ; R$ 3.736,00 ; R$ 3.676,50 ; R$ 3.725,00 
17/10/2018; R$ 3.745,00 ; R$ 3.750,00 ; R$ 3.667,50 ; R$ 3.690,50 
16/10/2018; R$ 3.725,00 ; R$ 3.735,00 ; R$ 3.695,50 ; R$ 3.730,00 
15/10/2018; R$ 3.764,00 ; R$ 3.770,50 ; R$ 3.718,50 ; R$ 3.740,00 
11/10/2018; R$ 3.725,50 ; R$ 3.792,00 ; R$ 3.721,00 ; R$ 3.789,50 
10/10/2018; R$ 3.742,50 ; R$ 3.775,00 ; R$ 3.730,50 ; R$ 3.762,50 
09/10/2018; R$ 3.789,00 ; R$ 3.797,50 ; R$ 3.707,50 ; R$ 3.721,50 
08/10/2018; R$ 3.738,50 ; R$ 3.789,50 ; R$ 3.716,00 ; R$ 3.781,50 
05/10/2018; R$ 3.855,00 ; R$ 3.903,00 ; R$ 3.844,00 ; R$ 3.844,00 
04/10/2018; R$ 3.932,50 ; R$ 3.943,00 ; R$ 3.881,00 ; R$ 3.881,50 
03/10/2018; R$ 3.866,50 ; R$ 3.929,50 ; R$ 3.830,50 ; R$ 3.910,00 
02/10/2018; R$ 3.992,50 ; R$ 4.006,00 ; R$ 3.914,00 ; R$ 3.950,00 
01/10/2018; R$ 4.055,50 ; R$ 4.071,00 ; R$ 4.013,00 ; R$ 4.027,50 
28/09/2018; R$ 4.044,50 ; R$ 4.066,00 ; R$ 3.997,00 ; R$ 4.059,00 
27/09/2018; R$ 4.037,00 ; R$ 4.055,00 ; R$ 3.966,50 ; R$ 4.013,00 
26/09/2018; R$ 4.080,00 ; R$ 4.094,00 ; R$ 4.009,00 ; R$ 4.034,50 
25/09/2018; R$ 4.128,00 ; R$ 4.143,00 ; R$ 4.068,50 ; R$ 4.077,00 
24/09/2018; R$ 4.061,00 ; R$ 4.098,00 ; R$ 4.038,00 ; R$ 4.091,50 
21/09/2018; R$ 4.086,00 ; R$ 4.098,00 ; R$ 4.030,00 ; R$ 4.055,00 
20/09/2018; R$ 4.115,50 ; R$ 4.125,50 ; R$ 4.073,00 ; R$ 4.079,00 
19/09/2018; R$ 4.173,50 ; R$ 4.180,00 ; R$ 4.103,00 ; R$ 4.130,50 
18/09/2018; R$ 4.133,50 ; R$ 4.169,00 ; R$ 4.123,00 ; R$ 4.167,00 
17/09/2018; R$ 4.199,00 ; R$ 4.208,50 ; R$ 4.121,50 ; R$ 4.139,00 
14/09/2018; R$ 4.211,00 ; R$ 4.216,50 ; R$ 4.164,50 ; R$ 4.180,00 
13/09/2018; R$ 4.150,00 ; R$ 4.216,50 ; R$ 4.132,00 ; R$ 4.213,00 
12/09/2018; R$ 4.126,00 ; R$ 4.174,00 ; R$ 4.117,00 ; R$ 4.167,50 
11/09/2018; R$ 4.141,00 ; R$ 4.186,00 ; R$ 4.139,00 ; R$ 4.160,00 
10/09/2018; R$ 4.075,00 ; R$ 4.135,00 ; R$ 4.061,00 ; R$ 4.095,00 
06/09/2018; R$ 4.140,00 ; R$ 4.174,00 ; R$ 4.045,00 ; R$ 4.069,50 
05/09/2018; R$ 4.191,00 ; R$ 4.196,50 ; R$ 4.122,00 ; R$ 4.155,00 
04/09/2018; R$ 4.200,00 ; R$ 4.204,00 ; R$ 4.148,00 ; R$ 4.171,00 
03/09/2018; R$ 4.103,00 ; R$ 4.172,00 ; R$ 4.094,50 ; R$ 4.168,00 
31/08/2018; R$ 4.174,00 ; R$ 4.188,00 ; R$ 4.062,00 ; R$ 4.065,00 
30/08/2018; R$ 4.127,00 ; R$ 4.215,50 ; R$ 4.120,50 ; R$ 4.150,00 
29/08/2018; R$ 4.162,50 ; R$ 4.167,00 ; R$ 4.106,00 ; R$ 4.109,00 
28/08/2018; R$ 4.072,50 ; R$ 4.150,50 ; R$ 4.066,50 ; R$ 4.141,00 
27/08/2018; R$ 4.110,00 ; R$ 4.120,00 ; R$ 4.052,00 ; R$ 4.082,50 
24/08/2018; R$ 4.098,00 ; R$ 4.136,00 ; R$ 4.076,50 ; R$ 4.108,00 
23/08/2018; R$ 4.069,00 ; R$ 4.132,00 ; R$ 4.044,50 ; R$ 4.118,50 
22/08/2018; R$ 4.042,50 ; R$ 4.095,50 ; R$ 4.035,50 ; R$ 4.046,00 
21/08/2018; R$ 3.961,00 ; R$ 4.058,00 ; R$ 3.960,50 ; R$ 4.055,00 
20/08/2018; R$ 3.923,50 ; R$ 3.977,50 ; R$ 3.921,00 ; R$ 3.973,50 
17/08/2018; R$ 3.932,50 ; R$ 3.959,50 ; R$ 3.915,50 ; R$ 3.919,00 
16/08/2018; R$ 3.894,00 ; R$ 3.935,00 ; R$ 3.874,50 ; R$ 3.914,00 
15/08/2018; R$ 3.908,00 ; R$ 3.935,00 ; R$ 3.886,00 ; R$ 3.910,50 
14/08/2018; R$ 3.869,00 ; R$ 3.911,50 ; R$ 3.867,00 ; R$ 3.874,50 
13/08/2018; R$ 3.910,00 ; R$ 3.937,50 ; R$ 3.887,00 ; R$ 3.893,00 
10/08/2018; R$ 3.839,50 ; R$ 3.883,00 ; R$ 3.833,50 ; R$ 3.868,50 
09/08/2018; R$ 3.799,00 ; R$ 3.829,50 ; R$ 3.786,50 ; R$ 3.811,50 
08/08/2018; R$ 3.768,50 ; R$ 3.783,00 ; R$ 3.745,00 ; R$ 3.781,50 
07/08/2018; R$ 3.728,50 ; R$ 3.782,00 ; R$ 3.713,50 ; R$ 3.761,00 
06/08/2018; R$ 3.717,00 ; R$ 3.748,50 ; R$ 3.702,50 ; R$ 3.748,50 
03/08/2018; R$ 3.757,00 ; R$ 3.763,00 ; R$ 3.712,00 ; R$ 3.720,00 
02/08/2018; R$ 3.786,00 ; R$ 3.794,00 ; R$ 3.761,50 ; R$ 3.764,00 
01/08/2018; R$ 3.765,50 ; R$ 3.783,00 ; R$ 3.743,50 ; R$ 3.762,50 
31/07/2018; R$ 3.738,00 ; R$ 3.777,00 ; R$ 3.736,50 ; R$ 3.769,00 
30/07/2018; R$ 3.695,00 ; R$ 3.733,50 ; R$ 3.695,00 ; R$ 3.731,00 
27/07/2018; R$ 3.743,50 ; R$ 3.744,00 ; R$ 3.707,50 ; R$ 3.711,00 
26/07/2018; R$ 3.708,50 ; R$ 3.750,50 ; R$ 3.701,00 ; R$ 3.748,50 
25/07/2018; R$ 3.726,50 ; R$ 3.732,00 ; R$ 3.690,50 ; R$ 3.690,50 
24/07/2018; R$ 3.776,00 ; R$ 3.780,50 ; R$ 3.735,00 ; R$ 3.751,50 
23/07/2018; R$ 3.779,50 ; R$ 3.807,00 ; R$ 3.776,00 ; R$ 3.786,50 
20/07/2018; R$ 3.815,00 ; R$ 3.817,00 ; R$ 3.763,00 ; R$ 3.771,50 
19/07/2018; R$ 3.875,00 ; R$ 3.898,00 ; R$ 3.827,50 ; R$ 3.835,50 
18/07/2018; R$ 3.858,50 ; R$ 3.869,50 ; R$ 3.825,00 ; R$ 3.856,00 
17/07/2018; R$ 3.877,00 ; R$ 3.886,00 ; R$ 3.844,50 ; R$ 3.845,00 
16/07/2018; R$ 3.851,50 ; R$ 3.879,00 ; R$ 3.842,00 ; R$ 3.868,50 
13/07/2018; R$ 3.897,00 ; R$ 3.908,00 ; R$ 3.852,50 ; R$ 3.860,50 
12/07/2018; R$ 3.866,50 ; R$ 3.910,50 ; R$ 3.844,50 ; R$ 3.891,00 
11/07/2018; R$ 3.849,50 ; R$ 3.893,50 ; R$ 3.822,00 ; R$ 3.885,00 
10/07/2018; R$ 3.893,00 ; R$ 3.895,50 ; R$ 3.802,50 ; R$ 3.825,50 
06/07/2018; R$ 3.951,00 ; R$ 3.963,00 ; R$ 3.870,00 ; R$ 3.873,50 
05/07/2018; R$ 3.905,00 ; R$ 3.952,00 ; R$ 3.896,50 ; R$ 3.943,00 
04/07/2018; R$ 3.911,50 ; R$ 3.929,50 ; R$ 3.896,00 ; R$ 3.924,00 
03/07/2018; R$ 3.895,50 ; R$ 3.912,00 ; R$ 3.883,50 ; R$ 3.907,50 
02/07/2018; R$ 3.902,50 ; R$ 3.931,00 ; R$ 3.892,50 ; R$ 3.924,50 
29/06/2018; R$ 3.858,50 ; R$ 3.892,00 ; R$ 3.841,00 ; R$ 3.889,00 
28/06/2018; R$ 3.853,50 ; R$ 3.878,50 ; R$ 3.835,50 ; R$ 3.863,00 
27/06/2018; R$ 3.793,50 ; R$ 3.879,00 ; R$ 3.791,00 ; R$ 3.861,50 
26/06/2018; R$ 3.785,50 ; R$ 3.806,00 ; R$ 3.763,00 ; R$ 3.799,50 
25/06/2018; R$ 3.778,50 ; R$ 3.788,50 ; R$ 3.763,00 ; R$ 3.777,50 
22/06/2018; R$ 3.758,00 ; R$ 3.791,50 ; R$ 3.738,50 ; R$ 3.787,00 
21/06/2018; R$ 3.793,00 ; R$ 3.806,00 ; R$ 3.755,00 ; R$ 3.772,00 
20/06/2018; R$ 3.753,00 ; R$ 3.790,00 ; R$ 3.709,50 ; R$ 3.775,00 
19/06/2018; R$ 3.786,50 ; R$ 3.787,50 ; R$ 3.721,50 ; R$ 3.751,00 
18/06/2018; R$ 3.751,00 ; R$ 3.770,00 ; R$ 3.735,00 ; R$ 3.751,50 
15/06/2018; R$ 3.770,00 ; R$ 3.809,50 ; R$ 3.721,00 ; R$ 3.735,00 
14/06/2018; R$ 3.708,50 ; R$ 3.822,00 ; R$ 3.692,00 ; R$ 3.811,50 
13/06/2018; R$ 3.713,50 ; R$ 3.743,50 ; R$ 3.691,00 ; R$ 3.726,50 
12/06/2018; R$ 3.724,00 ; R$ 3.736,50 ; R$ 3.678,00 ; R$ 3.724,50 
11/06/2018; R$ 3.726,50 ; R$ 3.739,00 ; R$ 3.681,50 ; R$ 3.718,00 
08/06/2018; R$ 3.858,50 ; R$ 3.867,00 ; R$ 3.703,50 ; R$ 3.718,50 
07/06/2018; R$ 3.868,00 ; R$ 3.977,50 ; R$ 3.860,50 ; R$ 3.913,00 
06/06/2018; R$ 3.817,50 ; R$ 3.865,00 ; R$ 3.814,00 ; R$ 3.859,00 
05/06/2018; R$ 3.775,00 ; R$ 3.828,00 ; R$ 3.768,00 ; R$ 3.818,50 
04/06/2018; R$ 3.760,00 ; R$ 3.765,00 ; R$ 3.737,00 ; R$ 3.756,50 
01/06/2018; R$ 3.758,00 ; R$ 3.781,50 ; R$ 3.732,50 ; R$ 3.775,00 
30/05/2018; R$ 3.707,00 ; R$ 3.779,50 ; R$ 3.702,50 ; R$ 3.735,50 
29/05/2018; R$ 3.767,50 ; R$ 3.771,50 ; R$ 3.713,50 ; R$ 3.726,50 
28/05/2018; R$ 3.663,00 ; R$ 3.747,00 ; R$ 3.661,50 ; R$ 3.735,50 
25/05/2018; R$ 3.656,50 ; R$ 3.679,00 ; R$ 3.642,50 ; R$ 3.652,00 
24/05/2018; R$ 3.655,50 ; R$ 3.657,00 ; R$ 3.631,50 ; R$ 3.647,50 
23/05/2018; R$ 3.678,50 ; R$ 3.681,00 ; R$ 3.619,50 ; R$ 3.630,00 
22/05/2018; R$ 3.666,00 ; R$ 3.670,50 ; R$ 3.632,00 ; R$ 3.650,00 
21/05/2018; R$ 3.704,00 ; R$ 3.730,50 ; R$ 3.676,00 ; R$ 3.680,50 
18/05/2018; R$ 3.716,50 ; R$ 3.780,50 ; R$ 3.713,00 ; R$ 3.741,50 
17/05/2018; R$ 3.657,50 ; R$ 3.717,00 ; R$ 3.655,00 ; R$ 3.701,00 
16/05/2018; R$ 3.669,00 ; R$ 3.699,50 ; R$ 3.666,50 ; R$ 3.680,50 
15/05/2018; R$ 3.656,00 ; R$ 3.698,00 ; R$ 3.647,50 ; R$ 3.659,00 
14/05/2018; R$ 3.586,50 ; R$ 3.646,50 ; R$ 3.578,50 ; R$ 3.629,00 
11/05/2018; R$ 3.557,00 ; R$ 3.618,00 ; R$ 3.551,00 ; R$ 3.607,00 
10/05/2018; R$ 3.589,00 ; R$ 3.591,50 ; R$ 3.550,00 ; R$ 3.557,00 
09/05/2018; R$ 3.571,50 ; R$ 3.617,50 ; R$ 3.567,00 ; R$ 3.599,00 
08/05/2018; R$ 3.568,50 ; R$ 3.602,00 ; R$ 3.564,00 ; R$ 3.571,00 
07/05/2018; R$ 3.552,00 ; R$ 3.567,00 ; R$ 3.545,50 ; R$ 3.560,00 
04/05/2018; R$ 3.547,00 ; R$ 3.558,00 ; R$ 3.523,50 ; R$ 3.539,00 
03/05/2018; R$ 3.532,50 ; R$ 3.577,00 ; R$ 3.530,00 ; R$ 3.538,00 
02/05/2018; R$ 3.535,50 ; R$ 3.565,00 ; R$ 3.528,00 ; R$ 3.563,50 
30/04/2018; R$ 3.482,50 ; R$ 3.520,50 ; R$ 3.475,00 ; R$ 3.518,00 
27/04/2018; R$ 3.472,00 ; R$ 3.482,00 ; R$ 3.456,50 ; R$ 3.457,00 
26/04/2018; R$ 3.485,00 ; R$ 3.509,00 ; R$ 3.475,50 ; R$ 3.477,00 
25/04/2018; R$ 3.500,50 ; R$ 3.517,00 ; R$ 3.483,50 ; R$ 3.486,50 
24/04/2018; R$ 3.441,00 ; R$ 3.482,50 ; R$ 3.438,00 ; R$ 3.475,50 
23/04/2018; R$ 3.431,50 ; R$ 3.456,50 ; R$ 3.426,50 ; R$ 3.455,00 
20/04/2018; R$ 3.397,00 ; R$ 3.420,00 ; R$ 3.396,50 ; R$ 3.416,00 
19/04/2018; R$ 3.386,50 ; R$ 3.413,50 ; R$ 3.384,00 ; R$ 3.389,50 
18/04/2018; R$ 3.401,00 ; R$ 3.406,00 ; R$ 3.376,50 ; R$ 3.384,00 
17/04/2018; R$ 3.420,50 ; R$ 3.425,00 ; R$ 3.394,00 ; R$ 3.411,50 
16/04/2018; R$ 3.423,50 ; R$ 3.440,50 ; R$ 3.411,00 ; R$ 3.423,00 
13/04/2018; R$ 3.407,00 ; R$ 3.436,00 ; R$ 3.402,50 ; R$ 3.428,00 
12/04/2018; R$ 3.375,00 ; R$ 3.425,00 ; R$ 3.370,50 ; R$ 3.418,00 
11/04/2018; R$ 3.420,00 ; R$ 3.429,50 ; R$ 3.378,50 ; R$ 3.380,50 
10/04/2018; R$ 3.415,00 ; R$ 3.442,00 ; R$ 3.407,50 ; R$ 3.415,50 
09/04/2018; R$ 3.370,00 ; R$ 3.430,50 ; R$ 3.368,50 ; R$ 3.429,00 
06/04/2018; R$ 3.360,00 ; R$ 3.386,00 ; R$ 3.351,50 ; R$ 3.375,50 
05/04/2018; R$ 3.304,50 ; R$ 3.356,00 ; R$ 3.302,00 ; R$ 3.351,00 
04/04/2018; R$ 3.364,00 ; R$ 3.374,00 ; R$ 3.333,00 ; R$ 3.336,50 
03/04/2018; R$ 3.317,50 ; R$ 3.351,50 ; R$ 3.311,00 ; R$ 3.348,00 
02/04/2018; R$ 3.316,00 ; R$ 3.331,50 ; R$ 3.305,00 ; R$ 3.318,50 
29/03/2018; R$ 3.328,50 ; R$ 3.337,00 ; R$ 3.300,50 ; R$ 3.312,00 
28/03/2018; R$ 3.324,00 ; R$ 3.344,50 ; R$ 3.319,50 ; R$ 3.321,00 
27/03/2018; R$ 3.308,50 ; R$ 3.334,50 ; R$ 3.308,50 ; R$ 3.325,00 
26/03/2018; R$ 3.298,00 ; R$ 3.314,50 ; R$ 3.293,50 ; R$ 3.312,00 
23/03/2018; R$ 3.317,00 ; R$ 3.320,50 ; R$ 3.295,00 ; R$ 3.313,00 
22/03/2018; R$ 3.285,50 ; R$ 3.319,50 ; R$ 3.280,50 ; R$ 3.317,50 
21/03/2018; R$ 3.303,00 ; R$ 3.309,50 ; R$ 3.266,00 ; R$ 3.275,00 
20/03/2018; R$ 3.284,50 ; R$ 3.315,00 ; R$ 3.282,00 ; R$ 3.314,00 
19/03/2018; R$ 3.299,00 ; R$ 3.299,50 ; R$ 3.285,50 ; R$ 3.289,50 
16/03/2018; R$ 3.297,00 ; R$ 3.303,00 ; R$ 3.275,50 ; R$ 3.283,50 
15/03/2018; R$ 3.273,00 ; R$ 3.301,00 ; R$ 3.272,50 ; R$ 3.289,00 
14/03/2018; R$ 3.253,50 ; R$ 3.270,50 ; R$ 3.250,00 ; R$ 3.264,00 
13/03/2018; R$ 3.269,50 ; R$ 3.270,00 ; R$ 3.242,00 ; R$ 3.265,00 
12/03/2018; R$ 3.259,50 ; R$ 3.272,00 ; R$ 3.256,50 ; R$ 3.267,50 
09/03/2018; R$ 3.268,50 ; R$ 3.278,50 ; R$ 3.245,50 ; R$ 3.263,50 
08/03/2018; R$ 3.256,50 ; R$ 3.277,00 ; R$ 3.247,00 ; R$ 3.274,00 
07/03/2018; R$ 3.234,00 ; R$ 3.255,50 ; R$ 3.228,00 ; R$ 3.252,00 
06/03/2018; R$ 3.238,50 ; R$ 3.239,50 ; R$ 3.214,00 ; R$ 3.217,50 
05/03/2018; R$ 3.268,00 ; R$ 3.272,00 ; R$ 3.249,50 ; R$ 3.251,00 
02/03/2018; R$ 3.270,50 ; R$ 3.277,00 ; R$ 3.258,50 ; R$ 3.262,50 
01/03/2018; R$ 3.265,00 ; R$ 3.282,50 ; R$ 3.249,50 ; R$ 3.262,50 
28/02/2018; R$ 3.257,00 ; R$ 3.263,00 ; R$ 3.246,50 ; R$ 3.257,50 
27/02/2018; R$ 3.227,50 ; R$ 3.256,50 ; R$ 3.223,00 ; R$ 3.253,00 
26/02/2018; R$ 3.237,50 ; R$ 3.243,00 ; R$ 3.223,00 ; R$ 3.224,00 
23/02/2018; R$ 3.247,00 ; R$ 3.252,50 ; R$ 3.234,00 ; R$ 3.241,50 
22/02/2018; R$ 3.267,50 ; R$ 3.276,00 ; R$ 3.244,50 ; R$ 3.251,00 
21/02/2018; R$ 3.260,00 ; R$ 3.275,50 ; R$ 3.245,50 ; R$ 3.275,50 
20/02/2018; R$ 3.251,00 ; R$ 3.265,00 ; R$ 3.243,00 ; R$ 3.260,00 
19/02/2018; R$ 3.231,00 ; R$ 3.242,50 ; R$ 3.226,50 ; R$ 3.242,00 
16/02/2018; R$ 3.244,50 ; R$ 3.252,50 ; R$ 3.207,00 ; R$ 3.235,00 
15/02/2018; R$ 3.212,00 ; R$ 3.246,00 ; R$ 3.204,50 ; R$ 3.238,00 
14/02/2018; R$ 3.296,00 ; R$ 3.303,50 ; R$ 3.222,50 ; R$ 3.224,50 
09/02/2018; R$ 3.285,00 ; R$ 3.326,00 ; R$ 3.275,00 ; R$ 3.300,50 
08/02/2018; R$ 3.284,50 ; R$ 3.310,50 ; R$ 3.264,00 ; R$ 3.293,50 
07/02/2018; R$ 3.259,00 ; R$ 3.292,00 ; R$ 3.246,00 ; R$ 3.280,00 
06/02/2018; R$ 3.267,00 ; R$ 3.287,00 ; R$ 3.241,50 ; R$ 3.243,00 
05/02/2018; R$ 3.224,50 ; R$ 3.283,00 ; R$ 3.223,00 ; R$ 3.272,00 
02/02/2018; R$ 3.198,50 ; R$ 3.233,00 ; R$ 3.193,00 ; R$ 3.230,50 
01/02/2018; R$ 3.203,00 ; R$ 3.206,50 ; R$ 3.171,50 ; R$ 3.177,50 
31/01/2018; R$ 3.177,50 ; R$ 3.205,00 ; R$ 3.155,50 ; R$ 3.196,00 
30/01/2018; R$ 3.157,50 ; R$ 3.196,50 ; R$ 3.149,50 ; R$ 3.182,00 
29/01/2018; R$ 3.162,00 ; R$ 3.173,50 ; R$ 3.155,50 ; R$ 3.157,50 
26/01/2018; R$ 3.135,00 ; R$ 3.158,50 ; R$ 3.123,00 ; R$ 3.155,00 
24/01/2018; R$ 3.230,50 ; R$ 3.235,00 ; R$ 3.138,50 ; R$ 3.150,00 
23/01/2018; R$ 3.214,50 ; R$ 3.248,50 ; R$ 3.212,50 ; R$ 3.241,50 
22/01/2018; R$ 3.198,00 ; R$ 3.216,00 ; R$ 3.188,50 ; R$ 3.207,00 
19/01/2018; R$ 3.213,00 ; R$ 3.219,50 ; R$ 3.199,50 ; R$ 3.201,00 
18/01/2018; R$ 3.227,00 ; R$ 3.231,00 ; R$ 3.208,00 ; R$ 3.212,50 
17/01/2018; R$ 3.236,50 ; R$ 3.245,00 ; R$ 3.218,50 ; R$ 3.230,50 
16/01/2018; R$ 3.222,00 ; R$ 3.244,00 ; R$ 3.219,00 ; R$ 3.230,50 
15/01/2018; R$ 3.205,00 ; R$ 3.226,50 ; R$ 3.199,00 ; R$ 3.223,50 
12/01/2018; R$ 3.228,50 ; R$ 3.236,50 ; R$ 3.206,50 ; R$ 3.213,50 
11/01/2018; R$ 3.241,50 ; R$ 3.245,50 ; R$ 3.220,00 ; R$ 3.223,00 
10/01/2018; R$ 3.263,50 ; R$ 3.265,50 ; R$ 3.236,00 ; R$ 3.238,00 
09/01/2018; R$ 3.255,00 ; R$ 3.265,50 ; R$ 3.239,50 ; R$ 3.259,50 
08/01/2018; R$ 3.242,00 ; R$ 3.255,00 ; R$ 3.235,00 ; R$ 3.251,00 
05/01/2018; R$ 3.245,00 ; R$ 3.259,50 ; R$ 3.236,50 ; R$ 3.239,50 
04/01/2018; R$ 3.244,50 ; R$ 3.254,00 ; R$ 3.232,50 ; R$ 3.246,00 
03/01/2018; R$ 3.263,00 ; R$ 3.277,50 ; R$ 3.244,00 ; R$ 3.247,50 
02/01/2018; R$ 3.306,00 ; R$ 3.306,00 ; R$ 3.268,50 ; R$ 3.270,50 
28/12/2017; R$ 3.320,50 ; R$ 3.336,50 ; R$ 3.308,00 ; R$ 3.329,00 
27/12/2017; R$ 3.303,00 ; R$ 3.322,00 ; R$ 3.294,00 ; R$ 3.315,50 
26/12/2017; R$ 3.330,00 ; R$ 3.333,00 ; R$ 3.306,00 ; R$ 3.310,00 
22/12/2017; R$ 3.306,50 ; R$ 3.340,50 ; R$ 3.304,50 ; R$ 3.337,50 
21/12/2017; R$ 3.297,00 ; R$ 3.319,00 ; R$ 3.293,50 ; R$ 3.310,50 
20/12/2017; R$ 3.291,00 ; R$ 3.302,00 ; R$ 3.284,00 ; R$ 3.300,00 
19/12/2017; R$ 3.300,50 ; R$ 3.311,00 ; R$ 3.285,50 ; R$ 3.292,50 
18/12/2017; R$ 3.301,50 ; R$ 3.304,50 ; R$ 3.282,00 ; R$ 3.295,00 
15/12/2017; R$ 3.340,00 ; R$ 3.342,00 ; R$ 3.298,00 ; R$ 3.298,00 
14/12/2017; R$ 3.326,50 ; R$ 3.351,50 ; R$ 3.315,00 ; R$ 3.346,50 
13/12/2017; R$ 3.299,50 ; R$ 3.337,00 ; R$ 3.293,00 ; R$ 3.316,00 
12/12/2017; R$ 3.305,00 ; R$ 3.340,50 ; R$ 3.304,00 ; R$ 3.312,00 
11/12/2017; R$ 3.294,50 ; R$ 3.313,50 ; R$ 3.279,50 ; R$ 3.311,50 
08/12/2017; R$ 3.285,00 ; R$ 3.318,00 ; R$ 3.273,00 ; R$ 3.299,00 
07/12/2017; R$ 3.255,00 ; R$ 3.326,50 ; R$ 3.255,00 ; R$ 3.299,50 
06/12/2017; R$ 3.253,50 ; R$ 3.257,00 ; R$ 3.233,00 ; R$ 3.243,50 
05/12/2017; R$ 3.254,00 ; R$ 3.255,00 ; R$ 3.228,50 ; R$ 3.249,50 
04/12/2017; R$ 3.266,00 ; R$ 3.271,00 ; R$ 3.250,50 ; R$ 3.252,00 
01/12/2017; R$ 3.287,50 ; R$ 3.295,00 ; R$ 3.258,00 ; R$ 3.267,00 
30/11/2017; R$ 3.251,00 ; R$ 3.298,00 ; R$ 3.246,50 ; R$ 3.282,00 
29/11/2017; R$ 3.215,00 ; R$ 3.247,50 ; R$ 3.202,00 ; R$ 3.247,00 
28/11/2017; R$ 3.234,00 ; R$ 3.234,50 ; R$ 3.202,50 ; R$ 3.214,00 
27/11/2017; R$ 3.223,50 ; R$ 3.234,00 ; R$ 3.215,50 ; R$ 3.229,00 
24/11/2017; R$ 3.232,50 ; R$ 3.238,00 ; R$ 3.223,50 ; R$ 3.235,00 
23/11/2017; R$ 3.230,00 ; R$ 3.245,50 ; R$ 3.222,00 ; R$ 3.224,50 
22/11/2017; R$ 3.254,00 ; R$ 3.267,50 ; R$ 3.224,00 ; R$ 3.226,00 
21/11/2017; R$ 3.257,50 ; R$ 3.269,00 ; R$ 3.243,50 ; R$ 3.262,00 
17/11/2017; R$ 3.280,00 ; R$ 3.293,00 ; R$ 3.260,50 ; R$ 3.262,00 
16/11/2017; R$ 3.311,00 ; R$ 3.316,00 ; R$ 3.274,00 ; R$ 3.280,00 
14/11/2017; R$ 3.282,00 ; R$ 3.322,50 ; R$ 3.273,00 ; R$ 3.319,00 
13/11/2017; R$ 3.293,50 ; R$ 3.307,50 ; R$ 3.283,00 ; R$ 3.286,00 
10/11/2017; R$ 3.262,00 ; R$ 3.292,50 ; R$ 3.258,50 ; R$ 3.285,50 
09/11/2017; R$ 3.257,50 ; R$ 3.274,50 ; R$ 3.244,00 ; R$ 3.260,50 
08/11/2017; R$ 3.275,50 ; R$ 3.277,00 ; R$ 3.249,50 ; R$ 3.264,00 
07/11/2017; R$ 3.277,00 ; R$ 3.298,00 ; R$ 3.264,00 ; R$ 3.281,00 
06/11/2017; R$ 3.314,50 ; R$ 3.315,50 ; R$ 3.258,00 ; R$ 3.259,00 
03/11/2017; R$ 3.279,00 ; R$ 3.346,50 ; R$ 3.262,50 ; R$ 3.327,00 
01/11/2017; R$ 3.284,50 ; R$ 3.305,00 ; R$ 3.269,00 ; R$ 3.280,00 
31/10/2017; R$ 3.300,50 ; R$ 3.315,00 ; R$ 3.277,50 ; R$ 3.284,00 
30/10/2017; R$ 3.240,50 ; R$ 3.290,00 ; R$ 3.235,50 ; R$ 3.289,50 
27/10/2017; R$ 3.290,00 ; R$ 3.304,00 ; R$ 3.235,00 ; R$ 3.237,50 
26/10/2017; R$ 3.231,50 ; R$ 3.300,50 ; R$ 3.231,00 ; R$ 3.292,50 
25/10/2017; R$ 3.242,50 ; R$ 3.262,50 ; R$ 3.231,00 ; R$ 3.235,50 
24/10/2017; R$ 3.238,00 ; R$ 3.270,50 ; R$ 3.228,00 ; R$ 3.246,50 
23/10/2017; R$ 3.198,50 ; R$ 3.244,00 ; R$ 3.194,00 ; R$ 3.242,00 
20/10/2017; R$ 3.186,00 ; R$ 3.202,50 ; R$ 3.176,00 ; R$ 3.197,50 
19/10/2017; R$ 3.169,00 ; R$ 3.184,50 ; R$ 3.167,00 ; R$ 3.172,50 
18/10/2017; R$ 3.171,00 ; R$ 3.187,50 ; R$ 3.161,50 ; R$ 3.177,50 
17/10/2017; R$ 3.178,00 ; R$ 3.190,50 ; R$ 3.165,00 ; R$ 3.165,50 
16/10/2017; R$ 3.163,50 ; R$ 3.181,00 ; R$ 3.160,50 ; R$ 3.178,50 
13/10/2017; R$ 3.180,00 ; R$ 3.188,00 ; R$ 3.151,50 ; R$ 3.153,00 
11/10/2017; R$ 3.180,00 ; R$ 3.186,50 ; R$ 3.169,50 ; R$ 3.179,50 
10/10/2017; R$ 3.184,00 ; R$ 3.195,50 ; R$ 3.171,50 ; R$ 3.189,00 
09/10/2017; R$ 3.168,00 ; R$ 3.200,00 ; R$ 3.167,00 ; R$ 3.199,50 
06/10/2017; R$ 3.165,00 ; R$ 3.188,50 ; R$ 3.159,50 ; R$ 3.165,50 
05/10/2017; R$ 3.144,50 ; R$ 3.166,50 ; R$ 3.136,50 ; R$ 3.164,50 
04/10/2017; R$ 3.146,50 ; R$ 3.151,50 ; R$ 3.134,50 ; R$ 3.147,50 
03/10/2017; R$ 3.170,00 ; R$ 3.178,50 ; R$ 3.154,00 ; R$ 3.155,50 
02/10/2017; R$ 3.183,50 ; R$ 3.192,00 ; R$ 3.164,50 ; R$ 3.167,50 
29/09/2017; R$ 3.194,50 ; R$ 3.203,50 ; R$ 3.169,50 ; R$ 3.176,00 
28/09/2017; R$ 3.189,50 ; R$ 3.201,00 ; R$ 3.178,00 ; R$ 3.184,00 
27/09/2017; R$ 3.187,00 ; R$ 3.199,00 ; R$ 3.181,00 ; R$ 3.193,50 
26/09/2017; R$ 3.165,50 ; R$ 3.176,50 ; R$ 3.154,00 ; R$ 3.168,00 
25/09/2017; R$ 3.135,50 ; R$ 3.164,00 ; R$ 3.128,50 ; R$ 3.161,50 
22/09/2017; R$ 3.138,00 ; R$ 3.140,50 ; R$ 3.124,00 ; R$ 3.128,00 
21/09/2017; R$ 3.145,00 ; R$ 3.151,00 ; R$ 3.130,00 ; R$ 3.141,00 
20/09/2017; R$ 3.132,50 ; R$ 3.144,50 ; R$ 3.119,00 ; R$ 3.137,00 
19/09/2017; R$ 3.137,00 ; R$ 3.145,50 ; R$ 3.131,00 ; R$ 3.140,00 
18/09/2017; R$ 3.117,50 ; R$ 3.145,00 ; R$ 3.115,50 ; R$ 3.142,50 
15/09/2017; R$ 3.135,50 ; R$ 3.138,50 ; R$ 3.117,00 ; R$ 3.117,50 
14/09/2017; R$ 3.147,00 ; R$ 3.156,00 ; R$ 3.119,00 ; R$ 3.126,00 
13/09/2017; R$ 3.132,50 ; R$ 3.149,00 ; R$ 3.128,50 ; R$ 3.141,50 
12/09/2017; R$ 3.113,00 ; R$ 3.143,50 ; R$ 3.111,00 ; R$ 3.131,50 
11/09/2017; R$ 3.099,50 ; R$ 3.115,50 ; R$ 3.086,50 ; R$ 3.111,00 
08/09/2017; R$ 3.096,00 ; R$ 3.108,00 ; R$ 3.090,50 ; R$ 3.096,00 
06/09/2017; R$ 3.122,50 ; R$ 3.128,50 ; R$ 3.107,50 ; R$ 3.108,50 
05/09/2017; R$ 3.129,00 ; R$ 3.138,00 ; R$ 3.122,50 ; R$ 3.127,50 
04/09/2017; R$ 3.155,00 ; R$ 3.156,50 ; R$ 3.144,00 ; R$ 3.152,50 
01/09/2017; R$ 3.155,00 ; R$ 3.159,00 ; R$ 3.134,50 ; R$ 3.153,00 
31/08/2017; R$ 3.180,50 ; R$ 3.184,00 ; R$ 3.150,50 ; R$ 3.161,00 
30/08/2017; R$ 3.169,00 ; R$ 3.175,50 ; R$ 3.157,00 ; R$ 3.161,50 
29/08/2017; R$ 3.163,50 ; R$ 3.178,00 ; R$ 3.160,50 ; R$ 3.166,50 
28/08/2017; R$ 3.157,50 ; R$ 3.170,50 ; R$ 3.151,50 ; R$ 3.170,00 
25/08/2017; R$ 3.144,00 ; R$ 3.166,00 ; R$ 3.139,50 ; R$ 3.164,00 
24/08/2017; R$ 3.146,50 ; R$ 3.154,00 ; R$ 3.137,00 ; R$ 3.153,00 
23/08/2017; R$ 3.172,00 ; R$ 3.176,00 ; R$ 3.139,00 ; R$ 3.146,50 
22/08/2017; R$ 3.163,00 ; R$ 3.197,50 ; R$ 3.152,50 ; R$ 3.167,50 
21/08/2017; R$ 3.156,00 ; R$ 3.180,00 ; R$ 3.144,00 ; R$ 3.171,00 
18/08/2017; R$ 3.179,00 ; R$ 3.183,50 ; R$ 3.151,00 ; R$ 3.155,50 
17/08/2017; R$ 3.168,50 ; R$ 3.191,50 ; R$ 3.166,00 ; R$ 3.184,50 
16/08/2017; R$ 3.177,00 ; R$ 3.188,00 ; R$ 3.155,00 ; R$ 3.163,00 
15/08/2017; R$ 3.205,50 ; R$ 3.217,50 ; R$ 3.176,00 ; R$ 3.180,50 
14/08/2017; R$ 3.189,00 ; R$ 3.218,50 ; R$ 3.184,00 ; R$ 3.201,00 
11/08/2017; R$ 3.185,00 ; R$ 3.247,00 ; R$ 3.168,00 ; R$ 3.209,50 
10/08/2017; R$ 3.174,00 ; R$ 3.192,00 ; R$ 3.160,50 ; R$ 3.189,00 
09/08/2017; R$ 3.152,50 ; R$ 3.172,00 ; R$ 3.148,50 ; R$ 3.169,00 
08/08/2017; R$ 3.138,50 ; R$ 3.151,50 ; R$ 3.134,50 ; R$ 3.139,50 
07/08/2017; R$ 3.146,50 ; R$ 3.149,50 ; R$ 3.135,50 ; R$ 3.142,00 
04/08/2017; R$ 3.126,50 ; R$ 3.150,00 ; R$ 3.125,00 ; R$ 3.148,00 
03/08/2017; R$ 3.135,00 ; R$ 3.144,50 ; R$ 3.128,00 ; R$ 3.130,00 
02/08/2017; R$ 3.150,00 ; R$ 3.156,00 ; R$ 3.131,00 ; R$ 3.131,00 
01/08/2017; R$ 3.143,00 ; R$ 3.149,50 ; R$ 3.126,50 ; R$ 3.144,50 
31/07/2017; R$ 3.159,50 ; R$ 3.163,50 ; R$ 3.134,50 ; R$ 3.146,50 
28/07/2017; R$ 3.160,00 ; R$ 3.161,00 ; R$ 3.130,00 ; R$ 3.133,00 
27/07/2017; R$ 3.144,50 ; R$ 3.161,00 ; R$ 3.143,50 ; R$ 3.154,50 
26/07/2017; R$ 3.166,50 ; R$ 3.179,00 ; R$ 3.137,00 ; R$ 3.140,00 
25/07/2017; R$ 3.146,50 ; R$ 3.175,50 ; R$ 3.141,50 ; R$ 3.175,50 
24/07/2017; R$ 3.147,00 ; R$ 3.156,50 ; R$ 3.138,50 ; R$ 3.151,00 
21/07/2017; R$ 3.124,00 ; R$ 3.151,00 ; R$ 3.117,00 ; R$ 3.147,50 
20/07/2017; R$ 3.158,50 ; R$ 3.162,50 ; R$ 3.125,00 ; R$ 3.127,00 
19/07/2017; R$ 3.167,50 ; R$ 3.171,00 ; R$ 3.151,50 ; R$ 3.156,00 
18/07/2017; R$ 3.182,50 ; R$ 3.184,50 ; R$ 3.162,00 ; R$ 3.164,00 
17/07/2017; R$ 3.192,50 ; R$ 3.196,00 ; R$ 3.185,50 ; R$ 3.191,00 
14/07/2017; R$ 3.216,00 ; R$ 3.221,50 ; R$ 3.189,00 ; R$ 3.189,50 
13/07/2017; R$ 3.224,00 ; R$ 3.233,50 ; R$ 3.213,50 ; R$ 3.223,00 
12/07/2017; R$ 3.254,00 ; R$ 3.254,50 ; R$ 3.217,50 ; R$ 3.220,00 
11/07/2017; R$ 3.278,50 ; R$ 3.284,00 ; R$ 3.261,00 ; R$ 3.269,00 
10/07/2017; R$ 3.296,50 ; R$ 3.296,50 ; R$ 3.269,50 ; R$ 3.271,00 
07/07/2017; R$ 3.307,50 ; R$ 3.323,50 ; R$ 3.287,00 ; R$ 3.298,50 
06/07/2017; R$ 3.318,00 ; R$ 3.339,00 ; R$ 3.314,00 ; R$ 3.315,50 
05/07/2017; R$ 3.333,00 ; R$ 3.349,00 ; R$ 3.307,00 ; R$ 3.307,50 
04/07/2017; R$ 3.322,00 ; R$ 3.330,00 ; R$ 3.318,00 ; R$ 3.329,00 
03/07/2017; R$ 3.337,00 ; R$ 3.342,50 ; R$ 3.312,50 ; R$ 3.321,00 
30/06/2017; R$ 3.320,00 ; R$ 3.337,00 ; R$ 3.306,50 ; R$ 3.327,50 
29/06/2017; R$ 3.275,50 ; R$ 3.316,50 ; R$ 3.272,50 ; R$ 3.305,50 
28/06/2017; R$ 3.316,00 ; R$ 3.317,00 ; R$ 3.281,00 ; R$ 3.283,00 
27/06/2017; R$ 3.311,00 ; R$ 3.338,00 ; R$ 3.301,50 ; R$ 3.317,00 
26/06/2017; R$ 3.340,00 ; R$ 3.340,00 ; R$ 3.299,50 ; R$ 3.301,50 
23/06/2017; R$ 3.348,00 ; R$ 3.350,00 ; R$ 3.332,00 ; R$ 3.349,50 
22/06/2017; R$ 3.333,00 ; R$ 3.356,00 ; R$ 3.329,00 ; R$ 3.349,50 
21/06/2017; R$ 3.330,00 ; R$ 3.345,00 ; R$ 3.322,50 ; R$ 3.343,00 
20/06/2017; R$ 3.305,00 ; R$ 3.352,00 ; R$ 3.304,00 ; R$ 3.335,50 
19/06/2017; R$ 3.303,50 ; R$ 3.325,00 ; R$ 3.292,00 ; R$ 3.293,00 
16/06/2017; R$ 3.300,00 ; R$ 3.308,50 ; R$ 3.291,00 ; R$ 3.305,00 
14/06/2017; R$ 3.322,00 ; R$ 3.326,50 ; R$ 3.277,00 ; R$ 3.287,00 
13/06/2017; R$ 3.325,00 ; R$ 3.347,50 ; R$ 3.314,00 ; R$ 3.328,50 
12/06/2017; R$ 3.303,00 ; R$ 3.342,00 ; R$ 3.291,50 ; R$ 3.332,00 
09/06/2017; R$ 3.280,00 ; R$ 3.314,50 ; R$ 3.272,00 ; R$ 3.311,50 
08/06/2017; R$ 3.293,00 ; R$ 3.306,00 ; R$ 3.277,00 ; R$ 3.278,00 
07/06/2017; R$ 3.300,50 ; R$ 3.304,50 ; R$ 3.283,00 ; R$ 3.287,50 
06/06/2017; R$ 3.320,00 ; R$ 3.321,50 ; R$ 3.292,00 ; R$ 3.297,50 
05/06/2017; R$ 3.273,00 ; R$ 3.319,00 ; R$ 3.268,50 ; R$ 3.318,50 
02/06/2017; R$ 3.270,50 ; R$ 3.280,00 ; R$ 3.242,00 ; R$ 3.267,00 
01/06/2017; R$ 3.254,00 ; R$ 3.277,00 ; R$ 3.237,50 ; R$ 3.274,00 
31/05/2017; R$ 3.281,50 ; R$ 3.282,50 ; R$ 3.247,50 ; R$ 3.249,50 
30/05/2017; R$ 3.271,50 ; R$ 3.273,50 ; R$ 3.256,50 ; R$ 3.259,50 
29/05/2017; R$ 3.264,50 ; R$ 3.279,00 ; R$ 3.258,50 ; R$ 3.258,50 
26/05/2017; R$ 3.274,00 ; R$ 3.279,00 ; R$ 3.255,50 ; R$ 3.262,00 
25/05/2017; R$ 3.285,00 ; R$ 3.302,00 ; R$ 3.267,00 ; R$ 3.278,00 
24/05/2017; R$ 3.280,00 ; R$ 3.294,00 ; R$ 3.255,00 ; R$ 3.282,50 
23/05/2017; R$ 3.282,50 ; R$ 3.295,00 ; R$ 3.264,00 ; R$ 3.279,50 
22/05/2017; R$ 3.284,00 ; R$ 3.328,50 ; R$ 3.269,00 ; R$ 3.276,00 
19/05/2017; R$ 3.309,00 ; R$ 3.355,00 ; R$ 3.252,50 ; R$ 3.264,00 
18/05/2017; R$ 3.323,50 ; R$ 3.417,50 ; R$ 3.323,50 ; R$ 3.394,00 
17/05/2017; R$ 3.112,50 ; R$ 3.151,50 ; R$ 3.107,00 ; R$ 3.148,00 
16/05/2017; R$ 3.113,00 ; R$ 3.119,00 ; R$ 3.100,00 ; R$ 3.108,50 
15/05/2017; R$ 3.120,50 ; R$ 3.125,50 ; R$ 3.109,00 ; R$ 3.124,00 
12/05/2017; R$ 3.164,50 ; R$ 3.165,00 ; R$ 3.131,00 ; R$ 3.136,50 
11/05/2017; R$ 3.177,50 ; R$ 3.184,50 ; R$ 3.154,50 ; R$ 3.155,50 
10/05/2017; R$ 3.193,50 ; R$ 3.193,50 ; R$ 3.169,50 ; R$ 3.184,50 
09/05/2017; R$ 3.215,50 ; R$ 3.218,50 ; R$ 3.197,50 ; R$ 3.209,50 
08/05/2017; R$ 3.208,00 ; R$ 3.225,50 ; R$ 3.202,50 ; R$ 3.217,50 
05/05/2017; R$ 3.209,50 ; R$ 3.217,00 ; R$ 3.189,50 ; R$ 3.197,00 
04/05/2017; R$ 3.196,00 ; R$ 3.217,00 ; R$ 3.192,00 ; R$ 3.211,00 
03/05/2017; R$ 3.184,50 ; R$ 3.190,50 ; R$ 3.163,50 ; R$ 3.187,50 
02/05/2017; R$ 3.193,00 ; R$ 3.219,50 ; R$ 3.170,50 ; R$ 3.175,50 
28/04/2017; R$ 3.211,50 ; R$ 3.240,00 ; R$ 3.195,50 ; R$ 3.201,50 
27/04/2017; R$ 3.161,00 ; R$ 3.190,00 ; R$ 3.157,00 ; R$ 3.184,50 
26/04/2017; R$ 3.164,50 ; R$ 3.209,50 ; R$ 3.160,50 ; R$ 3.173,50 
25/04/2017; R$ 3.144,00 ; R$ 3.172,50 ; R$ 3.142,50 ; R$ 3.150,50 
24/04/2017; R$ 3.127,50 ; R$ 3.139,50 ; R$ 3.123,00 ; R$ 3.133,00 
20/04/2017; R$ 3.146,50 ; R$ 3.176,00 ; R$ 3.139,00 ; R$ 3.154,00 
19/04/2017; R$ 3.121,50 ; R$ 3.161,50 ; R$ 3.116,50 ; R$ 3.157,50 
18/04/2017; R$ 3.117,50 ; R$ 3.131,00 ; R$ 3.095,50 ; R$ 3.115,50 
17/04/2017; R$ 3.116,00 ; R$ 3.123,00 ; R$ 3.102,50 ; R$ 3.107,50 
13/04/2017; R$ 3.146,50 ; R$ 3.159,50 ; R$ 3.126,50 ; R$ 3.154,50 
12/04/2017; R$ 3.159,00 ; R$ 3.169,50 ; R$ 3.132,00 ; R$ 3.139,00 
11/04/2017; R$ 3.145,50 ; R$ 3.167,50 ; R$ 3.137,50 ; R$ 3.150,00 
10/04/2017; R$ 3.163,00 ; R$ 3.164,00 ; R$ 3.143,50 ; R$ 3.145,00 
07/04/2017; R$ 3.158,00 ; R$ 3.174,00 ; R$ 3.133,50 ; R$ 3.161,50 
06/04/2017; R$ 3.137,00 ; R$ 3.167,00 ; R$ 3.124,00 ; R$ 3.158,50 
05/04/2017; R$ 3.104,00 ; R$ 3.141,50 ; R$ 3.098,00 ; R$ 3.136,00 
04/04/2017; R$ 3.152,50 ; R$ 3.155,00 ; R$ 3.110,00 ; R$ 3.111,50 
03/04/2017; R$ 3.152,00 ; R$ 3.153,50 ; R$ 3.129,00 ; R$ 3.133,50 
31/03/2017; R$ 3.172,00 ; R$ 3.197,50 ; R$ 3.140,50 ; R$ 3.140,50 
30/03/2017; R$ 3.123,50 ; R$ 3.155,00 ; R$ 3.120,50 ; R$ 3.151,00 
29/03/2017; R$ 3.137,00 ; R$ 3.140,50 ; R$ 3.115,00 ; R$ 3.123,50 
28/03/2017; R$ 3.135,00 ; R$ 3.148,50 ; R$ 3.126,00 ; R$ 3.144,50 
27/03/2017; R$ 3.121,50 ; R$ 3.144,50 ; R$ 3.117,00 ; R$ 3.130,50 
24/03/2017; R$ 3.144,00 ; R$ 3.157,00 ; R$ 3.110,50 ; R$ 3.115,50 
23/03/2017; R$ 3.104,50 ; R$ 3.153,00 ; R$ 3.101,00 ; R$ 3.148,00 
22/03/2017; R$ 3.112,00 ; R$ 3.118,50 ; R$ 3.091,00 ; R$ 3.096,50 
21/03/2017; R$ 3.081,50 ; R$ 3.104,50 ; R$ 3.070,50 ; R$ 3.098,50 
20/03/2017; R$ 3.108,50 ; R$ 3.127,00 ; R$ 3.078,50 ; R$ 3.083,00 
17/03/2017; R$ 3.120,50 ; R$ 3.139,50 ; R$ 3.099,00 ; R$ 3.105,00 
16/03/2017; R$ 3.133,50 ; R$ 3.136,50 ; R$ 3.106,00 ; R$ 3.134,00 
15/03/2017; R$ 3.181,00 ; R$ 3.193,00 ; R$ 3.113,00 ; R$ 3.118,50 
14/03/2017; R$ 3.179,00 ; R$ 3.199,00 ; R$ 3.174,50 ; R$ 3.184,00 
13/03/2017; R$ 3.151,00 ; R$ 3.178,00 ; R$ 3.148,00 ; R$ 3.170,50 
10/03/2017; R$ 3.202,50 ; R$ 3.206,00 ; R$ 3.156,00 ; R$ 3.157,00 
09/03/2017; R$ 3.195,00 ; R$ 3.219,50 ; R$ 3.180,50 ; R$ 3.214,50 
08/03/2017; R$ 3.152,00 ; R$ 3.202,50 ; R$ 3.146,50 ; R$ 3.183,00 
07/03/2017; R$ 3.151,50 ; R$ 3.154,00 ; R$ 3.134,00 ; R$ 3.142,00 
06/03/2017; R$ 3.146,00 ; R$ 3.164,00 ; R$ 3.123,50 ; R$ 3.161,00 
03/03/2017; R$ 3.179,50 ; R$ 3.186,50 ; R$ 3.135,50 ; R$ 3.143,00 
02/03/2017; R$ 3.124,50 ; R$ 3.183,50 ; R$ 3.122,00 ; R$ 3.182,00 
01/03/2017; R$ 3.146,00 ; R$ 3.149,00 ; R$ 3.114,50 ; R$ 3.117,00 
24/02/2017; R$ 3.102,00 ; R$ 3.145,00 ; R$ 3.097,00 ; R$ 3.141,50 
23/02/2017; R$ 3.069,00 ; R$ 3.080,50 ; R$ 3.054,00 ; R$ 3.067,50 
22/02/2017; R$ 3.099,00 ; R$ 3.099,00 ; R$ 3.060,00 ; R$ 3.068,00 
21/02/2017; R$ 3.101,00 ; R$ 3.111,50 ; R$ 3.090,50 ; R$ 3.096,00 
20/02/2017; R$ 3.105,50 ; R$ 3.111,50 ; R$ 3.088,00 ; R$ 3.092,50 
17/02/2017; R$ 3.103,00 ; R$ 3.113,50 ; R$ 3.085,00 ; R$ 3.112,00 
16/02/2017; R$ 3.062,00 ; R$ 3.097,00 ; R$ 3.047,00 ; R$ 3.095,00 
15/02/2017; R$ 3.097,00 ; R$ 3.103,50 ; R$ 3.061,00 ; R$ 3.061,00 
14/02/2017; R$ 3.129,00 ; R$ 3.138,00 ; R$ 3.091,50 ; R$ 3.096,50 
13/02/2017; R$ 3.123,00 ; R$ 3.135,00 ; R$ 3.119,00 ; R$ 3.123,50 
10/02/2017; R$ 3.139,00 ; R$ 3.140,50 ; R$ 3.119,00 ; R$ 3.123,50 
09/02/2017; R$ 3.136,00 ; R$ 3.147,50 ; R$ 3.127,50 ; R$ 3.143,00 
08/02/2017; R$ 3.136,00 ; R$ 3.145,00 ; R$ 3.128,00 ; R$ 3.134,00 
07/02/2017; R$ 3.146,00 ; R$ 3.153,50 ; R$ 3.134,00 ; R$ 3.139,00 
06/02/2017; R$ 3.137,00 ; R$ 3.145,00 ; R$ 3.125,00 ; R$ 3.132,00 
03/02/2017; R$ 3.149,00 ; R$ 3.158,00 ; R$ 3.124,00 ; R$ 3.144,50 
02/02/2017; R$ 3.135,00 ; R$ 3.150,00 ; R$ 3.128,00 ; R$ 3.145,00 
01/02/2017; R$ 3.167,50 ; R$ 3.184,00 ; R$ 3.146,50 ; R$ 3.151,50 
31/01/2017; R$ 3.152,00 ; R$ 3.179,00 ; R$ 3.125,00 ; R$ 3.170,00 
30/01/2017; R$ 3.142,00 ; R$ 3.154,00 ; R$ 3.113,50 ; R$ 3.127,50 
27/01/2017; R$ 3.182,00 ; R$ 3.186,00 ; R$ 3.140,50 ; R$ 3.144,00 
26/01/2017; R$ 3.166,00 ; R$ 3.198,50 ; R$ 3.165,00 ; R$ 3.184,00 
24/01/2017; R$ 3.174,50 ; R$ 3.181,50 ; R$ 3.165,50 ; R$ 3.178,00 
23/01/2017; R$ 3.167,50 ; R$ 3.191,50 ; R$ 3.162,00 ; R$ 3.171,00 
20/01/2017; R$ 3.211,50 ; R$ 3.214,50 ; R$ 3.177,50 ; R$ 3.181,00 
19/01/2017; R$ 3.239,50 ; R$ 3.243,50 ; R$ 3.204,50 ; R$ 3.206,00 
18/01/2017; R$ 3.234,50 ; R$ 3.244,00 ; R$ 3.226,50 ; R$ 3.243,50 
17/01/2017; R$ 3.223,00 ; R$ 3.235,00 ; R$ 3.211,00 ; R$ 3.225,50 
16/01/2017; R$ 3.244,50 ; R$ 3.262,50 ; R$ 3.232,50 ; R$ 3.258,50 
13/01/2017; R$ 3.203,00 ; R$ 3.240,00 ; R$ 3.196,00 ; R$ 3.236,50 
12/01/2017; R$ 3.190,50 ; R$ 3.208,50 ; R$ 3.169,00 ; R$ 3.206,00 
11/01/2017; R$ 3.215,50 ; R$ 3.249,00 ; R$ 3.198,50 ; R$ 3.216,00 
10/01/2017; R$ 3.218,50 ; R$ 3.221,50 ; R$ 3.201,00 ; R$ 3.215,00 
09/01/2017; R$ 3.249,50 ; R$ 3.255,00 ; R$ 3.212,00 ; R$ 3.218,50 
06/01/2017; R$ 3.232,50 ; R$ 3.248,00 ; R$ 3.208,50 ; R$ 3.248,00 
05/01/2017; R$ 3.246,00 ; R$ 3.253,00 ; R$ 3.217,00 ; R$ 3.221,00 
04/01/2017; R$ 3.281,00 ; R$ 3.282,00 ; R$ 3.235,00 ; R$ 3.240,00 
03/01/2017; R$ 3.312,50 ; R$ 3.318,50 ; R$ 3.275,00 ; R$ 3.290,00 
02/01/2017; R$ 3.285,50 ; R$ 3.316,50 ; R$ 3.282,00 ; R$ 3.315,00 
29/12/2016; R$ 3.301,00 ; R$ 3.301,00 ; R$ 3.270,50 ; R$ 3.281,50 
28/12/2016; R$ 3.276,00 ; R$ 3.297,50 ; R$ 3.267,50 ; R$ 3.285,50 
27/12/2016; R$ 3.288,00 ; R$ 3.293,00 ; R$ 3.272,50 ; R$ 3.273,00 
26/12/2016; R$ 3.274,50 ; R$ 3.291,00 ; R$ 3.268,00 ; R$ 3.284,00 
23/12/2016; R$ 3.291,50 ; R$ 3.298,50 ; R$ 3.264,50 ; R$ 3.278,00 
22/12/2016; R$ 3.345,00 ; R$ 3.355,50 ; R$ 3.291,00 ; R$ 3.293,00 
21/12/2016; R$ 3.361,00 ; R$ 3.363,00 ; R$ 3.331,00 ; R$ 3.338,00 
20/12/2016; R$ 3.381,50 ; R$ 3.387,00 ; R$ 3.348,50 ; R$ 3.363,00 
19/12/2016; R$ 3.404,00 ; R$ 3.415,00 ; R$ 3.373,00 ; R$ 3.373,50 
16/12/2016; R$ 3.384,50 ; R$ 3.425,50 ; R$ 3.357,00 ; R$ 3.406,00 
15/12/2016; R$ 3.406,50 ; R$ 3.423,00 ; R$ 3.377,50 ; R$ 3.388,50 
14/12/2016; R$ 3.358,00 ; R$ 3.388,50 ; R$ 3.318,00 ; R$ 3.387,50 
13/12/2016; R$ 3.368,50 ; R$ 3.383,00 ; R$ 3.334,50 ; R$ 3.351,50 
12/12/2016; R$ 3.415,00 ; R$ 3.427,00 ; R$ 3.353,50 ; R$ 3.353,50 
09/12/2016; R$ 3.407,00 ; R$ 3.431,00 ; R$ 3.371,00 ; R$ 3.400,50 
08/12/2016; R$ 3.400,00 ; R$ 3.439,50 ; R$ 3.392,50 ; R$ 3.393,50 
07/12/2016; R$ 3.413,50 ; R$ 3.444,00 ; R$ 3.402,00 ; R$ 3.407,50 
06/12/2016; R$ 3.477,50 ; R$ 3.494,00 ; R$ 3.423,00 ; R$ 3.435,50 
05/12/2016; R$ 3.505,00 ; R$ 3.509,50 ; R$ 3.444,50 ; R$ 3.448,50 
02/12/2016; R$ 3.498,00 ; R$ 3.522,50 ; R$ 3.475,00 ; R$ 3.507,00 
01/12/2016; R$ 3.422,50 ; R$ 3.509,00 ; R$ 3.412,50 ; R$ 3.498,00 
30/11/2016; R$ 3.433,50 ; R$ 3.439,00 ; R$ 3.407,50 ; R$ 3.412,50 
29/11/2016; R$ 3.393,00 ; R$ 3.415,00 ; R$ 3.382,00 ; R$ 3.401,50 
28/11/2016; R$ 3.396,50 ; R$ 3.417,50 ; R$ 3.385,00 ; R$ 3.390,00 
25/11/2016; R$ 3.430,00 ; R$ 3.474,00 ; R$ 3.409,00 ; R$ 3.415,00 
24/11/2016; R$ 3.395,00 ; R$ 3.417,00 ; R$ 3.388,50 ; R$ 3.402,00 
23/11/2016; R$ 3.369,50 ; R$ 3.426,50 ; R$ 3.359,50 ; R$ 3.395,00 
22/11/2016; R$ 3.349,50 ; R$ 3.373,50 ; R$ 3.338,00 ; R$ 3.366,00 
21/11/2016; R$ 3.391,00 ; R$ 3.394,00 ; R$ 3.352,00 ; R$ 3.363,50 
18/11/2016; R$ 3.452,50 ; R$ 3.455,00 ; R$ 3.384,50 ; R$ 3.396,00 
17/11/2016; R$ 3.418,50 ; R$ 3.445,00 ; R$ 3.401,50 ; R$ 3.437,00 
16/11/2016; R$ 3.415,00 ; R$ 3.461,00 ; R$ 3.411,00 ; R$ 3.437,50 
14/11/2016; R$ 3.459,50 ; R$ 3.492,00 ; R$ 3.440,00 ; R$ 3.451,50 
11/11/2016; R$ 3.416,00 ; R$ 3.529,00 ; R$ 3.390,50 ; R$ 3.411,00 
10/11/2016; R$ 3.230,00 ; R$ 3.415,00 ; R$ 3.227,50 ; R$ 3.411,50 
09/11/2016; R$ 3.263,00 ; R$ 3.268,00 ; R$ 3.216,50 ; R$ 3.235,00 
08/11/2016; R$ 3.226,00 ; R$ 3.237,00 ; R$ 3.183,50 ; R$ 3.189,00 
07/11/2016; R$ 3.228,50 ; R$ 3.239,50 ; R$ 3.211,50 ; R$ 3.223,50 
04/11/2016; R$ 3.277,50 ; R$ 3.289,00 ; R$ 3.242,00 ; R$ 3.259,00 
03/11/2016; R$ 3.269,50 ; R$ 3.275,50 ; R$ 3.247,00 ; R$ 3.264,00 
01/11/2016; R$ 3.212,00 ; R$ 3.282,00 ; R$ 3.206,00 ; R$ 3.267,00 
31/10/2016; R$ 3.230,00 ; R$ 3.230,50 ; R$ 3.191,00 ; R$ 3.216,50 
28/10/2016; R$ 3.167,00 ; R$ 3.208,50 ; R$ 3.161,00 ; R$ 3.208,00 
27/10/2016; R$ 3.145,00 ; R$ 3.179,00 ; R$ 3.130,50 ; R$ 3.176,00 
26/10/2016; R$ 3.130,00 ; R$ 3.157,00 ; R$ 3.119,00 ; R$ 3.142,00 
25/10/2016; R$ 3.128,00 ; R$ 3.142,00 ; R$ 3.107,50 ; R$ 3.122,50 
24/10/2016; R$ 3.152,00 ; R$ 3.157,50 ; R$ 3.121,00 ; R$ 3.127,50 
21/10/2016; R$ 3.153,50 ; R$ 3.176,50 ; R$ 3.151,50 ; R$ 3.157,50 
20/10/2016; R$ 3.184,00 ; R$ 3.184,00 ; R$ 3.143,00 ; R$ 3.152,00 
19/10/2016; R$ 3.195,00 ; R$ 3.207,00 ; R$ 3.173,50 ; R$ 3.176,00 
18/10/2016; R$ 3.204,00 ; R$ 3.205,00 ; R$ 3.185,00 ; R$ 3.195,50 
17/10/2016; R$ 3.212,00 ; R$ 3.229,00 ; R$ 3.201,50 ; R$ 3.213,00 
14/10/2016; R$ 3.189,50 ; R$ 3.222,00 ; R$ 3.179,50 ; R$ 3.215,50 
13/10/2016; R$ 3.225,00 ; R$ 3.234,50 ; R$ 3.192,00 ; R$ 3.193,50 
11/10/2016; R$ 3.225,00 ; R$ 3.244,00 ; R$ 3.210,50 ; R$ 3.210,50 
10/10/2016; R$ 3.233,50 ; R$ 3.241,50 ; R$ 3.217,00 ; R$ 3.227,00 
07/10/2016; R$ 3.257,50 ; R$ 3.261,00 ; R$ 3.211,50 ; R$ 3.237,50 
06/10/2016; R$ 3.248,50 ; R$ 3.265,50 ; R$ 3.241,00 ; R$ 3.248,50 
05/10/2016; R$ 3.271,00 ; R$ 3.276,00 ; R$ 3.241,50 ; R$ 3.244,00 
04/10/2016; R$ 3.240,00 ; R$ 3.287,00 ; R$ 3.231,00 ; R$ 3.287,00 
03/10/2016; R$ 3.269,50 ; R$ 3.277,00 ; R$ 3.224,00 ; R$ 3.237,50 
30/09/2016; R$ 3.273,00 ; R$ 3.291,00 ; R$ 3.258,50 ; R$ 3.287,00 
29/09/2016; R$ 3.221,50 ; R$ 3.270,00 ; R$ 3.216,00 ; R$ 3.259,00 
28/09/2016; R$ 3.237,00 ; R$ 3.255,00 ; R$ 3.213,50 ; R$ 3.219,50 
27/09/2016; R$ 3.228,50 ; R$ 3.248,50 ; R$ 3.221,50 ; R$ 3.235,00 
26/09/2016; R$ 3.255,00 ; R$ 3.258,00 ; R$ 3.228,00 ; R$ 3.244,50 
23/09/2016; R$ 3.216,50 ; R$ 3.258,50 ; R$ 3.208,00 ; R$ 3.250,00 
22/09/2016; R$ 3.200,00 ; R$ 3.236,00 ; R$ 3.189,00 ; R$ 3.227,00 
21/09/2016; R$ 3.250,50 ; R$ 3.258,00 ; R$ 3.213,50 ; R$ 3.213,50 
20/09/2016; R$ 3.277,00 ; R$ 3.284,00 ; R$ 3.255,50 ; R$ 3.267,00 
19/09/2016; R$ 3.274,00 ; R$ 3.291,50 ; R$ 3.265,50 ; R$ 3.285,00 
16/09/2016; R$ 3.326,00 ; R$ 3.336,00 ; R$ 3.276,00 ; R$ 3.280,00 
15/09/2016; R$ 3.349,50 ; R$ 3.383,50 ; R$ 3.309,00 ; R$ 3.320,00 
14/09/2016; R$ 3.321,00 ; R$ 3.366,50 ; R$ 3.315,00 ; R$ 3.362,00 
13/09/2016; R$ 3.282,00 ; R$ 3.351,00 ; R$ 3.279,00 ; R$ 3.334,00 
12/09/2016; R$ 3.317,00 ; R$ 3.329,50 ; R$ 3.260,50 ; R$ 3.263,50 
09/09/2016; R$ 3.249,00 ; R$ 3.304,50 ; R$ 3.246,50 ; R$ 3.290,00 
08/09/2016; R$ 3.214,50 ; R$ 3.241,50 ; R$ 3.189,00 ; R$ 3.236,00 
06/09/2016; R$ 3.300,50 ; R$ 3.307,50 ; R$ 3.218,00 ; R$ 3.218,00 
05/09/2016; R$ 3.277,50 ; R$ 3.312,00 ; R$ 3.272,50 ; R$ 3.307,00 
02/09/2016; R$ 3.277,50 ; R$ 3.299,00 ; R$ 3.249,50 ; R$ 3.280,00 
01/09/2016; R$ 3.248,50 ; R$ 3.291,00 ; R$ 3.247,00 ; R$ 3.286,00 
31/08/2016; R$ 3.257,50 ; R$ 3.287,00 ; R$ 3.246,00 ; R$ 3.254,00 
30/08/2016; R$ 3.238,50 ; R$ 3.264,50 ; R$ 3.221,00 ; R$ 3.242,00 
29/08/2016; R$ 3.280,00 ; R$ 3.293,50 ; R$ 3.232,00 ; R$ 3.233,00 
26/08/2016; R$ 3.237,00 ; R$ 3.282,50 ; R$ 3.193,00 ; R$ 3.265,00 
25/08/2016; R$ 3.232,00 ; R$ 3.247,50 ; R$ 3.222,00 ; R$ 3.239,00 
24/08/2016; R$ 3.245,00 ; R$ 3.257,00 ; R$ 3.226,00 ; R$ 3.232,50 
23/08/2016; R$ 3.200,00 ; R$ 3.247,00 ; R$ 3.194,50 ; R$ 3.244,50 
22/08/2016; R$ 3.227,50 ; R$ 3.238,00 ; R$ 3.208,50 ; R$ 3.212,50 
19/08/2016; R$ 3.256,00 ; R$ 3.263,00 ; R$ 3.215,50 ; R$ 3.215,50 
18/08/2016; R$ 3.216,50 ; R$ 3.260,00 ; R$ 3.213,50 ; R$ 3.253,00 
17/08/2016; R$ 3.227,00 ; R$ 3.250,50 ; R$ 3.213,00 ; R$ 3.225,00 
16/08/2016; R$ 3.182,00 ; R$ 3.222,00 ; R$ 3.171,50 ; R$ 3.216,00 
15/08/2016; R$ 3.197,00 ; R$ 3.207,00 ; R$ 3.174,50 ; R$ 3.203,00 
12/08/2016; R$ 3.172,50 ; R$ 3.213,50 ; R$ 3.165,00 ; R$ 3.211,00 
11/08/2016; R$ 3.166,50 ; R$ 3.174,50 ; R$ 3.149,00 ; R$ 3.166,00 
10/08/2016; R$ 3.142,50 ; R$ 3.166,50 ; R$ 3.135,50 ; R$ 3.151,50 
09/08/2016; R$ 3.196,00 ; R$ 3.198,00 ; R$ 3.151,00 ; R$ 3.167,00 
08/08/2016; R$ 3.190,00 ; R$ 3.215,00 ; R$ 3.185,00 ; R$ 3.197,50 
05/08/2016; R$ 3.215,50 ; R$ 3.226,50 ; R$ 3.187,00 ; R$ 3.190,00 
04/08/2016; R$ 3.267,50 ; R$ 3.268,00 ; R$ 3.220,00 ; R$ 3.220,00 
03/08/2016; R$ 3.297,50 ; R$ 3.323,00 ; R$ 3.267,50 ; R$ 3.271,00 
02/08/2016; R$ 3.305,00 ; R$ 3.308,00 ; R$ 3.270,50 ; R$ 3.290,00 
01/08/2016; R$ 3.280,00 ; R$ 3.309,00 ; R$ 3.278,50 ; R$ 3.298,50 
29/07/2016; R$ 3.315,00 ; R$ 3.323,00 ; R$ 3.263,50 ; R$ 3.281,50 
28/07/2016; R$ 3.272,00 ; R$ 3.300,00 ; R$ 3.264,00 ; R$ 3.291,00 
27/07/2016; R$ 3.281,50 ; R$ 3.299,00 ; R$ 3.261,50 ; R$ 3.262,00 
26/07/2016; R$ 3.297,00 ; R$ 3.299,00 ; R$ 3.272,50 ; R$ 3.281,00 
25/07/2016; R$ 3.270,50 ; R$ 3.302,50 ; R$ 3.261,50 ; R$ 3.296,00 
22/07/2016; R$ 3.285,00 ; R$ 3.304,50 ; R$ 3.261,00 ; R$ 3.265,00 
21/07/2016; R$ 3.258,50 ; R$ 3.298,50 ; R$ 3.252,00 ; R$ 3.282,00 
20/07/2016; R$ 3.265,00 ; R$ 3.274,50 ; R$ 3.250,00 ; R$ 3.267,50 
19/07/2016; R$ 3.281,00 ; R$ 3.297,00 ; R$ 3.260,00 ; R$ 3.260,00 
18/07/2016; R$ 3.275,00 ; R$ 3.288,00 ; R$ 3.260,50 ; R$ 3.270,00 
15/07/2016; R$ 3.269,50 ; R$ 3.300,00 ; R$ 3.257,50 ; R$ 3.297,50 
14/07/2016; R$ 3.263,00 ; R$ 3.276,50 ; R$ 3.233,00 ; R$ 3.267,00 
13/07/2016; R$ 3.318,50 ; R$ 3.326,50 ; R$ 3.281,50 ; R$ 3.282,00 
12/07/2016; R$ 3.310,00 ; R$ 3.319,50 ; R$ 3.284,50 ; R$ 3.316,50 
11/07/2016; R$ 3.326,00 ; R$ 3.340,00 ; R$ 3.313,00 ; R$ 3.333,00 
08/07/2016; R$ 3.353,50 ; R$ 3.365,00 ; R$ 3.305,00 ; R$ 3.321,00 
07/07/2016; R$ 3.363,00 ; R$ 3.397,00 ; R$ 3.344,00 ; R$ 3.397,00 
06/07/2016; R$ 3.341,50 ; R$ 3.368,00 ; R$ 3.338,00 ; R$ 3.352,50 
05/07/2016; R$ 3.321,50 ; R$ 3.333,00 ; R$ 3.302,50 ; R$ 3.330,50 
04/07/2016; R$ 3.263,00 ; R$ 3.299,00 ; R$ 3.260,50 ; R$ 3.299,00 
01/07/2016; R$ 3.256,50 ; R$ 3.274,00 ; R$ 3.222,00 ; R$ 3.268,00 
30/06/2016; R$ 3.264,50 ; R$ 3.272,50 ; R$ 3.208,50 ; R$ 3.240,00 
29/06/2016; R$ 3.267,00 ; R$ 3.279,00 ; R$ 3.221,00 ; R$ 3.221,00 
28/06/2016; R$ 3.360,50 ; R$ 3.364,50 ; R$ 3.301,00 ; R$ 3.304,50 
27/06/2016; R$ 3.399,00 ; R$ 3.420,50 ; R$ 3.378,50 ; R$ 3.399,00 
24/06/2016; R$ 3.445,00 ; R$ 3.457,00 ; R$ 3.358,50 ; R$ 3.380,00 
23/06/2016; R$ 3.358,00 ; R$ 3.382,00 ; R$ 3.345,00 ; R$ 3.349,00 
22/06/2016; R$ 3.414,00 ; R$ 3.418,00 ; R$ 3.376,00 ; R$ 3.387,00 
21/06/2016; R$ 3.393,00 ; R$ 3.426,00 ; R$ 3.365,00 ; R$ 3.420,00 
20/06/2016; R$ 3.400,00 ; R$ 3.417,00 ; R$ 3.385,00 ; R$ 3.406,50 
17/06/2016; R$ 3.466,00 ; R$ 3.474,00 ; R$ 3.426,50 ; R$ 3.426,50 
16/06/2016; R$ 3.498,00 ; R$ 3.523,50 ; R$ 3.475,00 ; R$ 3.477,50 
15/06/2016; R$ 3.485,50 ; R$ 3.515,00 ; R$ 3.460,00 ; R$ 3.488,00 
14/06/2016; R$ 3.525,00 ; R$ 3.532,00 ; R$ 3.473,00 ; R$ 3.498,00 
13/06/2016; R$ 3.441,00 ; R$ 3.507,00 ; R$ 3.433,00 ; R$ 3.497,00 
10/06/2016; R$ 3.440,50 ; R$ 3.468,00 ; R$ 3.431,00 ; R$ 3.438,00 
09/06/2016; R$ 3.398,00 ; R$ 3.427,50 ; R$ 3.383,00 ; R$ 3.425,50 
08/06/2016; R$ 3.432,00 ; R$ 3.435,50 ; R$ 3.379,00 ; R$ 3.381,50 
07/06/2016; R$ 3.509,50 ; R$ 3.539,50 ; R$ 3.465,00 ; R$ 3.465,00 
06/06/2016; R$ 3.554,00 ; R$ 3.557,50 ; R$ 3.512,00 ; R$ 3.518,00 
03/06/2016; R$ 3.625,00 ; R$ 3.628,50 ; R$ 3.552,50 ; R$ 3.560,00 
02/06/2016; R$ 3.630,50 ; R$ 3.643,50 ; R$ 3.610,00 ; R$ 3.627,00 
01/06/2016; R$ 3.650,50 ; R$ 3.668,50 ; R$ 3.618,50 ; R$ 3.638,00 
31/05/2016; R$ 3.598,00 ; R$ 3.671,50 ; R$ 3.588,00 ; R$ 3.650,50 
30/05/2016; R$ 3.605,50 ; R$ 3.617,00 ; R$ 3.567,00 ; R$ 3.574,50 
27/05/2016; R$ 3.599,00 ; R$ 3.631,00 ; R$ 3.597,00 ; R$ 3.610,00 
25/05/2016; R$ 3.565,00 ; R$ 3.628,00 ; R$ 3.555,50 ; R$ 3.587,50 
24/05/2016; R$ 3.570,00 ; R$ 3.595,50 ; R$ 3.548,50 ; R$ 3.578,00 
23/05/2016; R$ 3.567,50 ; R$ 3.597,00 ; R$ 3.552,50 ; R$ 3.579,00 
20/05/2016; R$ 3.566,00 ; R$ 3.570,00 ; R$ 3.526,00 ; R$ 3.528,50 
19/05/2016; R$ 3.581,00 ; R$ 3.630,00 ; R$ 3.569,50 ; R$ 3.576,00 
18/05/2016; R$ 3.544,50 ; R$ 3.582,50 ; R$ 3.532,50 ; R$ 3.580,00 
17/05/2016; R$ 3.503,00 ; R$ 3.542,00 ; R$ 3.496,00 ; R$ 3.501,00 
16/05/2016; R$ 3.543,50 ; R$ 3.551,50 ; R$ 3.511,00 ; R$ 3.514,00 
13/05/2016; R$ 3.505,00 ; R$ 3.555,00 ; R$ 3.485,50 ; R$ 3.551,50 
12/05/2016; R$ 3.455,50 ; R$ 3.525,00 ; R$ 3.451,50 ; R$ 3.503,50 
11/05/2016; R$ 3.501,50 ; R$ 3.504,00 ; R$ 3.461,00 ; R$ 3.469,50 
10/05/2016; R$ 3.529,00 ; R$ 3.533,00 ; R$ 3.485,50 ; R$ 3.498,50 
09/05/2016; R$ 3.520,00 ; R$ 3.697,00 ; R$ 3.516,50 ; R$ 3.541,50 
06/05/2016; R$ 3.576,50 ; R$ 3.599,00 ; R$ 3.520,50 ; R$ 3.525,00 
05/05/2016; R$ 3.551,00 ; R$ 3.579,00 ; R$ 3.536,50 ; R$ 3.560,50 
04/05/2016; R$ 3.598,50 ; R$ 3.602,50 ; R$ 3.556,50 ; R$ 3.576,00 
03/05/2016; R$ 3.570,00 ; R$ 3.611,00 ; R$ 3.558,50 ; R$ 3.586,50 
02/05/2016; R$ 3.490,00 ; R$ 3.540,00 ; R$ 3.484,00 ; R$ 3.534,00 
29/04/2016; R$ 3.526,00 ; R$ 3.531,00 ; R$ 3.463,00 ; R$ 3.469,00 
28/04/2016; R$ 3.523,00 ; R$ 3.525,00 ; R$ 3.483,50 ; R$ 3.493,50 
27/04/2016; R$ 3.525,50 ; R$ 3.559,50 ; R$ 3.515,00 ; R$ 3.528,00 
26/04/2016; R$ 3.550,00 ; R$ 3.553,00 ; R$ 3.523,00 ; R$ 3.533,00 
25/04/2016; R$ 3.566,50 ; R$ 3.577,00 ; R$ 3.547,00 ; R$ 3.570,00 
22/04/2016; R$ 3.562,50 ; R$ 3.608,00 ; R$ 3.562,00 ; R$ 3.574,00 
20/04/2016; R$ 3.550,50 ; R$ 3.576,50 ; R$ 3.533,50 ; R$ 3.535,00 
19/04/2016; R$ 3.593,50 ; R$ 3.599,00 ; R$ 3.535,50 ; R$ 3.544,00 
18/04/2016; R$ 3.489,50 ; R$ 3.633,50 ; R$ 3.484,00 ; R$ 3.629,00 
15/04/2016; R$ 3.490,50 ; R$ 3.574,50 ; R$ 3.485,00 ; R$ 3.545,00 
14/04/2016; R$ 3.535,00 ; R$ 3.549,00 ; R$ 3.468,50 ; R$ 3.502,00 
13/04/2016; R$ 3.524,00 ; R$ 3.581,00 ; R$ 3.489,50 ; R$ 3.518,00 
12/04/2016; R$ 3.514,00 ; R$ 3.582,00 ; R$ 3.498,00 ; R$ 3.512,50 
11/04/2016; R$ 3.605,00 ; R$ 3.611,00 ; R$ 3.507,50 ; R$ 3.514,00 
08/04/2016; R$ 3.681,50 ; R$ 3.694,00 ; R$ 3.608,50 ; R$ 3.613,00 
07/04/2016; R$ 3.688,00 ; R$ 3.745,00 ; R$ 3.672,50 ; R$ 3.716,50 
06/04/2016; R$ 3.726,00 ; R$ 3.736,00 ; R$ 3.660,00 ; R$ 3.668,50 
05/04/2016; R$ 3.673,50 ; R$ 3.714,00 ; R$ 3.653,00 ; R$ 3.703,00 
04/04/2016; R$ 3.596,00 ; R$ 3.656,50 ; R$ 3.572,50 ; R$ 3.649,00 
01/04/2016; R$ 3.629,00 ; R$ 3.648,50 ; R$ 3.563,00 ; R$ 3.577,00 
31/03/2016; R$ 3.646,50 ; R$ 3.658,50 ; R$ 3.559,00 ; R$ 3.622,00 
30/03/2016; R$ 3.639,00 ; R$ 3.652,00 ; R$ 3.599,00 ; R$ 3.600,00 
29/03/2016; R$ 3.646,00 ; R$ 3.679,00 ; R$ 3.634,00 ; R$ 3.644,50 
28/03/2016; R$ 3.668,00 ; R$ 3.678,00 ; R$ 3.625,00 ; R$ 3.632,50 
24/03/2016; R$ 3.708,00 ; R$ 3.726,50 ; R$ 3.683,00 ; R$ 3.685,00 
23/03/2016; R$ 3.619,00 ; R$ 3.692,50 ; R$ 3.612,00 ; R$ 3.689,00 
22/03/2016; R$ 3.655,00 ; R$ 3.659,50 ; R$ 3.582,00 ; R$ 3.584,00 
21/03/2016; R$ 3.635,00 ; R$ 3.657,00 ; R$ 3.607,50 ; R$ 3.631,00 
18/03/2016; R$ 3.657,50 ; R$ 3.685,50 ; R$ 3.581,50 ; R$ 3.638,00 
17/03/2016; R$ 3.665,00 ; R$ 3.700,00 ; R$ 3.613,50 ; R$ 3.637,00 
16/03/2016; R$ 3.796,50 ; R$ 3.867,00 ; R$ 3.745,50 ; R$ 3.755,50 
15/03/2016; R$ 3.732,00 ; R$ 3.797,00 ; R$ 3.690,50 ; R$ 3.779,00 
14/03/2016; R$ 3.613,50 ; R$ 3.681,50 ; R$ 3.594,50 ; R$ 3.680,00 
11/03/2016; R$ 3.625,00 ; R$ 3.685,00 ; R$ 3.590,00 ; R$ 3.605,00 
10/03/2016; R$ 3.691,50 ; R$ 3.727,50 ; R$ 3.626,50 ; R$ 3.642,50 
09/03/2016; R$ 3.763,50 ; R$ 3.770,00 ; R$ 3.700,00 ; R$ 3.703,00 
08/03/2016; R$ 3.815,00 ; R$ 3.823,50 ; R$ 3.753,00 ; R$ 3.778,00 
07/03/2016; R$ 3.790,00 ; R$ 3.820,50 ; R$ 3.758,50 ; R$ 3.802,50 
04/03/2016; R$ 3.717,50 ; R$ 3.804,00 ; R$ 3.681,50 ; R$ 3.786,50 
03/03/2016; R$ 3.912,00 ; R$ 3.912,50 ; R$ 3.805,50 ; R$ 3.827,00 
02/03/2016; R$ 3.965,00 ; R$ 3.972,50 ; R$ 3.914,50 ; R$ 3.921,00 
01/03/2016; R$ 4.030,50 ; R$ 4.050,00 ; R$ 3.956,00 ; R$ 3.956,50 
29/02/2016; R$ 4.020,00 ; R$ 4.058,00 ; R$ 3.984,50 ; R$ 4.051,50 
26/02/2016; R$ 3.956,00 ; R$ 4.019,00 ; R$ 3.931,50 ; R$ 3.998,50 
25/02/2016; R$ 3.942,50 ; R$ 3.969,00 ; R$ 3.925,50 ; R$ 3.957,50 
24/02/2016; R$ 3.987,00 ; R$ 4.014,00 ; R$ 3.952,00 ; R$ 3.954,50 
23/02/2016; R$ 3.954,00 ; R$ 3.988,00 ; R$ 3.946,00 ; R$ 3.963,50 
22/02/2016; R$ 4.005,00 ; R$ 4.013,00 ; R$ 3.941,00 ; R$ 3.953,50 
19/02/2016; R$ 4.055,00 ; R$ 4.078,00 ; R$ 4.025,50 ; R$ 4.034,00 
18/02/2016; R$ 3.990,00 ; R$ 4.067,50 ; R$ 3.985,50 ; R$ 4.047,00 
17/02/2016; R$ 4.076,00 ; R$ 4.081,50 ; R$ 3.981,50 ; R$ 3.994,50 
16/02/2016; R$ 4.008,00 ; R$ 4.094,50 ; R$ 4.005,00 ; R$ 4.094,00 
15/02/2016; R$ 3.997,50 ; R$ 4.022,00 ; R$ 3.994,50 ; R$ 4.014,50 
12/02/2016; R$ 4.006,50 ; R$ 4.026,00 ; R$ 3.983,50 ; R$ 4.022,50 
11/02/2016; R$ 3.965,00 ; R$ 4.034,50 ; R$ 3.958,00 ; R$ 4.018,00 
10/02/2016; R$ 3.920,00 ; R$ 3.971,00 ; R$ 3.919,50 ; R$ 3.954,50 
05/02/2016; R$ 3.915,00 ; R$ 3.953,00 ; R$ 3.885,00 ; R$ 3.926,50 
04/02/2016; R$ 3.903,00 ; R$ 3.931,50 ; R$ 3.871,00 ; R$ 3.916,00 
03/02/2016; R$ 4.020,00 ; R$ 4.023,00 ; R$ 3.920,00 ; R$ 3.922,00 
02/02/2016; R$ 4.014,00 ; R$ 4.049,50 ; R$ 4.000,00 ; R$ 4.019,00 
01/02/2016; R$ 4.055,50 ; R$ 4.060,00 ; R$ 3.979,00 ; R$ 3.997,00 
29/01/2016; R$ 4.088,00 ; R$ 4.129,50 ; R$ 4.024,50 ; R$ 4.026,50 
28/01/2016; R$ 4.089,00 ; R$ 4.124,00 ; R$ 4.036,00 ; R$ 4.075,50 
27/01/2016; R$ 4.062,00 ; R$ 4.119,50 ; R$ 4.033,00 ; R$ 4.113,50 
26/01/2016; R$ 4.120,00 ; R$ 4.128,50 ; R$ 4.053,00 ; R$ 4.054,00 
22/01/2016; R$ 4.146,00 ; R$ 4.147,00 ; R$ 4.102,00 ; R$ 4.105,50 
21/01/2016; R$ 4.156,00 ; R$ 4.183,50 ; R$ 4.135,50 ; R$ 4.165,00 
20/01/2016; R$ 4.100,00 ; R$ 4.142,50 ; R$ 4.082,50 ; R$ 4.112,50 
19/01/2016; R$ 4.021,50 ; R$ 4.079,50 ; R$ 4.014,00 ; R$ 4.076,50 
18/01/2016; R$ 4.048,00 ; R$ 4.070,00 ; R$ 4.031,50 ; R$ 4.052,50 
15/01/2016; R$ 4.056,00 ; R$ 4.081,00 ; R$ 4.039,00 ; R$ 4.066,00 
14/01/2016; R$ 4.041,50 ; R$ 4.059,50 ; R$ 4.007,50 ; R$ 4.019,00 
13/01/2016; R$ 4.028,00 ; R$ 4.045,00 ; R$ 3.990,50 ; R$ 4.033,00 
12/01/2016; R$ 4.065,00 ; R$ 4.083,50 ; R$ 4.041,50 ; R$ 4.051,50 
11/01/2016; R$ 4.049,00 ; R$ 4.091,50 ; R$ 4.027,50 ; R$ 4.081,50 
08/01/2016; R$ 4.052,00 ; R$ 4.083,00 ; R$ 4.033,00 ; R$ 4.050,00 
07/01/2016; R$ 4.090,00 ; R$ 4.103,50 ; R$ 4.054,50 ; R$ 4.078,00 
06/01/2016; R$ 4.084,00 ; R$ 4.090,00 ; R$ 4.036,00 ; R$ 4.061,00 
05/01/2016; R$ 4.083,50 ; R$ 4.092,00 ; R$ 4.022,50 ; R$ 4.043,00 
04/01/2016; R$ 4.040,00 ; R$ 4.104,00 ; R$ 4.032,00 ; R$ 4.072,00 
30/12/2015; R$ 3.893,50 ; R$ 4.063,00 ; R$ 3.885,50 ; R$ 3.994,00 
29/12/2015; R$ 3.865,50 ; R$ 3.895,00 ; R$ 3.843,00 ; R$ 3.868,00 
28/12/2015; R$ 3.965,00 ; R$ 3.969,00 ; R$ 3.860,00 ; R$ 3.864,00 
23/12/2015; R$ 4.000,00 ; R$ 4.004,00 ; R$ 3.948,50 ; R$ 3.951,00 
22/12/2015; R$ 4.008,50 ; R$ 4.027,00 ; R$ 3.981,50 ; R$ 4.004,50 
21/12/2015; R$ 4.000,50 ; R$ 4.052,50 ; R$ 3.974,50 ; R$ 4.020,50 
18/12/2015; R$ 3.932,00 ; R$ 4.000,00 ; R$ 3.891,00 ; R$ 3.999,50 
17/12/2015; R$ 3.914,00 ; R$ 3.934,00 ; R$ 3.875,00 ; R$ 3.890,50 
16/12/2015; R$ 3.930,00 ; R$ 3.982,50 ; R$ 3.894,50 ; R$ 3.894,50 
15/12/2015; R$ 3.890,50 ; R$ 3.929,00 ; R$ 3.868,00 ; R$ 3.887,50 
14/12/2015; R$ 3.885,00 ; R$ 3.944,50 ; R$ 3.878,00 ; R$ 3.894,00 
11/12/2015; R$ 3.859,00 ; R$ 3.909,50 ; R$ 3.848,00 ; R$ 3.895,00 
10/12/2015; R$ 3.774,00 ; R$ 3.839,00 ; R$ 3.768,50 ; R$ 3.835,00 
09/12/2015; R$ 3.796,00 ; R$ 3.811,00 ; R$ 3.740,00 ; R$ 3.774,00 
08/12/2015; R$ 3.798,50 ; R$ 3.847,00 ; R$ 3.771,50 ; R$ 3.822,50 
07/12/2015; R$ 3.800,00 ; R$ 3.807,00 ; R$ 3.758,50 ; R$ 3.799,50 
04/12/2015; R$ 3.797,50 ; R$ 3.820,00 ; R$ 3.755,00 ; R$ 3.787,00 
03/12/2015; R$ 3.830,00 ; R$ 3.870,00 ; R$ 3.766,00 ; R$ 3.788,50 
02/12/2015; R$ 3.905,00 ; R$ 3.911,00 ; R$ 3.857,00 ; R$ 3.871,50 
01/12/2015; R$ 3.893,50 ; R$ 3.939,50 ; R$ 3.860,00 ; R$ 3.886,00 
30/11/2015; R$ 3.920,00 ; R$ 3.959,00 ; R$ 3.865,00 ; R$ 3.904,50 
27/11/2015; R$ 3.767,00 ; R$ 3.850,00 ; R$ 3.718,50 ; R$ 3.850,00 
26/11/2015; R$ 3.755,00 ; R$ 3.773,00 ; R$ 3.737,00 ; R$ 3.751,00 
25/11/2015; R$ 3.746,00 ; R$ 3.809,50 ; R$ 3.735,00 ; R$ 3.755,00 
24/11/2015; R$ 3.738,50 ; R$ 3.750,00 ; R$ 3.698,50 ; R$ 3.702,00 
23/11/2015; R$ 3.728,50 ; R$ 3.749,00 ; R$ 3.713,50 ; R$ 3.738,50 
19/11/2015; R$ 3.761,00 ; R$ 3.774,50 ; R$ 3.726,50 ; R$ 3.734,00 
18/11/2015; R$ 3.823,50 ; R$ 3.826,50 ; R$ 3.777,50 ; R$ 3.782,50 
17/11/2015; R$ 3.830,00 ; R$ 3.841,50 ; R$ 3.803,00 ; R$ 3.833,00 
16/11/2015; R$ 3.864,00 ; R$ 3.878,50 ; R$ 3.831,00 ; R$ 3.841,00 
13/11/2015; R$ 3.802,50 ; R$ 3.870,00 ; R$ 3.792,50 ; R$ 3.867,50 
12/11/2015; R$ 3.772,50 ; R$ 3.848,00 ; R$ 3.762,50 ; R$ 3.793,50 
11/11/2015; R$ 3.772,00 ; R$ 3.810,50 ; R$ 3.729,00 ; R$ 3.791,00 
10/11/2015; R$ 3.825,00 ; R$ 3.847,00 ; R$ 3.757,00 ; R$ 3.770,00 
09/11/2015; R$ 3.805,00 ; R$ 3.830,00 ; R$ 3.792,00 ; R$ 3.826,50 
06/11/2015; R$ 3.816,00 ; R$ 3.869,50 ; R$ 3.779,00 ; R$ 3.799,00 
05/11/2015; R$ 3.833,00 ; R$ 3.845,00 ; R$ 3.794,50 ; R$ 3.805,00 
04/11/2015; R$ 3.803,00 ; R$ 3.846,50 ; R$ 3.777,50 ; R$ 3.826,50 
03/11/2015; R$ 3.880,50 ; R$ 3.890,50 ; R$ 3.775,00 ; R$ 3.806,00 
30/10/2015; R$ 3.860,00 ; R$ 3.925,50 ; R$ 3.860,00 ; R$ 3.894,00 
29/10/2015; R$ 3.915,00 ; R$ 3.957,00 ; R$ 3.845,50 ; R$ 3.848,00 
28/10/2015; R$ 3.883,50 ; R$ 3.940,00 ; R$ 3.859,00 ; R$ 3.910,00 
27/10/2015; R$ 3.933,50 ; R$ 3.938,50 ; R$ 3.891,50 ; R$ 3.893,00 
26/10/2015; R$ 3.880,00 ; R$ 3.931,50 ; R$ 3.833,50 ; R$ 3.913,50 
23/10/2015; R$ 3.920,50 ; R$ 3.939,00 ; R$ 3.876,00 ; R$ 3.882,50 
22/10/2015; R$ 3.945,50 ; R$ 3.976,00 ; R$ 3.916,50 ; R$ 3.917,00 
21/10/2015; R$ 3.952,00 ; R$ 3.978,50 ; R$ 3.932,00 ; R$ 3.951,00 
20/10/2015; R$ 3.900,50 ; R$ 3.931,50 ; R$ 3.863,50 ; R$ 3.918,00 
19/10/2015; R$ 3.895,00 ; R$ 3.943,00 ; R$ 3.880,50 ; R$ 3.904,00 
16/10/2015; R$ 3.869,50 ; R$ 3.974,00 ; R$ 3.830,00 ; R$ 3.945,00 
15/10/2015; R$ 3.807,00 ; R$ 3.898,50 ; R$ 3.802,00 ; R$ 3.828,50 
14/10/2015; R$ 3.902,50 ; R$ 3.919,00 ; R$ 3.830,50 ; R$ 3.840,00 
13/10/2015; R$ 3.850,00 ; R$ 3.926,00 ; R$ 3.815,00 ; R$ 3.913,00 
09/10/2015; R$ 3.795,00 ; R$ 3.821,00 ; R$ 3.751,00 ; R$ 3.790,00 
08/10/2015; R$ 3.934,50 ; R$ 3.938,00 ; R$ 3.807,50 ; R$ 3.809,50 
07/10/2015; R$ 3.870,00 ; R$ 3.923,50 ; R$ 3.818,50 ; R$ 3.916,50 
06/10/2015; R$ 3.965,00 ; R$ 3.975,00 ; R$ 3.858,50 ; R$ 3.886,50 
05/10/2015; R$ 3.958,00 ; R$ 3.987,00 ; R$ 3.923,50 ; R$ 3.948,00 
02/10/2015; R$ 4.024,00 ; R$ 4.082,50 ; R$ 3.964,00 ; R$ 3.972,00 
01/10/2015; R$ 3.983,50 ; R$ 4.059,50 ; R$ 3.973,50 ; R$ 4.047,00 
30/09/2015; R$ 4.050,00 ; R$ 4.073,50 ; R$ 3.964,00 ; R$ 3.994,00 
29/09/2015; R$ 4.092,00 ; R$ 4.156,00 ; R$ 4.015,00 ; R$ 4.060,00 
28/09/2015; R$ 4.000,50 ; R$ 4.117,50 ; R$ 3.986,50 ; R$ 4.115,00 
25/09/2015; R$ 3.918,00 ; R$ 4.014,50 ; R$ 3.889,00 ; R$ 3.986,00 
24/09/2015; R$ 4.224,50 ; R$ 4.257,00 ; R$ 3.945,50 ; R$ 3.947,00 
23/09/2015; R$ 4.044,00 ; R$ 4.198,50 ; R$ 4.025,50 ; R$ 4.187,00 
22/09/2015; R$ 4.023,00 ; R$ 4.079,00 ; R$ 4.018,00 ; R$ 4.061,00 
21/09/2015; R$ 3.940,00 ; R$ 4.013,00 ; R$ 3.937,00 ; R$ 3.999,00 
18/09/2015; R$ 3.881,50 ; R$ 3.977,00 ; R$ 3.877,50 ; R$ 3.960,00 
17/09/2015; R$ 3.880,00 ; R$ 3.925,50 ; R$ 3.851,00 ; R$ 3.919,00 
16/09/2015; R$ 3.886,00 ; R$ 3.889,50 ; R$ 3.838,00 ; R$ 3.846,00 
15/09/2015; R$ 3.849,00 ; R$ 3.904,50 ; R$ 3.844,50 ; R$ 3.886,50 
14/09/2015; R$ 3.890,00 ; R$ 3.916,00 ; R$ 3.829,00 ; R$ 3.840,00 
11/09/2015; R$ 3.872,50 ; R$ 3.919,00 ; R$ 3.845,50 ; R$ 3.898,00 
10/09/2015; R$ 3.932,00 ; R$ 3.940,50 ; R$ 3.856,00 ; R$ 3.878,00 
09/09/2015; R$ 3.847,50 ; R$ 3.848,00 ; R$ 3.795,50 ; R$ 3.806,00 
08/09/2015; R$ 3.836,50 ; R$ 3.858,50 ; R$ 3.809,00 ; R$ 3.849,00 
04/09/2015; R$ 3.789,00 ; R$ 3.894,00 ; R$ 3.781,50 ; R$ 3.880,00 
03/09/2015; R$ 3.815,00 ; R$ 3.850,00 ; R$ 3.768,00 ; R$ 3.775,50 
02/09/2015; R$ 3.743,50 ; R$ 3.808,00 ; R$ 3.729,50 ; R$ 3.798,00 
01/09/2015; R$ 3.687,00 ; R$ 3.742,00 ; R$ 3.675,50 ; R$ 3.738,00 
31/08/2015; R$ 3.642,00 ; R$ 3.723,00 ; R$ 3.642,00 ; R$ 3.663,50 
28/08/2015; R$ 3.578,00 ; R$ 3.602,00 ; R$ 3.545,50 ; R$ 3.580,00 
27/08/2015; R$ 3.582,00 ; R$ 3.601,00 ; R$ 3.545,00 ; R$ 3.552,00 
26/08/2015; R$ 3.612,00 ; R$ 3.661,50 ; R$ 3.593,00 ; R$ 3.603,00 
25/08/2015; R$ 3.531,50 ; R$ 3.624,50 ; R$ 3.523,50 ; R$ 3.624,50 
24/08/2015; R$ 3.561,00 ; R$ 3.588,50 ; R$ 3.537,00 ; R$ 3.565,00 
21/08/2015; R$ 3.475,00 ; R$ 3.518,50 ; R$ 3.469,00 ; R$ 3.514,00 
20/08/2015; R$ 3.527,50 ; R$ 3.531,50 ; R$ 3.460,50 ; R$ 3.472,00 
19/08/2015; R$ 3.486,50 ; R$ 3.528,50 ; R$ 3.473,00 ; R$ 3.507,00 
18/08/2015; R$ 3.507,50 ; R$ 3.519,00 ; R$ 3.470,50 ; R$ 3.482,00 
17/08/2015; R$ 3.518,50 ; R$ 3.523,00 ; R$ 3.478,50 ; R$ 3.499,00 
14/08/2015; R$ 3.533,00 ; R$ 3.537,50 ; R$ 3.479,50 ; R$ 3.505,00 
13/08/2015; R$ 3.500,50 ; R$ 3.549,50 ; R$ 3.500,50 ; R$ 3.541,00 
12/08/2015; R$ 3.486,00 ; R$ 3.526,50 ; R$ 3.468,50 ; R$ 3.507,00 
11/08/2015; R$ 3.480,00 ; R$ 3.543,50 ; R$ 3.470,50 ; R$ 3.505,00 
10/08/2015; R$ 3.552,00 ; R$ 3.553,00 ; R$ 3.457,00 ; R$ 3.460,00 
07/08/2015; R$ 3.531,00 ; R$ 3.595,00 ; R$ 3.518,00 ; R$ 3.535,00 
06/08/2015; R$ 3.527,50 ; R$ 3.599,00 ; R$ 3.521,00 ; R$ 3.567,00 
05/08/2015; R$ 3.511,50 ; R$ 3.529,00 ; R$ 3.482,00 ; R$ 3.517,00 
04/08/2015; R$ 3.469,00 ; R$ 3.519,50 ; R$ 3.461,50 ; R$ 3.502,50 
03/08/2015; R$ 3.486,50 ; R$ 3.495,00 ; R$ 3.465,50 ; R$ 3.485,00 
31/07/2015; R$ 3.423,00 ; R$ 3.467,00 ; R$ 3.370,50 ; R$ 3.458,50 
30/07/2015; R$ 3.351,00 ; R$ 3.386,50 ; R$ 3.342,50 ; R$ 3.377,00 
29/07/2015; R$ 3.351,50 ; R$ 3.374,50 ; R$ 3.317,00 ; R$ 3.332,50 
28/07/2015; R$ 3.353,00 ; R$ 3.451,50 ; R$ 3.348,50 ; R$ 3.357,50 
27/07/2015; R$ 3.376,00 ; R$ 3.388,50 ; R$ 3.353,00 ; R$ 3.371,00 
24/07/2015; R$ 3.332,00 ; R$ 3.365,00 ; R$ 3.318,50 ; R$ 3.362,50 
23/07/2015; R$ 3.259,00 ; R$ 3.308,50 ; R$ 3.257,00 ; R$ 3.294,00 
22/07/2015; R$ 3.205,00 ; R$ 3.246,00 ; R$ 3.196,00 ; R$ 3.234,00 
21/07/2015; R$ 3.201,50 ; R$ 3.213,50 ; R$ 3.176,00 ; R$ 3.185,00 
20/07/2015; R$ 3.214,00 ; R$ 3.238,50 ; R$ 3.203,50 ; R$ 3.208,50 
17/07/2015; R$ 3.170,00 ; R$ 3.218,50 ; R$ 3.168,00 ; R$ 3.205,50 
16/07/2015; R$ 3.165,00 ; R$ 3.179,00 ; R$ 3.145,50 ; R$ 3.176,00 
15/07/2015; R$ 3.157,50 ; R$ 3.183,50 ; R$ 3.147,50 ; R$ 3.159,00 
14/07/2015; R$ 3.150,00 ; R$ 3.163,00 ; R$ 3.135,00 ; R$ 3.159,00 
13/07/2015; R$ 3.189,00 ; R$ 3.200,00 ; R$ 3.151,50 ; R$ 3.157,50 
10/07/2015; R$ 3.218,00 ; R$ 3.226,50 ; R$ 3.181,00 ; R$ 3.181,00 
08/07/2015; R$ 3.218,00 ; R$ 3.270,00 ; R$ 3.215,50 ; R$ 3.263,00 
07/07/2015; R$ 3.183,00 ; R$ 3.229,00 ; R$ 3.182,50 ; R$ 3.215,50 
06/07/2015; R$ 3.181,50 ; R$ 3.185,00 ; R$ 3.159,50 ; R$ 3.168,00 
03/07/2015; R$ 3.143,50 ; R$ 3.174,00 ; R$ 3.138,50 ; R$ 3.163,00 
02/07/2015; R$ 3.188,50 ; R$ 3.191,00 ; R$ 3.126,00 ; R$ 3.131,00 
01/07/2015; R$ 3.140,00 ; R$ 3.185,00 ; R$ 3.133,00 ; R$ 3.182,00 
30/06/2015; R$ 3.161,00 ; R$ 3.162,00 ; R$ 3.123,00 ; R$ 3.137,00 
29/06/2015; R$ 3.148,00 ; R$ 3.154,00 ; R$ 3.107,50 ; R$ 3.118,00 
26/06/2015; R$ 3.145,50 ; R$ 3.147,50 ; R$ 3.121,00 ; R$ 3.130,00 
25/06/2015; R$ 3.102,00 ; R$ 3.138,00 ; R$ 3.086,50 ; R$ 3.131,50 
24/06/2015; R$ 3.077,50 ; R$ 3.109,00 ; R$ 3.070,50 ; R$ 3.104,00 
23/06/2015; R$ 3.100,50 ; R$ 3.123,50 ; R$ 3.081,00 ; R$ 3.081,00 
22/06/2015; R$ 3.106,00 ; R$ 3.109,00 ; R$ 3.076,50 ; R$ 3.088,00 
19/06/2015; R$ 3.084,00 ; R$ 3.114,00 ; R$ 3.067,00 ; R$ 3.107,50 
18/06/2015; R$ 3.065,00 ; R$ 3.077,00 ; R$ 3.043,00 ; R$ 3.071,50 
17/06/2015; R$ 3.111,00 ; R$ 3.119,00 ; R$ 3.064,50 ; R$ 3.070,50 
16/06/2015; R$ 3.150,00 ; R$ 3.156,50 ; R$ 3.102,00 ; R$ 3.103,50 
15/06/2015; R$ 3.149,00 ; R$ 3.155,50 ; R$ 3.112,00 ; R$ 3.144,50 
12/06/2015; R$ 3.123,50 ; R$ 3.148,00 ; R$ 3.111,50 ; R$ 3.140,00 
11/06/2015; R$ 3.175,00 ; R$ 3.191,00 ; R$ 3.106,00 ; R$ 3.109,00 
10/06/2015; R$ 3.099,50 ; R$ 3.141,00 ; R$ 3.085,00 ; R$ 3.140,00 
09/06/2015; R$ 3.133,00 ; R$ 3.141,00 ; R$ 3.114,50 ; R$ 3.120,50 
08/06/2015; R$ 3.167,00 ; R$ 3.167,50 ; R$ 3.133,00 ; R$ 3.137,00 
05/06/2015; R$ 3.174,50 ; R$ 3.215,00 ; R$ 3.126,50 ; R$ 3.170,50 
03/06/2015; R$ 3.165,00 ; R$ 3.175,00 ; R$ 3.133,00 ; R$ 3.162,00 
02/06/2015; R$ 3.182,50 ; R$ 3.190,50 ; R$ 3.157,00 ; R$ 3.161,00 
01/06/2015; R$ 3.229,50 ; R$ 3.245,50 ; R$ 3.191,00 ; R$ 3.196,00 
29/05/2015; R$ 3.195,00 ; R$ 3.227,50 ; R$ 3.169,50 ; R$ 3.214,00 
28/05/2015; R$ 3.158,00 ; R$ 3.192,50 ; R$ 3.151,50 ; R$ 3.166,00 
27/05/2015; R$ 3.155,50 ; R$ 3.188,50 ; R$ 3.142,00 ; R$ 3.144,00 
26/05/2015; R$ 3.122,00 ; R$ 3.161,00 ; R$ 3.117,00 ; R$ 3.160,00 
25/05/2015; R$ 3.118,00 ; R$ 3.139,50 ; R$ 3.102,00 ; R$ 3.103,50 
22/05/2015; R$ 3.045,50 ; R$ 3.105,50 ; R$ 3.039,50 ; R$ 3.101,00 
21/05/2015; R$ 3.014,00 ; R$ 3.054,50 ; R$ 3.008,00 ; R$ 3.046,00 
20/05/2015; R$ 3.053,50 ; R$ 3.056,00 ; R$ 3.009,00 ; R$ 3.012,00 
19/05/2015; R$ 3.029,50 ; R$ 3.057,00 ; R$ 3.015,50 ; R$ 3.053,00 
18/05/2015; R$ 3.020,00 ; R$ 3.042,50 ; R$ 3.008,00 ; R$ 3.018,00 
15/05/2015; R$ 3.020,00 ; R$ 3.030,00 ; R$ 2.985,00 ; R$ 3.011,00 
14/05/2015; R$ 3.058,00 ; R$ 3.059,50 ; R$ 3.006,00 ; R$ 3.007,00 
13/05/2015; R$ 3.029,00 ; R$ 3.061,50 ; R$ 3.000,00 ; R$ 3.057,50 
12/05/2015; R$ 3.074,50 ; R$ 3.097,00 ; R$ 3.031,50 ; R$ 3.038,00 
11/05/2015; R$ 3.002,00 ; R$ 3.083,50 ; R$ 2.995,00 ; R$ 3.080,50 
08/05/2015; R$ 3.047,50 ; R$ 3.066,50 ; R$ 2.994,00 ; R$ 2.994,00 
07/05/2015; R$ 3.058,50 ; R$ 3.087,00 ; R$ 3.039,00 ; R$ 3.050,50 
06/05/2015; R$ 3.097,00 ; R$ 3.102,00 ; R$ 3.051,00 ; R$ 3.058,50 
05/05/2015; R$ 3.110,00 ; R$ 3.118,50 ; R$ 3.071,00 ; R$ 3.084,00 
04/05/2015; R$ 3.104,00 ; R$ 3.124,50 ; R$ 3.087,00 ; R$ 3.115,00 
30/04/2015; R$ 2.970,00 ; R$ 3.049,00 ; R$ 2.970,00 ; R$ 3.043,50 
29/04/2015; R$ 2.954,00 ; R$ 2.966,50 ; R$ 2.915,50 ; R$ 2.960,00 
28/04/2015; R$ 2.902,50 ; R$ 2.947,00 ; R$ 2.885,00 ; R$ 2.939,00 
27/04/2015; R$ 2.952,00 ; R$ 2.964,50 ; R$ 2.904,50 ; R$ 2.920,50 
24/04/2015; R$ 2.978,50 ; R$ 2.995,50 ; R$ 2.955,50 ; R$ 2.956,50 
23/04/2015; R$ 3.012,50 ; R$ 3.039,00 ; R$ 2.975,00 ; R$ 2.975,50 
22/04/2015; R$ 3.038,00 ; R$ 3.045,00 ; R$ 3.005,00 ; R$ 3.020,00 
20/04/2015; R$ 3.065,00 ; R$ 3.068,50 ; R$ 3.031,50 ; R$ 3.044,00 
17/04/2015; R$ 3.028,00 ; R$ 3.082,50 ; R$ 3.015,50 ; R$ 3.056,50 
16/04/2015; R$ 3.020,00 ; R$ 3.054,50 ; R$ 3.011,00 ; R$ 3.034,50 
15/04/2015; R$ 3.095,00 ; R$ 3.108,50 ; R$ 3.040,00 ; R$ 3.043,00 
14/04/2015; R$ 3.132,00 ; R$ 3.136,50 ; R$ 3.071,50 ; R$ 3.078,00 
13/04/2015; R$ 3.112,50 ; R$ 3.146,00 ; R$ 3.101,50 ; R$ 3.143,50 
10/04/2015; R$ 3.090,50 ; R$ 3.113,00 ; R$ 3.088,00 ; R$ 3.098,00 
09/04/2015; R$ 3.057,00 ; R$ 3.094,00 ; R$ 3.042,00 ; R$ 3.076,00 
08/04/2015; R$ 3.135,50 ; R$ 3.135,50 ; R$ 3.063,00 ; R$ 3.063,00 
07/04/2015; R$ 3.149,50 ; R$ 3.169,00 ; R$ 3.130,50 ; R$ 3.150,00 
06/04/2015; R$ 3.110,00 ; R$ 3.152,00 ; R$ 3.106,00 ; R$ 3.149,50 
02/04/2015; R$ 3.191,00 ; R$ 3.210,00 ; R$ 3.142,00 ; R$ 3.155,00 
01/04/2015; R$ 3.194,00 ; R$ 3.217,50 ; R$ 3.156,50 ; R$ 3.191,00 
31/03/2015; R$ 3.279,00 ; R$ 3.293,50 ; R$ 3.190,00 ; R$ 3.221,00 
30/03/2015; R$ 3.270,00 ; R$ 3.292,00 ; R$ 3.209,00 ; R$ 3.229,00 
27/03/2015; R$ 3.190,00 ; R$ 3.252,50 ; R$ 3.182,00 ; R$ 3.252,00 
26/03/2015; R$ 3.216,00 ; R$ 3.228,00 ; R$ 3.176,50 ; R$ 3.185,50 
25/03/2015; R$ 3.180,00 ; R$ 3.210,00 ; R$ 3.121,50 ; R$ 3.209,00 
24/03/2015; R$ 3.125,50 ; R$ 3.179,50 ; R$ 3.099,00 ; R$ 3.146,50 
23/03/2015; R$ 3.224,00 ; R$ 3.233,00 ; R$ 3.138,50 ; R$ 3.145,50 
20/03/2015; R$ 3.291,50 ; R$ 3.327,50 ; R$ 3.211,00 ; R$ 3.239,50 
19/03/2015; R$ 3.251,00 ; R$ 3.318,00 ; R$ 3.247,50 ; R$ 3.306,00 
18/03/2015; R$ 3.248,00 ; R$ 3.292,50 ; R$ 3.202,50 ; R$ 3.225,00 
17/03/2015; R$ 3.259,00 ; R$ 3.299,00 ; R$ 3.239,00 ; R$ 3.254,00 
16/03/2015; R$ 3.278,00 ; R$ 3.278,50 ; R$ 3.222,00 ; R$ 3.260,00 
13/03/2015; R$ 3.222,00 ; R$ 3.297,00 ; R$ 3.197,50 ; R$ 3.267,00 
12/03/2015; R$ 3.114,50 ; R$ 3.190,00 ; R$ 3.094,00 ; R$ 3.183,50 
11/03/2015; R$ 3.114,50 ; R$ 3.160,00 ; R$ 3.102,50 ; R$ 3.146,50 
10/03/2015; R$ 3.188,50 ; R$ 3.195,00 ; R$ 3.110,00 ; R$ 3.122,50 
09/03/2015; R$ 3.083,00 ; R$ 3.155,00 ; R$ 3.080,00 ; R$ 3.145,00 
06/03/2015; R$ 3.034,00 ; R$ 3.096,50 ; R$ 3.007,00 ; R$ 3.088,00 
05/03/2015; R$ 3.005,50 ; R$ 3.047,00 ; R$ 3.002,50 ; R$ 3.028,00 
04/03/2015; R$ 2.992,50 ; R$ 3.024,50 ; R$ 2.975,00 ; R$ 3.004,00 
03/03/2015; R$ 2.924,00 ; R$ 2.961,00 ; R$ 2.916,50 ; R$ 2.957,00 
02/03/2015; R$ 2.889,00 ; R$ 2.924,00 ; R$ 2.879,00 ; R$ 2.921,00 
27/02/2015; R$ 2.930,00 ; R$ 2.947,50 ; R$ 2.864,00 ; R$ 2.866,00 
26/02/2015; R$ 2.859,50 ; R$ 2.909,50 ; R$ 2.843,00 ; R$ 2.906,50 
25/02/2015; R$ 2.860,00 ; R$ 2.888,00 ; R$ 2.842,50 ; R$ 2.873,50 
24/02/2015; R$ 2.884,00 ; R$ 2.895,00 ; R$ 2.829,00 ; R$ 2.830,00 
23/02/2015; R$ 2.892,00 ; R$ 2.909,00 ; R$ 2.867,50 ; R$ 2.884,00 
20/02/2015; R$ 2.870,00 ; R$ 2.892,00 ; R$ 2.861,00 ; R$ 2.876,00 
19/02/2015; R$ 2.851,00 ; R$ 2.877,00 ; R$ 2.846,00 ; R$ 2.876,00 
18/02/2015; R$ 2.852,00 ; R$ 2.860,00 ; R$ 2.836,00 ; R$ 2.844,50 
13/02/2015; R$ 2.841,00 ; R$ 2.868,50 ; R$ 2.825,00 ; R$ 2.846,50 
12/02/2015; R$ 2.871,50 ; R$ 2.889,50 ; R$ 2.828,00 ; R$ 2.828,00 
11/02/2015; R$ 2.860,00 ; R$ 2.895,00 ; R$ 2.858,50 ; R$ 2.881,00 
10/02/2015; R$ 2.792,00 ; R$ 2.853,00 ; R$ 2.791,00 ; R$ 2.844,00 
09/02/2015; R$ 2.801,00 ; R$ 2.811,50 ; R$ 2.784,00 ; R$ 2.788,00 
06/02/2015; R$ 2.758,50 ; R$ 2.800,00 ; R$ 2.756,50 ; R$ 2.796,00 
05/02/2015; R$ 2.748,00 ; R$ 2.779,00 ; R$ 2.739,00 ; R$ 2.760,50 
04/02/2015; R$ 2.723,00 ; R$ 2.766,50 ; R$ 2.712,00 ; R$ 2.760,00 
03/02/2015; R$ 2.735,50 ; R$ 2.739,50 ; R$ 2.707,00 ; R$ 2.714,00 
02/02/2015; R$ 2.695,50 ; R$ 2.749,50 ; R$ 2.686,50 ; R$ 2.746,00 
30/01/2015; R$ 2.632,00 ; R$ 2.713,50 ; R$ 2.632,00 ; R$ 2.701,00 
29/01/2015; R$ 2.589,50 ; R$ 2.618,50 ; R$ 2.587,50 ; R$ 2.608,00 
28/01/2015; R$ 2.575,50 ; R$ 2.593,00 ; R$ 2.568,50 ; R$ 2.580,50 
27/01/2015; R$ 2.595,00 ; R$ 2.602,00 ; R$ 2.569,00 ; R$ 2.576,00 
26/01/2015; R$ 2.592,50 ; R$ 2.613,50 ; R$ 2.586,00 ; R$ 2.588,00 
23/01/2015; R$ 2.590,00 ; R$ 2.604,00 ; R$ 2.576,00 ; R$ 2.585,00 
22/01/2015; R$ 2.594,00 ; R$ 2.598,00 ; R$ 2.556,00 ; R$ 2.582,00 
21/01/2015; R$ 2.615,00 ; R$ 2.619,00 ; R$ 2.593,00 ; R$ 2.608,00 
20/01/2015; R$ 2.652,50 ; R$ 2.661,00 ; R$ 2.616,50 ; R$ 2.622,00 
19/01/2015; R$ 2.636,00 ; R$ 2.673,50 ; R$ 2.625,50 ; R$ 2.660,00 
16/01/2015; R$ 2.650,00 ; R$ 2.651,00 ; R$ 2.623,50 ; R$ 2.632,00 
15/01/2015; R$ 2.634,50 ; R$ 2.655,00 ; R$ 2.607,50 ; R$ 2.652,50 
14/01/2015; R$ 2.665,00 ; R$ 2.667,00 ; R$ 2.617,00 ; R$ 2.629,50 
13/01/2015; R$ 2.688,00 ; R$ 2.697,50 ; R$ 2.641,50 ; R$ 2.660,00 
12/01/2015; R$ 2.656,00 ; R$ 2.690,50 ; R$ 2.648,00 ; R$ 2.687,50 
09/01/2015; R$ 2.683,00 ; R$ 2.691,00 ; R$ 2.643,00 ; R$ 2.647,00 
08/01/2015; R$ 2.688,50 ; R$ 2.720,00 ; R$ 2.679,00 ; R$ 2.679,50 
07/01/2015; R$ 2.710,00 ; R$ 2.727,50 ; R$ 2.691,00 ; R$ 2.701,00 
06/01/2015; R$ 2.729,50 ; R$ 2.741,00 ; R$ 2.709,00 ; R$ 2.717,50 
05/01/2015; R$ 2.725,00 ; R$ 2.749,00 ; R$ 2.721,50 ; R$ 2.723,50 
02/01/2015; R$ 2.698,00 ; R$ 2.728,00 ; R$ 2.693,00 ; R$ 2.713,00 
30/12/2014; R$ 2.730,00 ; R$ 2.730,00 ; R$ 2.661,00 ; R$ 2.678,50 
29/12/2014; R$ 2.673,00 ; R$ 2.713,00 ; R$ 2.666,00 ; R$ 2.705,50 
26/12/2014; R$ 2.696,00 ; R$ 2.699,50 ; R$ 2.669,50 ; R$ 2.669,50 
23/12/2014; R$ 2.665,00 ; R$ 2.713,50 ; R$ 2.655,50 ; R$ 2.701,00 
22/12/2014; R$ 2.653,00 ; R$ 2.671,00 ; R$ 2.648,00 ; R$ 2.667,50 
19/12/2014; R$ 2.669,50 ; R$ 2.677,00 ; R$ 2.644,50 ; R$ 2.665,00 
18/12/2014; R$ 2.707,00 ; R$ 2.707,50 ; R$ 2.651,50 ; R$ 2.668,00 
17/12/2014; R$ 2.758,50 ; R$ 2.764,00 ; R$ 2.675,00 ; R$ 2.725,50 
16/12/2014; R$ 2.696,50 ; R$ 2.770,50 ; R$ 2.695,00 ; R$ 2.750,00 
15/12/2014; R$ 2.664,50 ; R$ 2.712,50 ; R$ 2.663,50 ; R$ 2.706,00 
12/12/2014; R$ 2.667,00 ; R$ 2.689,50 ; R$ 2.657,00 ; R$ 2.665,50 
11/12/2014; R$ 2.627,50 ; R$ 2.667,50 ; R$ 2.624,50 ; R$ 2.664,50 
10/12/2014; R$ 2.612,50 ; R$ 2.636,00 ; R$ 2.600,50 ; R$ 2.636,00 
09/12/2014; R$ 2.617,00 ; R$ 2.629,00 ; R$ 2.600,50 ; R$ 2.611,00 
08/12/2014; R$ 2.615,00 ; R$ 2.634,50 ; R$ 2.605,00 ; R$ 2.617,00 
05/12/2014; R$ 2.608,00 ; R$ 2.627,00 ; R$ 2.591,00 ; R$ 2.604,50 
04/12/2014; R$ 2.590,50 ; R$ 2.611,50 ; R$ 2.583,00 ; R$ 2.611,50 
03/12/2014; R$ 2.595,50 ; R$ 2.606,50 ; R$ 2.567,00 ; R$ 2.571,50 
02/12/2014; R$ 2.579,00 ; R$ 2.600,50 ; R$ 2.577,50 ; R$ 2.588,50 
01/12/2014; R$ 2.586,00 ; R$ 2.601,50 ; R$ 2.565,00 ; R$ 2.581,00 
28/11/2014; R$ 2.555,00 ; R$ 2.603,00 ; R$ 2.554,00 ; R$ 2.587,00 
27/11/2014; R$ 2.501,00 ; R$ 2.535,50 ; R$ 2.499,00 ; R$ 2.535,00 
26/11/2014; R$ 2.528,50 ; R$ 2.529,50 ; R$ 2.497,50 ; R$ 2.502,50 
25/11/2014; R$ 2.549,50 ; R$ 2.554,50 ; R$ 2.520,00 ; R$ 2.533,00 
24/11/2014; R$ 2.515,50 ; R$ 2.556,50 ; R$ 2.506,50 ; R$ 2.551,00 
21/11/2014; R$ 2.566,00 ; R$ 2.568,50 ; R$ 2.514,50 ; R$ 2.521,00 
19/11/2014; R$ 2.597,00 ; R$ 2.606,50 ; R$ 2.573,00 ; R$ 2.581,00 
18/11/2014; R$ 2.613,50 ; R$ 2.616,00 ; R$ 2.590,50 ; R$ 2.592,00 
17/11/2014; R$ 2.620,00 ; R$ 2.629,00 ; R$ 2.590,00 ; R$ 2.620,00 
14/11/2014; R$ 2.610,00 ; R$ 2.639,50 ; R$ 2.603,00 ; R$ 2.612,00 
13/11/2014; R$ 2.583,00 ; R$ 2.623,00 ; R$ 2.573,00 ; R$ 2.601,50 
12/11/2014; R$ 2.573,00 ; R$ 2.582,00 ; R$ 2.548,00 ; R$ 2.580,50 
11/11/2014; R$ 2.575,00 ; R$ 2.584,50 ; R$ 2.567,00 ; R$ 2.569,50 
10/11/2014; R$ 2.562,50 ; R$ 2.570,50 ; R$ 2.546,00 ; R$ 2.565,00 
07/11/2014; R$ 2.583,00 ; R$ 2.604,50 ; R$ 2.564,50 ; R$ 2.573,00 
06/11/2014; R$ 2.524,00 ; R$ 2.591,50 ; R$ 2.511,00 ; R$ 2.586,00 
05/11/2014; R$ 2.540,00 ; R$ 2.546,50 ; R$ 2.523,50 ; R$ 2.525,00 
04/11/2014; R$ 2.521,50 ; R$ 2.551,50 ; R$ 2.509,50 ; R$ 2.513,50 
03/11/2014; R$ 2.490,50 ; R$ 2.528,00 ; R$ 2.473,50 ; R$ 2.515,00 
31/10/2014; R$ 2.420,00 ; R$ 2.499,00 ; R$ 2.415,50 ; R$ 2.494,00 
30/10/2014; R$ 2.426,00 ; R$ 2.436,00 ; R$ 2.393,50 ; R$ 2.402,00 
29/10/2014; R$ 2.468,50 ; R$ 2.474,50 ; R$ 2.427,00 ; R$ 2.465,00 
28/10/2014; R$ 2.513,00 ; R$ 2.515,00 ; R$ 2.462,00 ; R$ 2.464,00 
27/10/2014; R$ 2.562,00 ; R$ 2.564,00 ; R$ 2.516,50 ; R$ 2.525,00 
24/10/2014; R$ 2.497,50 ; R$ 2.509,50 ; R$ 2.453,00 ; R$ 2.480,00 
23/10/2014; R$ 2.508,00 ; R$ 2.524,50 ; R$ 2.493,00 ; R$ 2.505,00 
22/10/2014; R$ 2.493,00 ; R$ 2.500,00 ; R$ 2.473,50 ; R$ 2.494,50 
21/10/2014; R$ 2.500,00 ; R$ 2.510,00 ; R$ 2.471,00 ; R$ 2.491,00 
20/10/2014; R$ 2.455,00 ; R$ 2.477,00 ; R$ 2.450,00 ; R$ 2.473,00 
17/10/2014; R$ 2.456,00 ; R$ 2.473,00 ; R$ 2.433,00 ; R$ 2.445,50 
16/10/2014; R$ 2.506,00 ; R$ 2.516,50 ; R$ 2.466,00 ; R$ 2.485,00 
15/10/2014; R$ 2.418,00 ; R$ 2.474,50 ; R$ 2.418,00 ; R$ 2.466,00 
14/10/2014; R$ 2.415,50 ; R$ 2.418,00 ; R$ 2.401,50 ; R$ 2.414,50 
13/10/2014; R$ 2.410,00 ; R$ 2.412,00 ; R$ 2.392,00 ; R$ 2.406,00 
10/10/2014; R$ 2.429,00 ; R$ 2.446,50 ; R$ 2.414,00 ; R$ 2.442,00 
09/10/2014; R$ 2.378,00 ; R$ 2.419,00 ; R$ 2.374,00 ; R$ 2.413,00 
08/10/2014; R$ 2.413,00 ; R$ 2.447,00 ; R$ 2.389,00 ; R$ 2.393,00 
07/10/2014; R$ 2.442,50 ; R$ 2.442,50 ; R$ 2.406,00 ; R$ 2.417,00 
06/10/2014; R$ 2.389,50 ; R$ 2.451,50 ; R$ 2.385,00 ; R$ 2.445,00 
03/10/2014; R$ 2.520,50 ; R$ 2.527,00 ; R$ 2.475,50 ; R$ 2.480,00 
02/10/2014; R$ 2.496,50 ; R$ 2.518,50 ; R$ 2.489,50 ; R$ 2.517,00 
01/10/2014; R$ 2.483,00 ; R$ 2.509,50 ; R$ 2.470,50 ; R$ 2.502,00 
30/09/2014; R$ 2.475,00 ; R$ 2.484,50 ; R$ 2.464,50 ; R$ 2.467,00 
29/09/2014; R$ 2.458,00 ; R$ 2.480,00 ; R$ 2.444,50 ; R$ 2.449,50 
26/09/2014; R$ 2.427,50 ; R$ 2.445,50 ; R$ 2.411,50 ; R$ 2.424,50 
25/09/2014; R$ 2.397,00 ; R$ 2.436,50 ; R$ 2.397,00 ; R$ 2.430,50 
24/09/2014; R$ 2.404,00 ; R$ 2.422,00 ; R$ 2.384,50 ; R$ 2.387,00 
23/09/2014; R$ 2.397,00 ; R$ 2.419,00 ; R$ 2.393,00 ; R$ 2.416,50 
22/09/2014; R$ 2.390,00 ; R$ 2.406,50 ; R$ 2.388,00 ; R$ 2.405,00 
19/09/2014; R$ 2.372,50 ; R$ 2.393,00 ; R$ 2.358,00 ; R$ 2.375,50 
18/09/2014; R$ 2.362,50 ; R$ 2.385,00 ; R$ 2.362,50 ; R$ 2.373,00 
17/09/2014; R$ 2.342,00 ; R$ 2.374,00 ; R$ 2.335,00 ; R$ 2.368,00 
16/09/2014; R$ 2.350,50 ; R$ 2.352,50 ; R$ 2.327,50 ; R$ 2.345,00 
15/09/2014; R$ 2.355,50 ; R$ 2.361,00 ; R$ 2.340,00 ; R$ 2.352,50 
12/09/2014; R$ 2.312,50 ; R$ 2.358,00 ; R$ 2.310,50 ; R$ 2.351,50 
11/09/2014; R$ 2.307,50 ; R$ 2.314,00 ; R$ 2.294,00 ; R$ 2.311,00 
10/09/2014; R$ 2.302,00 ; R$ 2.313,50 ; R$ 2.298,00 ; R$ 2.300,50 
09/09/2014; R$ 2.290,50 ; R$ 2.305,00 ; R$ 2.286,50 ; R$ 2.299,00 
08/09/2014; R$ 2.257,00 ; R$ 2.287,00 ; R$ 2.256,00 ; R$ 2.282,50 
05/09/2014; R$ 2.261,50 ; R$ 2.264,50 ; R$ 2.248,00 ; R$ 2.258,00 
04/09/2014; R$ 2.260,00 ; R$ 2.275,00 ; R$ 2.242,50 ; R$ 2.257,00 
03/09/2014; R$ 2.255,00 ; R$ 2.255,50 ; R$ 2.243,00 ; R$ 2.253,00 
02/09/2014; R$ 2.271,50 ; R$ 2.274,00 ; R$ 2.255,50 ; R$ 2.262,00 
01/09/2014; R$ 2.254,00 ; R$ 2.266,00 ; R$ 2.248,50 ; R$ 2.264,00 
29/08/2014; R$ 2.260,50 ; R$ 2.264,50 ; R$ 2.251,50 ; R$ 2.255,00 
28/08/2014; R$ 2.256,50 ; R$ 2.263,00 ; R$ 2.238,00 ; R$ 2.241,50 
27/08/2014; R$ 2.259,00 ; R$ 2.268,00 ; R$ 2.245,00 ; R$ 2.250,00 
26/08/2014; R$ 2.289,00 ; R$ 2.291,50 ; R$ 2.263,00 ; R$ 2.264,50 
25/08/2014; R$ 2.281,00 ; R$ 2.295,50 ; R$ 2.279,50 ; R$ 2.293,00 
22/08/2014; R$ 2.275,50 ; R$ 2.289,50 ; R$ 2.275,00 ; R$ 2.282,00 
21/08/2014; R$ 2.265,50 ; R$ 2.277,00 ; R$ 2.258,50 ; R$ 2.277,00 
20/08/2014; R$ 2.260,00 ; R$ 2.271,50 ; R$ 2.257,50 ; R$ 2.268,50 
19/08/2014; R$ 2.269,00 ; R$ 2.274,00 ; R$ 2.254,00 ; R$ 2.254,00 
18/08/2014; R$ 2.264,50 ; R$ 2.273,50 ; R$ 2.261,50 ; R$ 2.267,50 
15/08/2014; R$ 2.274,00 ; R$ 2.287,00 ; R$ 2.268,00 ; R$ 2.269,00 
14/08/2014; R$ 2.288,00 ; R$ 2.293,00 ; R$ 2.275,50 ; R$ 2.276,50 
13/08/2014; R$ 2.286,00 ; R$ 2.302,50 ; R$ 2.274,00 ; R$ 2.292,50 
12/08/2014; R$ 2.295,00 ; R$ 2.298,00 ; R$ 2.285,00 ; R$ 2.291,50 
11/08/2014; R$ 2.287,00 ; R$ 2.295,50 ; R$ 2.284,50 ; R$ 2.290,00 
08/08/2014; R$ 2.306,00 ; R$ 2.322,00 ; R$ 2.295,00 ; R$ 2.295,00 
07/08/2014; R$ 2.293,50 ; R$ 2.315,00 ; R$ 2.288,00 ; R$ 2.313,00 
06/08/2014; R$ 2.306,00 ; R$ 2.312,50 ; R$ 2.287,00 ; R$ 2.288,50 
05/08/2014; R$ 2.280,50 ; R$ 2.304,00 ; R$ 2.279,00 ; R$ 2.298,00 
04/08/2014; R$ 2.275,50 ; R$ 2.283,00 ; R$ 2.266,00 ; R$ 2.275,00 
01/08/2014; R$ 2.291,50 ; R$ 2.301,00 ; R$ 2.269,00 ; R$ 2.275,00 
31/07/2014; R$ 2.276,50 ; R$ 2.294,00 ; R$ 2.272,00 ; R$ 2.282,50 
30/07/2014; R$ 2.237,00 ; R$ 2.261,50 ; R$ 2.234,00 ; R$ 2.245,50 
29/07/2014; R$ 2.228,00 ; R$ 2.234,50 ; R$ 2.226,00 ; R$ 2.229,00 
28/07/2014; R$ 2.233,00 ; R$ 2.237,50 ; R$ 2.223,50 ; R$ 2.224,00 
25/07/2014; R$ 2.231,00 ; R$ 2.236,00 ; R$ 2.228,50 ; R$ 2.233,00 
24/07/2014; R$ 2.220,50 ; R$ 2.228,00 ; R$ 2.219,50 ; R$ 2.227,50 
23/07/2014; R$ 2.223,00 ; R$ 2.228,50 ; R$ 2.220,00 ; R$ 2.224,50 
22/07/2014; R$ 2.229,50 ; R$ 2.230,00 ; R$ 2.214,00 ; R$ 2.220,50 
21/07/2014; R$ 2.233,00 ; R$ 2.238,00 ; R$ 2.226,00 ; R$ 2.230,00 
18/07/2014; R$ 2.255,00 ; R$ 2.255,00 ; R$ 2.233,50 ; R$ 2.236,00 
17/07/2014; R$ 2.239,00 ; R$ 2.269,50 ; R$ 2.236,00 ; R$ 2.268,50 
16/07/2014; R$ 2.230,00 ; R$ 2.238,00 ; R$ 2.222,50 ; R$ 2.232,50 
15/07/2014; R$ 2.223,50 ; R$ 2.237,00 ; R$ 2.220,50 ; R$ 2.228,00 
14/07/2014; R$ 2.232,50 ; R$ 2.233,50 ; R$ 2.221,00 ; R$ 2.223,50 
11/07/2014; R$ 2.234,00 ; R$ 2.238,50 ; R$ 2.230,00 ; R$ 2.234,00 
10/07/2014; R$ 2.232,50 ; R$ 2.239,50 ; R$ 2.229,50 ; R$ 2.234,50 
08/07/2014; R$ 2.239,00 ; R$ 2.241,50 ; R$ 2.225,00 ; R$ 2.229,00 
07/07/2014; R$ 2.232,50 ; R$ 2.242,00 ; R$ 2.227,00 ; R$ 2.242,00 
04/07/2014; R$ 2.229,00 ; R$ 2.233,00 ; R$ 2.228,50 ; R$ 2.232,00 
03/07/2014; R$ 2.240,50 ; R$ 2.263,00 ; R$ 2.227,00 ; R$ 2.227,50 
02/07/2014; R$ 2.221,00 ; R$ 2.243,50 ; R$ 2.221,00 ; R$ 2.240,50 
01/07/2014; R$ 2.236,00 ; R$ 2.239,50 ; R$ 2.218,50 ; R$ 2.221,00 
30/06/2014; R$ 2.219,00 ; R$ 2.235,50 ; R$ 2.216,00 ; R$ 2.234,00 
27/06/2014; R$ 2.194,50 ; R$ 2.208,50 ; R$ 2.190,00 ; R$ 2.196,50 
26/06/2014; R$ 2.209,50 ; R$ 2.215,50 ; R$ 2.194,50 ; R$ 2.199,50 
25/06/2014; R$ 2.216,50 ; R$ 2.216,50 ; R$ 2.202,50 ; R$ 2.210,00 
24/06/2014; R$ 2.220,50 ; R$ 2.231,00 ; R$ 2.219,50 ; R$ 2.229,50 
23/06/2014; R$ 2.231,50 ; R$ 2.232,50 ; R$ 2.220,50 ; R$ 2.222,00 
20/06/2014; R$ 2.239,50 ; R$ 2.248,00 ; R$ 2.232,50 ; R$ 2.237,00 
18/06/2014; R$ 2.265,50 ; R$ 2.269,00 ; R$ 2.233,00 ; R$ 2.234,00 
17/06/2014; R$ 2.239,50 ; R$ 2.271,00 ; R$ 2.239,50 ; R$ 2.269,50 
16/06/2014; R$ 2.237,00 ; R$ 2.246,50 ; R$ 2.234,50 ; R$ 2.242,50 
13/06/2014; R$ 2.247,00 ; R$ 2.250,50 ; R$ 2.230,00 ; R$ 2.234,00 
11/06/2014; R$ 2.234,00 ; R$ 2.247,50 ; R$ 2.234,00 ; R$ 2.245,00 
10/06/2014; R$ 2.244,00 ; R$ 2.247,50 ; R$ 2.232,00 ; R$ 2.233,00 
09/06/2014; R$ 2.251,50 ; R$ 2.256,50 ; R$ 2.237,00 ; R$ 2.244,00 
06/06/2014; R$ 2.274,00 ; R$ 2.274,00 ; R$ 2.253,50 ; R$ 2.263,00 
05/06/2014; R$ 2.287,50 ; R$ 2.295,00 ; R$ 2.274,50 ; R$ 2.278,00 
04/06/2014; R$ 2.296,50 ; R$ 2.307,50 ; R$ 2.284,50 ; R$ 2.294,00 
03/06/2014; R$ 2.279,00 ; R$ 2.299,50 ; R$ 2.274,00 ; R$ 2.296,00 
02/06/2014; R$ 2.260,00 ; R$ 2.295,00 ; R$ 2.260,00 ; R$ 2.295,00 
30/05/2014; R$ 2.244,00 ; R$ 2.264,50 ; R$ 2.242,00 ; R$ 2.259,50 
29/05/2014; R$ 2.234,50 ; R$ 2.236,00 ; R$ 2.217,50 ; R$ 2.226,00 
28/05/2014; R$ 2.246,00 ; R$ 2.250,00 ; R$ 2.234,50 ; R$ 2.234,50 
27/05/2014; R$ 2.232,00 ; R$ 2.248,00 ; R$ 2.232,00 ; R$ 2.241,50 
26/05/2014; R$ 2.227,00 ; R$ 2.231,00 ; R$ 2.222,50 ; R$ 2.227,50 
23/05/2014; R$ 2.221,00 ; R$ 2.229,50 ; R$ 2.217,50 ; R$ 2.228,00 
22/05/2014; R$ 2.216,00 ; R$ 2.224,50 ; R$ 2.207,00 ; R$ 2.218,50 
21/05/2014; R$ 2.220,50 ; R$ 2.223,00 ; R$ 2.212,50 ; R$ 2.217,00 
20/05/2014; R$ 2.221,00 ; R$ 2.227,50 ; R$ 2.216,50 ; R$ 2.221,50 
19/05/2014; R$ 2.223,00 ; R$ 2.226,50 ; R$ 2.211,50 ; R$ 2.214,00 
16/05/2014; R$ 2.228,50 ; R$ 2.228,50 ; R$ 2.217,50 ; R$ 2.223,50 
15/05/2014; R$ 2.216,50 ; R$ 2.237,50 ; R$ 2.215,00 ; R$ 2.228,00 
14/05/2014; R$ 2.228,00 ; R$ 2.230,00 ; R$ 2.211,00 ; R$ 2.213,00 
13/05/2014; R$ 2.226,00 ; R$ 2.230,50 ; R$ 2.217,00 ; R$ 2.225,00 
12/05/2014; R$ 2.226,00 ; R$ 2.234,00 ; R$ 2.221,50 ; R$ 2.226,50 
09/05/2014; R$ 2.233,50 ; R$ 2.237,50 ; R$ 2.223,50 ; R$ 2.225,00 
08/05/2014; R$ 2.227,50 ; R$ 2.232,50 ; R$ 2.214,50 ; R$ 2.230,50 
07/05/2014; R$ 2.248,00 ; R$ 2.251,00 ; R$ 2.231,00 ; R$ 2.232,50 
06/05/2014; R$ 2.260,00 ; R$ 2.260,00 ; R$ 2.241,00 ; R$ 2.246,00 
05/05/2014; R$ 2.247,00 ; R$ 2.267,00 ; R$ 2.239,50 ; R$ 2.263,00 
02/05/2014; R$ 2.249,00 ; R$ 2.263,00 ; R$ 2.233,50 ; R$ 2.237,50 
30/04/2014; R$ 2.255,00 ; R$ 2.263,00 ; R$ 2.246,50 ; R$ 2.252,00 
29/04/2014; R$ 2.221,00 ; R$ 2.238,00 ; R$ 2.209,50 ; R$ 2.238,00 
28/04/2014; R$ 2.248,00 ; R$ 2.248,00 ; R$ 2.224,00 ; R$ 2.225,50 
25/04/2014; R$ 2.231,00 ; R$ 2.250,00 ; R$ 2.228,00 ; R$ 2.247,50 
24/04/2014; R$ 2.222,00 ; R$ 2.233,00 ; R$ 2.217,50 ; R$ 2.218,50 
23/04/2014; R$ 2.250,00 ; R$ 2.253,50 ; R$ 2.225,00 ; R$ 2.225,00 
22/04/2014; R$ 2.243,00 ; R$ 2.256,50 ; R$ 2.241,00 ; R$ 2.245,00 
17/04/2014; R$ 2.246,50 ; R$ 2.263,00 ; R$ 2.240,00 ; R$ 2.244,00 
16/04/2014; R$ 2.235,50 ; R$ 2.253,50 ; R$ 2.231,50 ; R$ 2.252,00 
15/04/2014; R$ 2.225,00 ; R$ 2.249,50 ; R$ 2.221,00 ; R$ 2.240,00 
14/04/2014; R$ 2.232,00 ; R$ 2.233,00 ; R$ 2.216,00 ; R$ 2.223,50 
11/04/2014; R$ 2.222,00 ; R$ 2.234,00 ; R$ 2.210,00 ; R$ 2.229,00 
10/04/2014; R$ 2.197,00 ; R$ 2.223,00 ; R$ 2.194,00 ; R$ 2.217,50 
09/04/2014; R$ 2.213,00 ; R$ 2.231,50 ; R$ 2.198,00 ; R$ 2.198,00 
08/04/2014; R$ 2.221,00 ; R$ 2.223,00 ; R$ 2.206,00 ; R$ 2.216,00 
07/04/2014; R$ 2.259,00 ; R$ 2.262,00 ; R$ 2.225,50 ; R$ 2.232,00 
04/04/2014; R$ 2.290,00 ; R$ 2.290,00 ; R$ 2.250,00 ; R$ 2.250,00 
03/04/2014; R$ 2.290,00 ; R$ 2.304,00 ; R$ 2.288,50 ; R$ 2.296,00 
02/04/2014; R$ 2.280,00 ; R$ 2.293,00 ; R$ 2.276,00 ; R$ 2.286,00 
01/04/2014; R$ 2.288,50 ; R$ 2.293,00 ; R$ 2.271,50 ; R$ 2.278,50 
31/03/2014; R$ 2.283,00 ; R$ 2.293,50 ; R$ 2.268,50 ; R$ 2.291,00 
28/03/2014; R$ 2.258,00 ; R$ 2.271,00 ; R$ 2.251,50 ; R$ 2.261,00 
27/03/2014; R$ 2.303,50 ; R$ 2.311,00 ; R$ 2.260,00 ; R$ 2.260,00 
26/03/2014; R$ 2.307,00 ; R$ 2.323,00 ; R$ 2.296,00 ; R$ 2.306,50 
25/03/2014; R$ 2.337,00 ; R$ 2.337,00 ; R$ 2.303,00 ; R$ 2.315,00 
24/03/2014; R$ 2.326,50 ; R$ 2.339,00 ; R$ 2.321,00 ; R$ 2.328,50 
21/03/2014; R$ 2.338,00 ; R$ 2.339,00 ; R$ 2.323,50 ; R$ 2.332,00 
20/03/2014; R$ 2.358,00 ; R$ 2.364,00 ; R$ 2.328,50 ; R$ 2.334,00 
19/03/2014; R$ 2.344,00 ; R$ 2.361,50 ; R$ 2.333,00 ; R$ 2.358,00 
18/03/2014; R$ 2.358,00 ; R$ 2.368,00 ; R$ 2.342,00 ; R$ 2.342,00 
17/03/2014; R$ 2.356,00 ; R$ 2.366,00 ; R$ 2.352,00 ; R$ 2.359,00 
14/03/2014; R$ 2.370,00 ; R$ 2.386,50 ; R$ 2.357,00 ; R$ 2.357,50 
13/03/2014; R$ 2.362,00 ; R$ 2.379,50 ; R$ 2.350,50 ; R$ 2.374,50 
12/03/2014; R$ 2.382,00 ; R$ 2.387,00 ; R$ 2.367,00 ; R$ 2.367,50 
11/03/2014; R$ 2.371,50 ; R$ 2.382,50 ; R$ 2.352,50 ; R$ 2.378,00 
10/03/2014; R$ 2.356,00 ; R$ 2.370,50 ; R$ 2.341,50 ; R$ 2.366,00 
07/03/2014; R$ 2.337,50 ; R$ 2.365,00 ; R$ 2.337,00 ; R$ 2.356,00 
06/03/2014; R$ 2.329,00 ; R$ 2.340,00 ; R$ 2.318,00 ; R$ 2.337,00 
05/03/2014; R$ 2.359,50 ; R$ 2.359,50 ; R$ 2.332,50 ; R$ 2.334,00 
28/02/2014; R$ 2.334,00 ; R$ 2.364,50 ; R$ 2.329,50 ; R$ 2.362,50 
27/02/2014; R$ 2.359,00 ; R$ 2.359,50 ; R$ 2.318,00 ; R$ 2.321,50 
26/02/2014; R$ 2.342,50 ; R$ 2.359,50 ; R$ 2.335,50 ; R$ 2.353,00 
25/02/2014; R$ 2.343,00 ; R$ 2.347,50 ; R$ 2.332,50 ; R$ 2.343,00 
24/02/2014; R$ 2.353,00 ; R$ 2.357,50 ; R$ 2.333,00 ; R$ 2.345,00 
21/02/2014; R$ 2.376,50 ; R$ 2.384,00 ; R$ 2.350,50 ; R$ 2.356,00 
20/02/2014; R$ 2.401,00 ; R$ 2.401,50 ; R$ 2.370,00 ; R$ 2.377,50 
19/02/2014; R$ 2.415,00 ; R$ 2.419,00 ; R$ 2.392,00 ; R$ 2.400,50 
18/02/2014; R$ 2.401,50 ; R$ 2.409,50 ; R$ 2.395,00 ; R$ 2.403,00 
17/02/2014; R$ 2.398,00 ; R$ 2.402,00 ; R$ 2.389,00 ; R$ 2.399,00 
14/02/2014; R$ 2.408,00 ; R$ 2.408,50 ; R$ 2.390,50 ; R$ 2.398,00 
13/02/2014; R$ 2.448,00 ; R$ 2.448,00 ; R$ 2.403,50 ; R$ 2.404,00 
12/02/2014; R$ 2.412,00 ; R$ 2.438,00 ; R$ 2.409,50 ; R$ 2.437,00 
11/02/2014; R$ 2.413,50 ; R$ 2.430,50 ; R$ 2.409,00 ; R$ 2.413,00 
10/02/2014; R$ 2.401,00 ; R$ 2.424,50 ; R$ 2.396,50 ; R$ 2.423,00 
07/02/2014; R$ 2.397,50 ; R$ 2.408,50 ; R$ 2.384,00 ; R$ 2.393,50 
06/02/2014; R$ 2.414,50 ; R$ 2.428,50 ; R$ 2.391,00 ; R$ 2.397,50 
05/02/2014; R$ 2.425,00 ; R$ 2.435,50 ; R$ 2.409,00 ; R$ 2.419,00 
04/02/2014; R$ 2.448,50 ; R$ 2.455,00 ; R$ 2.421,50 ; R$ 2.422,00 
03/02/2014; R$ 2.435,00 ; R$ 2.459,00 ; R$ 2.418,00 ; R$ 2.458,00 
31/01/2014; R$ 2.427,50 ; R$ 2.456,00 ; R$ 2.420,50 ; R$ 2.432,00 
30/01/2014; R$ 2.443,00 ; R$ 2.451,00 ; R$ 2.410,50 ; R$ 2.412,00 
29/01/2014; R$ 2.429,50 ; R$ 2.453,00 ; R$ 2.427,00 ; R$ 2.439,00 
28/01/2014; R$ 2.414,50 ; R$ 2.432,50 ; R$ 2.407,00 ; R$ 2.425,00 
27/01/2014; R$ 2.406,00 ; R$ 2.432,50 ; R$ 2.394,50 ; R$ 2.427,00 
24/01/2014; R$ 2.424,50 ; R$ 2.437,50 ; R$ 2.399,00 ; R$ 2.402,50 
23/01/2014; R$ 2.385,00 ; R$ 2.411,50 ; R$ 2.375,50 ; R$ 2.404,00 
22/01/2014; R$ 2.370,00 ; R$ 2.383,00 ; R$ 2.360,50 ; R$ 2.378,00 
21/01/2014; R$ 2.353,00 ; R$ 2.376,00 ; R$ 2.353,00 ; R$ 2.367,50 
20/01/2014; R$ 2.346,50 ; R$ 2.352,00 ; R$ 2.336,50 ; R$ 2.351,00 
17/01/2014; R$ 2.368,00 ; R$ 2.374,50 ; R$ 2.349,50 ; R$ 2.351,50 
16/01/2014; R$ 2.357,50 ; R$ 2.386,50 ; R$ 2.354,50 ; R$ 2.371,50 
15/01/2014; R$ 2.366,00 ; R$ 2.371,00 ; R$ 2.352,00 ; R$ 2.369,50 
14/01/2014; R$ 2.374,00 ; R$ 2.379,50 ; R$ 2.360,00 ; R$ 2.362,50 
13/01/2014; R$ 2.375,50 ; R$ 2.375,50 ; R$ 2.351,00 ; R$ 2.370,00 
10/01/2014; R$ 2.403,00 ; R$ 2.411,00 ; R$ 2.371,00 ; R$ 2.371,00 
09/01/2014; R$ 2.409,00 ; R$ 2.418,00 ; R$ 2.403,50 ; R$ 2.404,00 
08/01/2014; R$ 2.391,00 ; R$ 2.414,00 ; R$ 2.382,50 ; R$ 2.414,00 
07/01/2014; R$ 2.391,50 ; R$ 2.393,00 ; R$ 2.371,50 ; R$ 2.387,00 
06/01/2014; R$ 2.396,00 ; R$ 2.403,00 ; R$ 2.386,00 ; R$ 2.396,00 
03/01/2014; R$ 2.400,50 ; R$ 2.406,00 ; R$ 2.386,00 ; R$ 2.400,00 
02/01/2014; R$ 2.396,00 ; R$ 2.427,50 ; R$ 2.392,50 ; R$ 2.405,00 
30/12/2013; R$ 2.354,00 ; R$ 2.385,00 ; R$ 2.340,00 ; R$ 2.381,00 
27/12/2013; R$ 2.356,00 ; R$ 2.360,00 ; R$ 2.337,50 ; R$ 2.339,00 
26/12/2013; R$ 2.365,00 ; R$ 2.368,00 ; R$ 2.348,50 ; R$ 2.356,00 
23/12/2013; R$ 2.380,50 ; R$ 2.385,00 ; R$ 2.361,00 ; R$ 2.362,50 
20/12/2013; R$ 2.367,00 ; R$ 2.394,00 ; R$ 2.367,00 ; R$ 2.388,50 
19/12/2013; R$ 2.355,00 ; R$ 2.367,00 ; R$ 2.348,00 ; R$ 2.361,50 
18/12/2013; R$ 2.328,00 ; R$ 2.369,00 ; R$ 2.322,00 ; R$ 2.339,00 
17/12/2013; R$ 2.341,00 ; R$ 2.341,00 ; R$ 2.322,00 ; R$ 2.326,50 
16/12/2013; R$ 2.341,50 ; R$ 2.343,50 ; R$ 2.318,00 ; R$ 2.334,50 
13/12/2013; R$ 2.347,00 ; R$ 2.350,00 ; R$ 2.337,00 ; R$ 2.338,50 
12/12/2013; R$ 2.350,00 ; R$ 2.361,00 ; R$ 2.335,50 ; R$ 2.345,50 
11/12/2013; R$ 2.324,00 ; R$ 2.354,50 ; R$ 2.319,50 ; R$ 2.352,50 
10/12/2013; R$ 2.328,50 ; R$ 2.329,00 ; R$ 2.316,00 ; R$ 2.317,00 
09/12/2013; R$ 2.341,50 ; R$ 2.343,00 ; R$ 2.327,00 ; R$ 2.327,00 
06/12/2013; R$ 2.371,00 ; R$ 2.388,00 ; R$ 2.336,50 ; R$ 2.343,50 
05/12/2013; R$ 2.406,00 ; R$ 2.410,00 ; R$ 2.367,00 ; R$ 2.368,50 
04/12/2013; R$ 2.390,00 ; R$ 2.406,50 ; R$ 2.377,50 ; R$ 2.403,50 
03/12/2013; R$ 2.380,00 ; R$ 2.395,00 ; R$ 2.365,50 ; R$ 2.385,00 
02/12/2013; R$ 2.362,00 ; R$ 2.375,00 ; R$ 2.349,50 ; R$ 2.370,50 
29/11/2013; R$ 2.343,50 ; R$ 2.357,50 ; R$ 2.327,50 ; R$ 2.354,00 
28/11/2013; R$ 2.333,00 ; R$ 2.345,00 ; R$ 2.315,50 ; R$ 2.319,00 
27/11/2013; R$ 2.303,00 ; R$ 2.333,00 ; R$ 2.295,00 ; R$ 2.332,50 
26/11/2013; R$ 2.296,50 ; R$ 2.310,00 ; R$ 2.292,50 ; R$ 2.297,00 
25/11/2013; R$ 2.284,50 ; R$ 2.300,00 ; R$ 2.282,50 ; R$ 2.295,00 
22/11/2013; R$ 2.317,00 ; R$ 2.321,50 ; R$ 2.282,00 ; R$ 2.284,50 
21/11/2013; R$ 2.299,00 ; R$ 2.322,00 ; R$ 2.294,00 ; R$ 2.310,00 
19/11/2013; R$ 2.277,50 ; R$ 2.286,00 ; R$ 2.258,00 ; R$ 2.277,50 
18/11/2013; R$ 2.312,00 ; R$ 2.312,00 ; R$ 2.270,00 ; R$ 2.272,00 
14/11/2013; R$ 2.344,00 ; R$ 2.347,50 ; R$ 2.322,00 ; R$ 2.322,00 
13/11/2013; R$ 2.341,50 ; R$ 2.347,50 ; R$ 2.329,50 ; R$ 2.342,50 
12/11/2013; R$ 2.350,50 ; R$ 2.358,50 ; R$ 2.333,50 ; R$ 2.344,00 
11/11/2013; R$ 2.322,00 ; R$ 2.354,50 ; R$ 2.315,00 ; R$ 2.344,00 
08/11/2013; R$ 2.318,00 ; R$ 2.356,00 ; R$ 2.306,00 ; R$ 2.325,50 
07/11/2013; R$ 2.302,00 ; R$ 2.323,50 ; R$ 2.283,00 ; R$ 2.317,00 
06/11/2013; R$ 2.296,00 ; R$ 2.310,50 ; R$ 2.282,00 ; R$ 2.300,00 
05/11/2013; R$ 2.265,50 ; R$ 2.308,00 ; R$ 2.262,00 ; R$ 2.300,50 
04/11/2013; R$ 2.265,00 ; R$ 2.267,50 ; R$ 2.251,50 ; R$ 2.261,00 
01/11/2013; R$ 2.255,50 ; R$ 2.276,50 ; R$ 2.252,00 ; R$ 2.272,00 
31/10/2013; R$ 2.203,00 ; R$ 2.256,50 ; R$ 2.203,00 ; R$ 2.254,50 
30/10/2013; R$ 2.184,50 ; R$ 2.198,50 ; R$ 2.183,00 ; R$ 2.192,00 
29/10/2013; R$ 2.186,50 ; R$ 2.187,50 ; R$ 2.177,00 ; R$ 2.187,00 
28/10/2013; R$ 2.189,00 ; R$ 2.191,50 ; R$ 2.181,00 ; R$ 2.183,00 
25/10/2013; R$ 2.196,50 ; R$ 2.196,50 ; R$ 2.183,00 ; R$ 2.190,00 
24/10/2013; R$ 2.197,00 ; R$ 2.213,00 ; R$ 2.197,00 ; R$ 2.207,50 
23/10/2013; R$ 2.190,00 ; R$ 2.196,00 ; R$ 2.183,00 ; R$ 2.195,00 
22/10/2013; R$ 2.188,50 ; R$ 2.196,50 ; R$ 2.170,00 ; R$ 2.176,50 
21/10/2013; R$ 2.176,00 ; R$ 2.188,00 ; R$ 2.172,50 ; R$ 2.184,00 
18/10/2013; R$ 2.158,00 ; R$ 2.185,50 ; R$ 2.153,50 ; R$ 2.183,00 
17/10/2013; R$ 2.174,00 ; R$ 2.179,50 ; R$ 2.158,00 ; R$ 2.160,50 
16/10/2013; R$ 2.181,00 ; R$ 2.190,00 ; R$ 2.163,50 ; R$ 2.189,00 
15/10/2013; R$ 2.190,00 ; R$ 2.198,00 ; R$ 2.185,00 ; R$ 2.187,50 
14/10/2013; R$ 2.184,00 ; R$ 2.204,50 ; R$ 2.174,50 ; R$ 2.193,00 
11/10/2013; R$ 2.184,00 ; R$ 2.197,50 ; R$ 2.183,00 ; R$ 2.185,00 
10/10/2013; R$ 2.212,00 ; R$ 2.212,50 ; R$ 2.180,00 ; R$ 2.189,50 
09/10/2013; R$ 2.218,50 ; R$ 2.226,50 ; R$ 2.212,00 ; R$ 2.219,00 
08/10/2013; R$ 2.212,00 ; R$ 2.226,50 ; R$ 2.208,00 ; R$ 2.223,50 
07/10/2013; R$ 2.227,00 ; R$ 2.235,00 ; R$ 2.214,50 ; R$ 2.221,50 
04/10/2013; R$ 2.211,50 ; R$ 2.228,00 ; R$ 2.211,50 ; R$ 2.228,00 
03/10/2013; R$ 2.210,00 ; R$ 2.229,00 ; R$ 2.210,00 ; R$ 2.222,00 
02/10/2013; R$ 2.235,00 ; R$ 2.240,00 ; R$ 2.207,00 ; R$ 2.207,00 
01/10/2013; R$ 2.229,00 ; R$ 2.246,50 ; R$ 2.213,00 ; R$ 2.233,50 
30/09/2013; R$ 2.280,00 ; R$ 2.283,50 ; R$ 2.227,00 ; R$ 2.234,00 
27/09/2013; R$ 2.258,00 ; R$ 2.266,00 ; R$ 2.248,00 ; R$ 2.253,00 
26/09/2013; R$ 2.233,00 ; R$ 2.250,50 ; R$ 2.217,00 ; R$ 2.247,50 
25/09/2013; R$ 2.205,00 ; R$ 2.237,00 ; R$ 2.205,00 ; R$ 2.232,50 
24/09/2013; R$ 2.207,00 ; R$ 2.217,50 ; R$ 2.191,50 ; R$ 2.202,00 
23/09/2013; R$ 2.216,00 ; R$ 2.218,50 ; R$ 2.199,00 ; R$ 2.202,00 
20/09/2013; R$ 2.214,00 ; R$ 2.226,50 ; R$ 2.197,00 ; R$ 2.214,00 
19/09/2013; R$ 2.188,00 ; R$ 2.222,00 ; R$ 2.186,00 ; R$ 2.207,00 
18/09/2013; R$ 2.263,50 ; R$ 2.264,00 ; R$ 2.190,50 ; R$ 2.192,00 
17/09/2013; R$ 2.290,50 ; R$ 2.292,50 ; R$ 2.260,50 ; R$ 2.263,00 
16/09/2013; R$ 2.263,50 ; R$ 2.294,00 ; R$ 2.256,00 ; R$ 2.294,00 
13/09/2013; R$ 2.288,50 ; R$ 2.295,00 ; R$ 2.277,50 ; R$ 2.287,50 
12/09/2013; R$ 2.290,00 ; R$ 2.298,00 ; R$ 2.278,50 ; R$ 2.282,00 
11/09/2013; R$ 2.291,50 ; R$ 2.316,50 ; R$ 2.275,50 ; R$ 2.288,50 
10/09/2013; R$ 2.281,00 ; R$ 2.304,50 ; R$ 2.272,50 ; R$ 2.294,00 
09/09/2013; R$ 2.312,00 ; R$ 2.318,50 ; R$ 2.282,00 ; R$ 2.287,50 
06/09/2013; R$ 2.334,00 ; R$ 2.334,00 ; R$ 2.293,00 ; R$ 2.311,50 
05/09/2013; R$ 2.381,00 ; R$ 2.388,00 ; R$ 2.327,00 ; R$ 2.336,00 
04/09/2013; R$ 2.361,50 ; R$ 2.378,50 ; R$ 2.356,50 ; R$ 2.371,00 
03/09/2013; R$ 2.406,50 ; R$ 2.418,00 ; R$ 2.367,00 ; R$ 2.370,50 
02/09/2013; R$ 2.390,00 ; R$ 2.395,00 ; R$ 2.370,00 ; R$ 2.394,50 
30/08/2013; R$ 2.363,50 ; R$ 2.412,00 ; R$ 2.362,00 ; R$ 2.402,50 
29/08/2013; R$ 2.338,50 ; R$ 2.383,00 ; R$ 2.337,00 ; R$ 2.360,00 
28/08/2013; R$ 2.389,50 ; R$ 2.394,00 ; R$ 2.325,50 ; R$ 2.348,50 
27/08/2013; R$ 2.418,00 ; R$ 2.422,00 ; R$ 2.364,50 ; R$ 2.377,00 
26/08/2013; R$ 2.362,50 ; R$ 2.400,00 ; R$ 2.353,00 ; R$ 2.382,00 
23/08/2013; R$ 2.408,00 ; R$ 2.410,00 ; R$ 2.349,50 ; R$ 2.351,00 
22/08/2013; R$ 2.453,50 ; R$ 2.461,50 ; R$ 2.425,50 ; R$ 2.441,00 
21/08/2013; R$ 2.414,00 ; R$ 2.462,00 ; R$ 2.407,00 ; R$ 2.462,00 
20/08/2013; R$ 2.410,00 ; R$ 2.416,50 ; R$ 2.392,00 ; R$ 2.400,00 
19/08/2013; R$ 2.412,50 ; R$ 2.435,00 ; R$ 2.392,50 ; R$ 2.424,00 
16/08/2013; R$ 2.352,00 ; R$ 2.406,50 ; R$ 2.352,00 ; R$ 2.400,50 
15/08/2013; R$ 2.326,50 ; R$ 2.360,00 ; R$ 2.324,00 ; R$ 2.346,00 
14/08/2013; R$ 2.320,00 ; R$ 2.337,00 ; R$ 2.313,50 ; R$ 2.333,00 
13/08/2013; R$ 2.300,50 ; R$ 2.325,50 ; R$ 2.300,00 ; R$ 2.322,00 
12/08/2013; R$ 2.286,00 ; R$ 2.300,00 ; R$ 2.273,50 ; R$ 2.299,00 
09/08/2013; R$ 2.290,00 ; R$ 2.294,00 ; R$ 2.277,00 ; R$ 2.278,50 
08/08/2013; R$ 2.318,00 ; R$ 2.319,50 ; R$ 2.287,00 ; R$ 2.296,00 
07/08/2013; R$ 2.319,50 ; R$ 2.331,00 ; R$ 2.306,50 ; R$ 2.331,00 
06/08/2013; R$ 2.320,50 ; R$ 2.320,50 ; R$ 2.301,50 ; R$ 2.311,00 
05/08/2013; R$ 2.303,00 ; R$ 2.321,00 ; R$ 2.300,50 ; R$ 2.321,00 
02/08/2013; R$ 2.323,50 ; R$ 2.328,00 ; R$ 2.291,50 ; R$ 2.301,00 
01/08/2013; R$ 2.294,50 ; R$ 2.321,00 ; R$ 2.284,00 ; R$ 2.320,00 
31/07/2013; R$ 2.303,00 ; R$ 2.317,00 ; R$ 2.290,00 ; R$ 2.291,00 
30/07/2013; R$ 2.272,00 ; R$ 2.284,50 ; R$ 2.267,00 ; R$ 2.283,50 
29/07/2013; R$ 2.255,50 ; R$ 2.272,00 ; R$ 2.255,50 ; R$ 2.272,00 
26/07/2013; R$ 2.246,00 ; R$ 2.260,50 ; R$ 2.243,50 ; R$ 2.260,00 
25/07/2013; R$ 2.253,00 ; R$ 2.267,50 ; R$ 2.238,00 ; R$ 2.247,00 
24/07/2013; R$ 2.218,00 ; R$ 2.261,00 ; R$ 2.217,00 ; R$ 2.255,00 
23/07/2013; R$ 2.241,00 ; R$ 2.245,00 ; R$ 2.215,50 ; R$ 2.218,00 
22/07/2013; R$ 2.251,50 ; R$ 2.253,50 ; R$ 2.233,50 ; R$ 2.239,00 
19/07/2013; R$ 2.223,00 ; R$ 2.254,50 ; R$ 2.222,00 ; R$ 2.254,00 
18/07/2013; R$ 2.239,50 ; R$ 2.248,50 ; R$ 2.224,00 ; R$ 2.233,00 
17/07/2013; R$ 2.265,00 ; R$ 2.271,50 ; R$ 2.230,00 ; R$ 2.237,50 
16/07/2013; R$ 2.219,50 ; R$ 2.266,50 ; R$ 2.217,00 ; R$ 2.263,00 
15/07/2013; R$ 2.280,00 ; R$ 2.284,00 ; R$ 2.226,00 ; R$ 2.226,00 
12/07/2013; R$ 2.275,00 ; R$ 2.281,00 ; R$ 2.271,00 ; R$ 2.279,00 
11/07/2013; R$ 2.265,00 ; R$ 2.282,00 ; R$ 2.261,00 ; R$ 2.265,00 
10/07/2013; R$ 2.269,00 ; R$ 2.291,00 ; R$ 2.269,00 ; R$ 2.274,00 
08/07/2013; R$ 2.262,50 ; R$ 2.276,00 ; R$ 2.259,00 ; R$ 2.275,00 
05/07/2013; R$ 2.261,50 ; R$ 2.282,00 ; R$ 2.255,00 ; R$ 2.268,00 
04/07/2013; R$ 2.280,00 ; R$ 2.286,00 ; R$ 2.259,50 ; R$ 2.260,00 
03/07/2013; R$ 2.275,00 ; R$ 2.286,00 ; R$ 2.270,50 ; R$ 2.286,00 
02/07/2013; R$ 2.250,00 ; R$ 2.269,00 ; R$ 2.249,00 ; R$ 2.268,00 
01/07/2013; R$ 2.241,50 ; R$ 2.251,50 ; R$ 2.231,00 ; R$ 2.246,50 
28/06/2013; R$ 2.217,00 ; R$ 2.250,00 ; R$ 2.214,50 ; R$ 2.250,00 
27/06/2013; R$ 2.180,00 ; R$ 2.199,00 ; R$ 2.176,00 ; R$ 2.199,00 
26/06/2013; R$ 2.213,00 ; R$ 2.215,50 ; R$ 2.186,50 ; R$ 2.188,50 
25/06/2013; R$ 2.216,00 ; R$ 2.228,00 ; R$ 2.209,00 ; R$ 2.217,50 
24/06/2013; R$ 2.266,00 ; R$ 2.270,50 ; R$ 2.217,00 ; R$ 2.229,50 
21/06/2013; R$ 2.253,50 ; R$ 2.278,00 ; R$ 2.238,00 ; R$ 2.247,50 
20/06/2013; R$ 2.245,00 ; R$ 2.281,00 ; R$ 2.224,00 ; R$ 2.259,00 
19/06/2013; R$ 2.186,50 ; R$ 2.240,00 ; R$ 2.171,50 ; R$ 2.230,00 
18/06/2013; R$ 2.185,00 ; R$ 2.191,00 ; R$ 2.165,50 ; R$ 2.189,00 
17/06/2013; R$ 2.151,50 ; R$ 2.183,00 ; R$ 2.150,50 ; R$ 2.177,00 
14/06/2013; R$ 2.127,50 ; R$ 2.161,50 ; R$ 2.127,00 ; R$ 2.159,50 
13/06/2013; R$ 2.148,00 ; R$ 2.157,50 ; R$ 2.125,00 ; R$ 2.127,00 
12/06/2013; R$ 2.137,50 ; R$ 2.166,00 ; R$ 2.132,50 ; R$ 2.166,00 
11/06/2013; R$ 2.166,00 ; R$ 2.173,50 ; R$ 2.137,00 ; R$ 2.143,50 
10/06/2013; R$ 2.147,00 ; R$ 2.168,00 ; R$ 2.142,50 ; R$ 2.156,50 
07/06/2013; R$ 2.160,00 ; R$ 2.163,00 ; R$ 2.134,00 ; R$ 2.145,00 
06/06/2013; R$ 2.137,00 ; R$ 2.142,50 ; R$ 2.125,50 ; R$ 2.140,00 
05/06/2013; R$ 2.107,00 ; R$ 2.161,00 ; R$ 2.097,00 ; R$ 2.138,00 
04/06/2013; R$ 2.131,50 ; R$ 2.162,00 ; R$ 2.122,50 ; R$ 2.136,50 
03/06/2013; R$ 2.145,00 ; R$ 2.153,50 ; R$ 2.135,50 ; R$ 2.137,00 
31/05/2013; R$ 2.133,00 ; R$ 2.163,00 ; R$ 2.126,00 ; R$ 2.153,00 
29/05/2013; R$ 2.076,50 ; R$ 2.116,00 ; R$ 2.073,00 ; R$ 2.111,00 
28/05/2013; R$ 2.057,50 ; R$ 2.078,50 ; R$ 2.055,00 ; R$ 2.077,50 
27/05/2013; R$ 2.048,50 ; R$ 2.063,00 ; R$ 2.048,50 ; R$ 2.060,50 
24/05/2013; R$ 2.050,50 ; R$ 2.058,50 ; R$ 2.047,00 ; R$ 2.054,00 
23/05/2013; R$ 2.057,50 ; R$ 2.059,50 ; R$ 2.046,00 ; R$ 2.047,00 
22/05/2013; R$ 2.048,00 ; R$ 2.056,00 ; R$ 2.036,00 ; R$ 2.054,00 
21/05/2013; R$ 2.045,00 ; R$ 2.051,50 ; R$ 2.037,00 ; R$ 2.043,50 
20/05/2013; R$ 2.036,50 ; R$ 2.047,00 ; R$ 2.033,50 ; R$ 2.045,00 
17/05/2013; R$ 2.037,00 ; R$ 2.047,00 ; R$ 2.032,50 ; R$ 2.041,00 
16/05/2013; R$ 2.034,00 ; R$ 2.043,50 ; R$ 2.029,00 ; R$ 2.031,50 
15/05/2013; R$ 2.031,00 ; R$ 2.039,50 ; R$ 2.022,50 ; R$ 2.028,00 
14/05/2013; R$ 2.015,00 ; R$ 2.030,00 ; R$ 2.010,00 ; R$ 2.030,00 
13/05/2013; R$ 2.025,00 ; R$ 2.028,50 ; R$ 2.014,00 ; R$ 2.015,00 
10/05/2013; R$ 2.028,00 ; R$ 2.037,50 ; R$ 2.023,00 ; R$ 2.029,00 
09/05/2013; R$ 2.013,50 ; R$ 2.024,50 ; R$ 2.005,00 ; R$ 2.023,50 
08/05/2013; R$ 2.014,00 ; R$ 2.015,50 ; R$ 2.008,00 ; R$ 2.014,00 
07/05/2013; R$ 2.020,00 ; R$ 2.024,00 ; R$ 2.011,00 ; R$ 2.017,00 
06/05/2013; R$ 2.022,50 ; R$ 2.026,50 ; R$ 2.018,50 ; R$ 2.019,00 
03/05/2013; R$ 2.018,50 ; R$ 2.024,00 ; R$ 2.015,50 ; R$ 2.018,50 
02/05/2013; R$ 2.015,00 ; R$ 2.025,50 ; R$ 2.010,00 ; R$ 2.018,50 
30/04/2013; R$ 2.014,50 ; R$ 2.019,00 ; R$ 2.006,00 ; R$ 2.011,00 
29/04/2013; R$ 1.994,50 ; R$ 2.009,00 ; R$ 1.992,50 ; R$ 2.009,00 
26/04/2013; R$ 2.002,50 ; R$ 2.005,00 ; R$ 1.997,00 ; R$ 1.998,50 
25/04/2013; R$ 2.009,00 ; R$ 2.015,00 ; R$ 2.003,50 ; R$ 2.007,50 
24/04/2013; R$ 2.026,00 ; R$ 2.028,50 ; R$ 2.010,00 ; R$ 2.010,50 
23/04/2013; R$ 2.024,00 ; R$ 2.032,50 ; R$ 2.015,50 ; R$ 2.027,50 
22/04/2013; R$ 2.009,00 ; R$ 2.024,50 ; R$ 2.009,00 ; R$ 2.024,00 
19/04/2013; R$ 2.021,00 ; R$ 2.021,00 ; R$ 2.006,50 ; R$ 2.014,00 
18/04/2013; R$ 2.010,00 ; R$ 2.027,00 ; R$ 2.010,00 ; R$ 2.023,00 
17/04/2013; R$ 1.995,00 ; R$ 2.012,00 ; R$ 1.989,00 ; R$ 2.002,50 
16/04/2013; R$ 1.996,00 ; R$ 2.006,00 ; R$ 1.987,50 ; R$ 1.992,50 
15/04/2013; R$ 1.982,00 ; R$ 2.013,00 ; R$ 1.977,50 ; R$ 2.008,00 
12/04/2013; R$ 1.983,00 ; R$ 1.986,50 ; R$ 1.971,00 ; R$ 1.976,00 
11/04/2013; R$ 1.978,50 ; R$ 1.983,00 ; R$ 1.975,50 ; R$ 1.981,00 
10/04/2013; R$ 1.987,00 ; R$ 1.993,00 ; R$ 1.980,00 ; R$ 1.980,00 
09/04/2013; R$ 1.997,00 ; R$ 1.997,50 ; R$ 1.987,50 ; R$ 1.989,50 
08/04/2013; R$ 1.989,00 ; R$ 2.001,50 ; R$ 1.986,00 ; R$ 2.000,50 
05/04/2013; R$ 2.024,50 ; R$ 2.024,50 ; R$ 1.992,00 ; R$ 1.993,50 
04/04/2013; R$ 2.031,00 ; R$ 2.033,00 ; R$ 2.019,00 ; R$ 2.024,50 
03/04/2013; R$ 2.027,50 ; R$ 2.036,50 ; R$ 2.026,00 ; R$ 2.031,00 
02/04/2013; R$ 2.024,50 ; R$ 2.033,00 ; R$ 2.024,50 ; R$ 2.029,50 
01/04/2013; R$ 2.030,50 ; R$ 2.032,50 ; R$ 2.025,50 ; R$ 2.028,00 
28/03/2013; R$ 2.017,00 ; R$ 2.032,50 ; R$ 2.013,50 ; R$ 2.032,50 
27/03/2013; R$ 2.024,50 ; R$ 2.027,50 ; R$ 2.005,00 ; R$ 2.012,50 
26/03/2013; R$ 2.012,00 ; R$ 2.019,00 ; R$ 2.004,00 ; R$ 2.019,00 
25/03/2013; R$ 2.008,00 ; R$ 2.019,50 ; R$ 2.008,00 ; R$ 2.014,00 
22/03/2013; R$ 2.010,50 ; R$ 2.021,50 ; R$ 2.007,00 ; R$ 2.010,50 
21/03/2013; R$ 1.994,50 ; R$ 2.015,50 ; R$ 1.993,00 ; R$ 2.010,50 
20/03/2013; R$ 1.984,50 ; R$ 1.994,50 ; R$ 1.982,00 ; R$ 1.993,50 
19/03/2013; R$ 1.987,00 ; R$ 1.992,50 ; R$ 1.982,50 ; R$ 1.988,50 
18/03/2013; R$ 1.992,50 ; R$ 1.995,00 ; R$ 1.986,50 ; R$ 1.994,00 
15/03/2013; R$ 1.974,00 ; R$ 1.988,50 ; R$ 1.970,00 ; R$ 1.987,00 
14/03/2013; R$ 1.975,00 ; R$ 1.981,50 ; R$ 1.970,00 ; R$ 1.975,00 
13/03/2013; R$ 1.971,50 ; R$ 1.984,50 ; R$ 1.964,50 ; R$ 1.977,00 
12/03/2013; R$ 1.965,00 ; R$ 1.971,00 ; R$ 1.960,00 ; R$ 1.968,00 
11/03/2013; R$ 1.950,00 ; R$ 1.968,00 ; R$ 1.948,00 ; R$ 1.963,50 
08/03/2013; R$ 1.962,00 ; R$ 1.969,50 ; R$ 1.949,50 ; R$ 1.951,00 
07/03/2013; R$ 1.885,00 ; R$ 1.977,00 ; R$ 1.880,00 ; R$ 1.964,00 
06/03/2013; R$ 1.969,50 ; R$ 1.978,50 ; R$ 1.969,50 ; R$ 1.976,00 
05/03/2013; R$ 1.977,00 ; R$ 1.979,50 ; R$ 1.971,50 ; R$ 1.972,50 
04/03/2013; R$ 1.992,00 ; R$ 1.994,00 ; R$ 1.978,50 ; R$ 1.979,00 
01/03/2013; R$ 1.991,00 ; R$ 1.996,50 ; R$ 1.987,50 ; R$ 1.990,00 
28/02/2013; R$ 1.979,00 ; R$ 1.988,50 ; R$ 1.976,50 ; R$ 1.985,00 
27/02/2013; R$ 1.978,50 ; R$ 1.984,50 ; R$ 1.972,50 ; R$ 1.973,50 
26/02/2013; R$ 1.984,00 ; R$ 1.995,00 ; R$ 1.975,00 ; R$ 1.983,00 
25/02/2013; R$ 1.971,00 ; R$ 1.986,00 ; R$ 1.965,00 ; R$ 1.985,00 
22/02/2013; R$ 1.967,00 ; R$ 1.976,00 ; R$ 1.965,50 ; R$ 1.973,50 
21/02/2013; R$ 1.969,00 ; R$ 1.981,00 ; R$ 1.966,50 ; R$ 1.974,50 
20/02/2013; R$ 1.958,50 ; R$ 1.969,00 ; R$ 1.955,50 ; R$ 1.965,50 
19/02/2013; R$ 1.967,50 ; R$ 1.967,50 ; R$ 1.956,50 ; R$ 1.957,00 
18/02/2013; R$ 1.970,00 ; R$ 1.973,00 ; R$ 1.963,00 ; R$ 1.964,50 
15/02/2013; R$ 1.960,50 ; R$ 1.976,50 ; R$ 1.952,50 ; R$ 1.970,00 
14/02/2013; R$ 1.972,00 ; R$ 1.973,50 ; R$ 1.960,50 ; R$ 1.960,50 
13/02/2013; R$ 1.972,00 ; R$ 1.973,00 ; R$ 1.968,50 ; R$ 1.970,00 
08/02/2013; R$ 1.957,00 ; R$ 1.984,00 ; R$ 1.957,00 ; R$ 1.977,00 
07/02/2013; R$ 1.994,00 ; R$ 1.994,00 ; R$ 1.965,50 ; R$ 1.971,50 
06/02/2013; R$ 1.993,00 ; R$ 1.997,00 ; R$ 1.990,50 ; R$ 1.997,00 
05/02/2013; R$ 1.999,50 ; R$ 2.000,00 ; R$ 1.988,50 ; R$ 1.990,00 
04/02/2013; R$ 1.996,50 ; R$ 2.003,50 ; R$ 1.991,50 ; R$ 2.001,00 
01/02/2013; R$ 1.997,00 ; R$ 1.999,00 ; R$ 1.986,00 ; R$ 1.996,00 
31/01/2013; R$ 1.993,00 ; R$ 2.000,00 ; R$ 1.990,50 ; R$ 1.999,00 
30/01/2013; R$ 1.984,50 ; R$ 2.000,50 ; R$ 1.982,50 ; R$ 1.989,00 
29/01/2013; R$ 1.999,00 ; R$ 1.999,00 ; R$ 1.983,50 ; R$ 1.984,00 
28/01/2013; R$ 2.031,50 ; R$ 2.037,00 ; R$ 1.995,50 ; R$ 1.996,00 
24/01/2013; R$ 2.037,00 ; R$ 2.039,00 ; R$ 2.030,00 ; R$ 2.034,50 
23/01/2013; R$ 2.044,50 ; R$ 2.047,00 ; R$ 2.037,50 ; R$ 2.038,00 
22/01/2013; R$ 2.043,50 ; R$ 2.053,50 ; R$ 2.043,00 ; R$ 2.044,50 
21/01/2013; R$ 2.044,00 ; R$ 2.047,00 ; R$ 2.044,00 ; R$ 2.045,00 
18/01/2013; R$ 2.046,00 ; R$ 2.050,00 ; R$ 2.043,50 ; R$ 2.044,50 
17/01/2013; R$ 2.042,50 ; R$ 2.049,50 ; R$ 2.042,00 ; R$ 2.049,50 
16/01/2013; R$ 2.043,00 ; R$ 2.050,00 ; R$ 2.040,50 ; R$ 2.046,00 
15/01/2013; R$ 2.040,00 ; R$ 2.045,00 ; R$ 2.039,00 ; R$ 2.040,50 
14/01/2013; R$ 2.039,00 ; R$ 2.042,00 ; R$ 2.037,00 ; R$ 2.038,50 
11/01/2013; R$ 2.037,00 ; R$ 2.046,00 ; R$ 2.035,00 ; R$ 2.037,00 
10/01/2013; R$ 2.042,50 ; R$ 2.046,00 ; R$ 2.034,50 ; R$ 2.034,50 
09/01/2013; R$ 2.049,00 ; R$ 2.053,50 ; R$ 2.043,50 ; R$ 2.050,00 
08/01/2013; R$ 2.036,50 ; R$ 2.050,00 ; R$ 2.029,50 ; R$ 2.050,00 
07/01/2013; R$ 2.044,00 ; R$ 2.045,50 ; R$ 2.033,00 ; R$ 2.039,00 
04/01/2013; R$ 2.057,50 ; R$ 2.059,00 ; R$ 2.041,00 ; R$ 2.043,50 
03/01/2013; R$ 2.057,00 ; R$ 2.059,50 ; R$ 2.043,50 ; R$ 2.057,00 
02/01/2013; R$ 2.041,00 ; R$ 2.056,50 ; R$ 2.041,00 ; R$ 2.055,50 
28/12/2012; R$ 2.050,50 ; R$ 2.060,00 ; R$ 2.050,50 ; R$ 2.059,00 
27/12/2012; R$ 2.045,50 ; R$ 2.056,00 ; R$ 2.041,50 ; R$ 2.044,50 
26/12/2012; R$ 2.075,00 ; R$ 2.076,50 ; R$ 2.041,00 ; R$ 2.050,00 
21/12/2012; R$ 2.080,00 ; R$ 2.082,00 ; R$ 2.069,00 ; R$ 2.079,50 
20/12/2012; R$ 2.069,50 ; R$ 2.071,50 ; R$ 2.057,50 ; R$ 2.070,00 
19/12/2012; R$ 2.085,00 ; R$ 2.085,00 ; R$ 2.070,50 ; R$ 2.073,00 
18/12/2012; R$ 2.097,50 ; R$ 2.104,50 ; R$ 2.088,50 ; R$ 2.093,50 
17/12/2012; R$ 2.088,00 ; R$ 2.105,00 ; R$ 2.087,00 ; R$ 2.105,00 
14/12/2012; R$ 2.089,00 ; R$ 2.092,50 ; R$ 2.081,50 ; R$ 2.091,00 
13/12/2012; R$ 2.077,00 ; R$ 2.090,00 ; R$ 2.077,00 ; R$ 2.088,00 
12/12/2012; R$ 2.082,00 ; R$ 2.087,00 ; R$ 2.073,50 ; R$ 2.076,50 
11/12/2012; R$ 2.080,00 ; R$ 2.087,00 ; R$ 2.078,00 ; R$ 2.078,00 
10/12/2012; R$ 2.082,00 ; R$ 2.088,50 ; R$ 2.079,00 ; R$ 2.084,00 
07/12/2012; R$ 2.081,50 ; R$ 2.098,50 ; R$ 2.079,00 ; R$ 2.082,50 
06/12/2012; R$ 2.088,50 ; R$ 2.094,50 ; R$ 2.082,50 ; R$ 2.082,50 
05/12/2012; R$ 2.114,00 ; R$ 2.117,50 ; R$ 2.094,00 ; R$ 2.094,00 
04/12/2012; R$ 2.131,50 ; R$ 2.131,50 ; R$ 2.109,50 ; R$ 2.129,00 
03/12/2012; R$ 2.147,00 ; R$ 2.147,00 ; R$ 2.106,50 ; R$ 2.136,00 
30/11/2012; R$ 2.114,00 ; R$ 2.146,00 ; R$ 2.109,00 ; R$ 2.146,00 
29/11/2012; R$ 2.091,00 ; R$ 2.111,00 ; R$ 2.089,50 ; R$ 2.093,00 
28/11/2012; R$ 2.086,00 ; R$ 2.095,50 ; R$ 2.084,50 ; R$ 2.094,00 
27/11/2012; R$ 2.081,00 ; R$ 2.085,50 ; R$ 2.072,50 ; R$ 2.084,00 
26/11/2012; R$ 2.083,00 ; R$ 2.088,50 ; R$ 2.075,50 ; R$ 2.080,00 
23/11/2012; R$ 2.106,00 ; R$ 2.119,50 ; R$ 2.083,50 ; R$ 2.085,00 
22/11/2012; R$ 2.098,00 ; R$ 2.109,50 ; R$ 2.092,50 ; R$ 2.105,00 
21/11/2012; R$ 2.089,50 ; R$ 2.102,50 ; R$ 2.089,00 ; R$ 2.101,50 
19/11/2012; R$ 2.084,00 ; R$ 2.090,50 ; R$ 2.074,00 ; R$ 2.090,00 
16/11/2012; R$ 2.076,00 ; R$ 2.094,00 ; R$ 2.075,00 ; R$ 2.094,00 
14/11/2012; R$ 2.060,00 ; R$ 2.075,50 ; R$ 2.060,00 ; R$ 2.071,50 
13/11/2012; R$ 2.064,00 ; R$ 2.080,00 ; R$ 2.060,50 ; R$ 2.063,50 
12/11/2012; R$ 2.050,50 ; R$ 2.061,00 ; R$ 2.050,50 ; R$ 2.057,00 
09/11/2012; R$ 2.048,50 ; R$ 2.073,00 ; R$ 2.047,00 ; R$ 2.051,00 
08/11/2012; R$ 2.041,50 ; R$ 2.048,50 ; R$ 2.040,50 ; R$ 2.046,00 
07/11/2012; R$ 2.040,00 ; R$ 2.043,00 ; R$ 2.038,50 ; R$ 2.041,00 
06/11/2012; R$ 2.041,50 ; R$ 2.042,00 ; R$ 2.038,50 ; R$ 2.041,00 
05/11/2012; R$ 2.041,00 ; R$ 2.044,50 ; R$ 2.040,50 ; R$ 2.043,00 
01/11/2012; R$ 2.040,00 ; R$ 2.040,00 ; R$ 2.039,00 ; R$ 2.039,50 
31/10/2012; R$ 2.028,00 ; R$ 2.032,00 ; R$ 2.028,00 ; R$ 2.031,50 
30/10/2012; R$ 2.032,50 ; R$ 2.033,50 ; R$ 2.030,50 ; R$ 2.031,00 
29/10/2012; R$ 2.030,50 ; R$ 2.034,00 ; R$ 2.029,00 ; R$ 2.033,00 
26/10/2012; R$ 2.028,50 ; R$ 2.029,00 ; R$ 2.027,00 ; R$ 2.027,00 
25/10/2012; R$ 2.027,50 ; R$ 2.029,00 ; R$ 2.026,50 ; R$ 2.027,50 
24/10/2012; R$ 2.029,50 ; R$ 2.032,00 ; R$ 2.027,00 ; R$ 2.032,00 
23/10/2012; R$ 2.032,00 ; R$ 2.034,00 ; R$ 2.029,00 ; R$ 2.032,50 
22/10/2012; R$ 2.031,00 ; R$ 2.037,00 ; R$ 2.027,00 ; R$ 2.027,00 
19/10/2012; R$ 2.032,50 ; R$ 2.033,00 ; R$ 2.030,50 ; R$ 2.032,50 
18/10/2012; R$ 2.037,00 ; R$ 2.037,00 ; R$ 2.030,50 ; R$ 2.031,50 
17/10/2012; R$ 2.038,00 ; R$ 2.039,00 ; R$ 2.035,00 ; R$ 2.038,00 
16/10/2012; R$ 2.038,00 ; R$ 2.043,00 ; R$ 2.038,00 ; R$ 2.040,00 
15/10/2012; R$ 2.046,00 ; R$ 2.046,00 ; R$ 2.037,00 ; R$ 2.042,50 
11/10/2012; R$ 2.044,00 ; R$ 2.049,50 ; R$ 2.041,50 ; R$ 2.049,50 
10/10/2012; R$ 2.040,00 ; R$ 2.050,00 ; R$ 2.038,50 ; R$ 2.049,50 
09/10/2012; R$ 2.036,50 ; R$ 2.045,00 ; R$ 2.035,50 ; R$ 2.041,00 
08/10/2012; R$ 2.038,50 ; R$ 2.041,50 ; R$ 2.036,00 ; R$ 2.038,00 
05/10/2012; R$ 2.027,50 ; R$ 2.041,00 ; R$ 2.024,50 ; R$ 2.038,00 
04/10/2012; R$ 2.031,00 ; R$ 2.032,50 ; R$ 2.026,00 ; R$ 2.027,00 
03/10/2012; R$ 2.035,00 ; R$ 2.039,00 ; R$ 2.031,50 ; R$ 2.032,50 
02/10/2012; R$ 2.035,00 ; R$ 2.038,00 ; R$ 2.033,50 ; R$ 2.034,00 
01/10/2012; R$ 2.036,50 ; R$ 2.039,00 ; R$ 2.033,00 ; R$ 2.038,00 
28/09/2012; R$ 2.029,50 ; R$ 2.034,50 ; R$ 2.027,00 ; R$ 2.030,50 
27/09/2012; R$ 2.030,50 ; R$ 2.033,00 ; R$ 2.029,00 ; R$ 2.029,50 
26/09/2012; R$ 2.034,00 ; R$ 2.036,50 ; R$ 2.032,50 ; R$ 2.036,00 
25/09/2012; R$ 2.028,50 ; R$ 2.033,00 ; R$ 2.024,50 ; R$ 2.032,50 
24/09/2012; R$ 2.029,50 ; R$ 2.035,50 ; R$ 2.026,00 ; R$ 2.029,00 
21/09/2012; R$ 2.026,50 ; R$ 2.028,50 ; R$ 2.024,50 ; R$ 2.025,50 
20/09/2012; R$ 2.032,00 ; R$ 2.033,50 ; R$ 2.025,00 ; R$ 2.025,00 
19/09/2012; R$ 2.029,50 ; R$ 2.031,50 ; R$ 2.025,50 ; R$ 2.028,00 
18/09/2012; R$ 2.038,50 ; R$ 2.040,00 ; R$ 2.025,50 ; R$ 2.029,00 
17/09/2012; R$ 2.018,00 ; R$ 2.038,50 ; R$ 2.018,00 ; R$ 2.036,50 
14/09/2012; R$ 2.023,00 ; R$ 2.026,50 ; R$ 2.012,50 ; R$ 2.016,50 
13/09/2012; R$ 2.034,00 ; R$ 2.035,00 ; R$ 2.023,00 ; R$ 2.026,00 
12/09/2012; R$ 2.025,00 ; R$ 2.035,00 ; R$ 2.024,00 ; R$ 2.033,00 
11/09/2012; R$ 2.027,50 ; R$ 2.037,50 ; R$ 2.022,00 ; R$ 2.024,00 
10/09/2012; R$ 2.029,50 ; R$ 2.033,50 ; R$ 2.027,00 ; R$ 2.028,00 
06/09/2012; R$ 2.044,00 ; R$ 2.050,00 ; R$ 2.035,50 ; R$ 2.036,50 
05/09/2012; R$ 2.049,00 ; R$ 2.052,50 ; R$ 2.044,00 ; R$ 2.047,00 
04/09/2012; R$ 2.039,00 ; R$ 2.052,50 ; R$ 2.037,50 ; R$ 2.051,00 
03/09/2012; R$ 2.039,50 ; R$ 2.044,00 ; R$ 2.037,50 ; R$ 2.041,50 
31/08/2012; R$ 2.047,00 ; R$ 2.049,50 ; R$ 2.036,00 ; R$ 2.037,50 
30/08/2012; R$ 2.052,00 ; R$ 2.057,50 ; R$ 2.045,00 ; R$ 2.051,00 
29/08/2012; R$ 2.047,00 ; R$ 2.056,00 ; R$ 2.047,00 ; R$ 2.051,50 
28/08/2012; R$ 2.037,00 ; R$ 2.054,00 ; R$ 2.037,00 ; R$ 2.045,50 
27/08/2012; R$ 2.031,00 ; R$ 2.038,50 ; R$ 2.026,50 ; R$ 2.035,50 
24/08/2012; R$ 2.033,00 ; R$ 2.034,50 ; R$ 2.023,50 ; R$ 2.031,50 
23/08/2012; R$ 2.023,00 ; R$ 2.030,00 ; R$ 2.022,00 ; R$ 2.027,00 
22/08/2012; R$ 2.022,50 ; R$ 2.027,00 ; R$ 2.021,00 ; R$ 2.021,50 
21/08/2012; R$ 2.015,50 ; R$ 2.028,00 ; R$ 2.011,00 ; R$ 2.020,50 
20/08/2012; R$ 2.023,00 ; R$ 2.028,00 ; R$ 2.020,50 ; R$ 2.022,50 
17/08/2012; R$ 2.027,50 ; R$ 2.028,50 ; R$ 2.019,50 ; R$ 2.021,00 
16/08/2012; R$ 2.027,00 ; R$ 2.031,50 ; R$ 2.023,00 ; R$ 2.023,50 
15/08/2012; R$ 2.036,00 ; R$ 2.036,00 ; R$ 2.026,00 ; R$ 2.030,50 
14/08/2012; R$ 2.026,50 ; R$ 2.036,50 ; R$ 2.026,50 ; R$ 2.033,50 
13/08/2012; R$ 2.025,00 ; R$ 2.037,50 ; R$ 2.025,00 ; R$ 2.029,00 
10/08/2012; R$ 2.028,50 ; R$ 2.031,50 ; R$ 2.021,50 ; R$ 2.024,00 
09/08/2012; R$ 2.035,00 ; R$ 2.035,50 ; R$ 2.023,00 ; R$ 2.023,00 
08/08/2012; R$ 2.043,50 ; R$ 2.045,00 ; R$ 2.028,50 ; R$ 2.032,00 
07/08/2012; R$ 2.037,00 ; R$ 2.041,00 ; R$ 2.033,00 ; R$ 2.038,00 
06/08/2012; R$ 2.037,50 ; R$ 2.043,50 ; R$ 2.035,00 ; R$ 2.043,50 
03/08/2012; R$ 2.053,00 ; R$ 2.056,00 ; R$ 2.033,00 ; R$ 2.037,50 
02/08/2012; R$ 2.051,00 ; R$ 2.065,50 ; R$ 2.044,50 ; R$ 2.063,00 
01/08/2012; R$ 2.065,00 ; R$ 2.067,00 ; R$ 2.049,50 ; R$ 2.057,00 
31/07/2012; R$ 2.042,50 ; R$ 2.055,00 ; R$ 2.040,00 ; R$ 2.050,00 
30/07/2012; R$ 2.029,00 ; R$ 2.042,50 ; R$ 2.025,50 ; R$ 2.040,50 
27/07/2012; R$ 2.021,50 ; R$ 2.029,50 ; R$ 2.009,50 ; R$ 2.024,50 
26/07/2012; R$ 2.026,50 ; R$ 2.029,50 ; R$ 2.021,00 ; R$ 2.022,00 
25/07/2012; R$ 2.041,00 ; R$ 2.046,00 ; R$ 2.033,50 ; R$ 2.036,00 
24/07/2012; R$ 2.047,00 ; R$ 2.054,00 ; R$ 2.038,50 ; R$ 2.051,00 
23/07/2012; R$ 2.035,50 ; R$ 2.049,00 ; R$ 2.034,00 ; R$ 2.043,00 
20/07/2012; R$ 2.022,50 ; R$ 2.031,00 ; R$ 2.021,50 ; R$ 2.027,50 
19/07/2012; R$ 2.020,50 ; R$ 2.031,00 ; R$ 2.015,00 ; R$ 2.015,50 
18/07/2012; R$ 2.028,50 ; R$ 2.034,00 ; R$ 2.022,00 ; R$ 2.028,50 
17/07/2012; R$ 2.040,50 ; R$ 2.045,00 ; R$ 2.025,50 ; R$ 2.026,00 
16/07/2012; R$ 2.046,00 ; R$ 2.049,50 ; R$ 2.038,50 ; R$ 2.043,50 
13/07/2012; R$ 2.040,00 ; R$ 2.047,50 ; R$ 2.035,00 ; R$ 2.046,50 
12/07/2012; R$ 2.051,50 ; R$ 2.059,50 ; R$ 2.043,50 ; R$ 2.046,00 
11/07/2012; R$ 2.035,00 ; R$ 2.047,50 ; R$ 2.030,00 ; R$ 2.044,00 
10/07/2012; R$ 2.038,00 ; R$ 2.049,00 ; R$ 2.036,00 ; R$ 2.040,00 
06/07/2012; R$ 2.033,00 ; R$ 2.051,50 ; R$ 2.026,00 ; R$ 2.036,50 
05/07/2012; R$ 2.034,00 ; R$ 2.048,50 ; R$ 2.023,00 ; R$ 2.031,00 
04/07/2012; R$ 2.031,00 ; R$ 2.047,50 ; R$ 2.021,00 ; R$ 2.036,00 
03/07/2012; R$ 1.992,50 ; R$ 2.035,00 ; R$ 1.988,50 ; R$ 2.025,00 
02/07/2012; R$ 2.021,00 ; R$ 2.025,00 ; R$ 1.995,00 ; R$ 1.997,00 
29/06/2012; R$ 2.060,00 ; R$ 2.060,00 ; R$ 2.021,00 ; R$ 2.021,50 
28/06/2012; R$ 2.080,50 ; R$ 2.099,50 ; R$ 2.073,50 ; R$ 2.077,00 
27/06/2012; R$ 2.072,00 ; R$ 2.098,50 ; R$ 2.071,00 ; R$ 2.077,00 
26/06/2012; R$ 2.063,50 ; R$ 2.079,50 ; R$ 2.063,00 ; R$ 2.078,00 
25/06/2012; R$ 2.075,50 ; R$ 2.081,00 ; R$ 2.065,00 ; R$ 2.065,50 
22/06/2012; R$ 2.057,00 ; R$ 2.079,00 ; R$ 2.051,50 ; R$ 2.070,00 
21/06/2012; R$ 2.029,00 ; R$ 2.066,00 ; R$ 2.027,00 ; R$ 2.060,50 
20/06/2012; R$ 2.030,00 ; R$ 2.042,00 ; R$ 2.025,50 ; R$ 2.030,00 
19/06/2012; R$ 2.055,00 ; R$ 2.059,00 ; R$ 2.031,00 ; R$ 2.035,00 
18/06/2012; R$ 2.055,00 ; R$ 2.073,50 ; R$ 2.054,50 ; R$ 2.063,00 
15/06/2012; R$ 2.062,00 ; R$ 2.066,00 ; R$ 2.042,50 ; R$ 2.057,00 
14/06/2012; R$ 2.074,00 ; R$ 2.081,50 ; R$ 2.056,00 ; R$ 2.062,00 
13/06/2012; R$ 2.068,00 ; R$ 2.082,50 ; R$ 2.059,00 ; R$ 2.081,00 
12/06/2012; R$ 2.066,50 ; R$ 2.079,00 ; R$ 2.058,00 ; R$ 2.076,00 
11/06/2012; R$ 2.030,00 ; R$ 2.074,00 ; R$ 2.026,00 ; R$ 2.074,00 
08/06/2012; R$ 2.043,50 ; R$ 2.052,00 ; R$ 2.028,00 ; R$ 2.030,00 
06/06/2012; R$ 2.020,50 ; R$ 2.043,00 ; R$ 2.020,00 ; R$ 2.043,00 
05/06/2012; R$ 2.070,00 ; R$ 2.070,00 ; R$ 2.026,00 ; R$ 2.033,00 
04/06/2012; R$ 2.044,50 ; R$ 2.069,50 ; R$ 2.042,00 ; R$ 2.069,50 
01/06/2012; R$ 2.042,50 ; R$ 2.061,00 ; R$ 2.036,00 ; R$ 2.049,50 
31/05/2012; R$ 2.009,00 ; R$ 2.027,50 ; R$ 2.009,00 ; R$ 2.022,00 
30/05/2012; R$ 2.002,50 ; R$ 2.021,00 ; R$ 2.000,00 ; R$ 2.021,00 
29/05/2012; R$ 1.982,00 ; R$ 2.001,50 ; R$ 1.981,50 ; R$ 1.995,00 
28/05/2012; R$ 1.979,50 ; R$ 1.986,00 ; R$ 1.972,00 ; R$ 1.984,00 
25/05/2012; R$ 2.028,00 ; R$ 2.034,00 ; R$ 1.984,50 ; R$ 1.985,00 
24/05/2012; R$ 2.032,00 ; R$ 2.055,00 ; R$ 2.025,00 ; R$ 2.032,00 
23/05/2012; R$ 2.095,00 ; R$ 2.110,00 ; R$ 2.032,00 ; R$ 2.040,00 
22/05/2012; R$ 2.047,00 ; R$ 2.096,50 ; R$ 2.042,50 ; R$ 2.095,50 
21/05/2012; R$ 2.026,50 ; R$ 2.055,00 ; R$ 2.026,50 ; R$ 2.048,00 
18/05/2012; R$ 2.010,50 ; R$ 2.063,50 ; R$ 1.998,50 ; R$ 2.026,00 
17/05/2012; R$ 2.011,50 ; R$ 2.018,50 ; R$ 1.995,50 ; R$ 2.015,50 
16/05/2012; R$ 2.003,50 ; R$ 2.014,50 ; R$ 1.994,50 ; R$ 2.010,00 
15/05/2012; R$ 1.998,50 ; R$ 2.013,50 ; R$ 1.989,00 ; R$ 2.008,00 
14/05/2012; R$ 1.986,50 ; R$ 2.014,00 ; R$ 1.982,50 ; R$ 2.005,50 
11/05/2012; R$ 1.963,50 ; R$ 1.977,00 ; R$ 1.948,00 ; R$ 1.974,50 
10/05/2012; R$ 1.970,50 ; R$ 1.978,50 ; R$ 1.953,50 ; R$ 1.962,00 
09/05/2012; R$ 1.953,50 ; R$ 1.986,50 ; R$ 1.953,50 ; R$ 1.980,50 
08/05/2012; R$ 1.935,00 ; R$ 1.952,50 ; R$ 1.930,50 ; R$ 1.952,50 
07/05/2012; R$ 1.937,50 ; R$ 1.946,50 ; R$ 1.929,00 ; R$ 1.929,00 
04/05/2012; R$ 1.920,00 ; R$ 1.940,50 ; R$ 1.916,50 ; R$ 1.940,00 
03/05/2012; R$ 1.941,00 ; R$ 1.947,50 ; R$ 1.917,50 ; R$ 1.918,50 
02/05/2012; R$ 1.925,00 ; R$ 1.942,00 ; R$ 1.918,50 ; R$ 1.937,00 
30/04/2012; R$ 1.888,00 ; R$ 1.898,00 ; R$ 1.884,00 ; R$ 1.891,50 
27/04/2012; R$ 1.885,00 ; R$ 1.889,00 ; R$ 1.882,00 ; R$ 1.888,00 
26/04/2012; R$ 1.882,00 ; R$ 1.891,50 ; R$ 1.881,50 ; R$ 1.890,00 
25/04/2012; R$ 1.879,50 ; R$ 1.889,00 ; R$ 1.877,50 ; R$ 1.885,00 
24/04/2012; R$ 1.879,50 ; R$ 1.887,00 ; R$ 1.876,50 ; R$ 1.881,00 
23/04/2012; R$ 1.888,50 ; R$ 1.894,00 ; R$ 1.881,50 ; R$ 1.881,50 
20/04/2012; R$ 1.882,50 ; R$ 1.890,50 ; R$ 1.866,50 ; R$ 1.874,00 
19/04/2012; R$ 1.889,00 ; R$ 1.897,50 ; R$ 1.883,50 ; R$ 1.884,00 
18/04/2012; R$ 1.867,50 ; R$ 1.888,00 ; R$ 1.862,00 ; R$ 1.884,00 
17/04/2012; R$ 1.849,00 ; R$ 1.866,50 ; R$ 1.845,00 ; R$ 1.866,50 
16/04/2012; R$ 1.847,00 ; R$ 1.855,00 ; R$ 1.838,00 ; R$ 1.853,50 
13/04/2012; R$ 1.836,00 ; R$ 1.847,50 ; R$ 1.835,00 ; R$ 1.847,00 
12/04/2012; R$ 1.835,50 ; R$ 1.839,50 ; R$ 1.829,00 ; R$ 1.832,00 
11/04/2012; R$ 1.836,00 ; R$ 1.844,50 ; R$ 1.832,00 ; R$ 1.844,00 
10/04/2012; R$ 1.828,00 ; R$ 1.845,00 ; R$ 1.824,00 ; R$ 1.844,00 
09/04/2012; R$ 1.834,50 ; R$ 1.837,00 ; R$ 1.825,50 ; R$ 1.826,00 
05/04/2012; R$ 1.839,50 ; R$ 1.843,00 ; R$ 1.831,00 ; R$ 1.831,00 
04/04/2012; R$ 1.842,50 ; R$ 1.844,00 ; R$ 1.835,50 ; R$ 1.835,50 
03/04/2012; R$ 1.843,00 ; R$ 1.844,50 ; R$ 1.831,50 ; R$ 1.836,00 
02/04/2012; R$ 1.837,00 ; R$ 1.847,50 ; R$ 1.837,00 ; R$ 1.845,00 
30/03/2012; R$ 1.820,00 ; R$ 1.826,00 ; R$ 1.815,50 ; R$ 1.822,00 
29/03/2012; R$ 1.831,00 ; R$ 1.837,50 ; R$ 1.821,00 ; R$ 1.821,00 
28/03/2012; R$ 1.821,50 ; R$ 1.829,50 ; R$ 1.818,00 ; R$ 1.826,50 
27/03/2012; R$ 1.819,50 ; R$ 1.825,00 ; R$ 1.811,50 ; R$ 1.824,00 
26/03/2012; R$ 1.812,50 ; R$ 1.822,00 ; R$ 1.808,00 ; R$ 1.819,50 
23/03/2012; R$ 1.827,50 ; R$ 1.828,00 ; R$ 1.812,50 ; R$ 1.814,00 
22/03/2012; R$ 1.835,50 ; R$ 1.836,00 ; R$ 1.822,00 ; R$ 1.825,50 
21/03/2012; R$ 1.820,00 ; R$ 1.834,50 ; R$ 1.820,00 ; R$ 1.823,50 
20/03/2012; R$ 1.836,00 ; R$ 1.842,00 ; R$ 1.820,50 ; R$ 1.821,00 
19/03/2012; R$ 1.810,50 ; R$ 1.828,00 ; R$ 1.809,50 ; R$ 1.826,00 
16/03/2012; R$ 1.806,00 ; R$ 1.813,00 ; R$ 1.804,00 ; R$ 1.810,00 
15/03/2012; R$ 1.801,50 ; R$ 1.819,00 ; R$ 1.796,50 ; R$ 1.807,00 
14/03/2012; R$ 1.809,00 ; R$ 1.833,50 ; R$ 1.806,50 ; R$ 1.810,00 
13/03/2012; R$ 1.808,00 ; R$ 1.836,00 ; R$ 1.800,00 ; R$ 1.803,00 
12/03/2012; R$ 1.810,00 ; R$ 1.843,00 ; R$ 1.807,00 ; R$ 1.808,00 
09/03/2012; R$ 1.779,50 ; R$ 1.805,00 ; R$ 1.773,50 ; R$ 1.800,00 
08/03/2012; R$ 1.771,00 ; R$ 1.791,50 ; R$ 1.765,50 ; R$ 1.772,00 
07/03/2012; R$ 1.771,50 ; R$ 1.785,00 ; R$ 1.770,00 ; R$ 1.778,00 
06/03/2012; R$ 1.759,00 ; R$ 1.774,50 ; R$ 1.756,00 ; R$ 1.770,00 
05/03/2012; R$ 1.747,50 ; R$ 1.753,00 ; R$ 1.737,50 ; R$ 1.753,00 
02/03/2012; R$ 1.735,50 ; R$ 1.746,00 ; R$ 1.731,00 ; R$ 1.743,00 
01/03/2012; R$ 1.727,50 ; R$ 1.739,50 ; R$ 1.724,00 ; R$ 1.726,50 
29/02/2012; R$ 1.691,00 ; R$ 1.715,00 ; R$ 1.691,00 ; R$ 1.709,00 
28/02/2012; R$ 1.704,50 ; R$ 1.706,00 ; R$ 1.696,00 ; R$ 1.697,00 
27/02/2012; R$ 1.716,00 ; R$ 1.717,00 ; R$ 1.704,50 ; R$ 1.707,50 
24/02/2012; R$ 1.713,00 ; R$ 1.713,50 ; R$ 1.703,50 ; R$ 1.711,00 
23/02/2012; R$ 1.702,00 ; R$ 1.717,00 ; R$ 1.700,00 ; R$ 1.717,00 
22/02/2012; R$ 1.717,50 ; R$ 1.720,00 ; R$ 1.707,50 ; R$ 1.709,00 
17/02/2012; R$ 1.720,00 ; R$ 1.721,00 ; R$ 1.716,00 ; R$ 1.719,00 
16/02/2012; R$ 1.740,00 ; R$ 1.743,00 ; R$ 1.720,00 ; R$ 1.721,50 
15/02/2012; R$ 1.724,00 ; R$ 1.736,00 ; R$ 1.719,00 ; R$ 1.733,00 
14/02/2012; R$ 1.723,00 ; R$ 1.736,00 ; R$ 1.719,00 ; R$ 1.735,00 
13/02/2012; R$ 1.722,50 ; R$ 1.730,00 ; R$ 1.716,00 ; R$ 1.724,50 
10/02/2012; R$ 1.735,00 ; R$ 1.739,00 ; R$ 1.729,50 ; R$ 1.729,50 
09/02/2012; R$ 1.730,00 ; R$ 1.734,50 ; R$ 1.724,00 ; R$ 1.725,00 
08/02/2012; R$ 1.732,00 ; R$ 1.733,50 ; R$ 1.722,50 ; R$ 1.730,00 
07/02/2012; R$ 1.737,00 ; R$ 1.741,50 ; R$ 1.727,50 ; R$ 1.735,50 
06/02/2012; R$ 1.736,00 ; R$ 1.753,00 ; R$ 1.723,00 ; R$ 1.736,00 
03/02/2012; R$ 1.731,50 ; R$ 1.739,50 ; R$ 1.725,50 ; R$ 1.728,00 
02/02/2012; R$ 1.746,00 ; R$ 1.750,00 ; R$ 1.730,00 ; R$ 1.731,50 
01/02/2012; R$ 1.751,50 ; R$ 1.754,50 ; R$ 1.742,00 ; R$ 1.747,00 
31/01/2012; R$ 1.738,00 ; R$ 1.739,50 ; R$ 1.734,50 ; R$ 1.739,00 
30/01/2012; R$ 1.749,00 ; R$ 1.757,00 ; R$ 1.748,00 ; R$ 1.750,00 
27/01/2012; R$ 1.746,00 ; R$ 1.749,50 ; R$ 1.738,50 ; R$ 1.739,00 
26/01/2012; R$ 1.740,50 ; R$ 1.754,00 ; R$ 1.735,00 ; R$ 1.750,00 
24/01/2012; R$ 1.764,00 ; R$ 1.771,50 ; R$ 1.755,00 ; R$ 1.762,50 
23/01/2012; R$ 1.757,50 ; R$ 1.762,50 ; R$ 1.753,00 ; R$ 1.759,00 
20/01/2012; R$ 1.775,00 ; R$ 1.778,00 ; R$ 1.760,00 ; R$ 1.760,50 
19/01/2012; R$ 1.773,00 ; R$ 1.779,50 ; R$ 1.764,50 ; R$ 1.771,50 
18/01/2012; R$ 1.785,50 ; R$ 1.791,00 ; R$ 1.769,00 ; R$ 1.772,50 
17/01/2012; R$ 1.779,00 ; R$ 1.795,00 ; R$ 1.775,00 ; R$ 1.795,00 
16/01/2012; R$ 1.791,00 ; R$ 1.797,00 ; R$ 1.789,00 ; R$ 1.795,00 
13/01/2012; R$ 1.790,00 ; R$ 1.816,00 ; R$ 1.779,50 ; R$ 1.795,50 
12/01/2012; R$ 1.801,00 ; R$ 1.806,00 ; R$ 1.784,00 ; R$ 1.789,00 
11/01/2012; R$ 1.809,00 ; R$ 1.823,00 ; R$ 1.807,00 ; R$ 1.812,00 
10/01/2012; R$ 1.837,50 ; R$ 1.837,50 ; R$ 1.805,50 ; R$ 1.809,00 
09/01/2012; R$ 1.863,50 ; R$ 1.867,00 ; R$ 1.842,50 ; R$ 1.845,00 
06/01/2012; R$ 1.854,00 ; R$ 1.869,00 ; R$ 1.848,50 ; R$ 1.868,00 
05/01/2012; R$ 1.855,00 ; R$ 1.859,50 ; R$ 1.842,50 ; R$ 1.846,00 
04/01/2012; R$ 1.847,00 ; R$ 1.848,50 ; R$ 1.832,50 ; R$ 1.845,50 
03/01/2012; R$ 1.869,50 ; R$ 1.869,50 ; R$ 1.842,50 ; R$ 1.843,00 
02/01/2012; R$ 1.877,00 ; R$ 1.887,50 ; R$ 1.864,50 ; R$ 1.886,00 
29/12/2011; R$ 1.878,00 ; R$ 1.884,50 ; R$ 1.875,50 ; R$ 1.876,00 
28/12/2011; R$ 1.858,50 ; R$ 1.887,00 ; R$ 1.858,50 ; R$ 1.875,00 
27/12/2011; R$ 1.857,50 ; R$ 1.863,50 ; R$ 1.856,50 ; R$ 1.863,00 
26/12/2011; R$ 1.860,00 ; R$ 1.864,00 ; R$ 1.854,50 ; R$ 1.861,00 
23/12/2011; R$ 1.854,00 ; R$ 1.865,50 ; R$ 1.849,50 ; R$ 1.862,00 
22/12/2011; R$ 1.858,50 ; R$ 1.867,00 ; R$ 1.853,00 ; R$ 1.858,50 
21/12/2011; R$ 1.845,00 ; R$ 1.866,00 ; R$ 1.845,00 ; R$ 1.864,50 
20/12/2011; R$ 1.861,50 ; R$ 1.866,50 ; R$ 1.843,50 ; R$ 1.850,00 
19/12/2011; R$ 1.860,00 ; R$ 1.877,50 ; R$ 1.859,50 ; R$ 1.871,50 
16/12/2011; R$ 1.855,50 ; R$ 1.870,50 ; R$ 1.848,50 ; R$ 1.857,00 
15/12/2011; R$ 1.876,50 ; R$ 1.882,50 ; R$ 1.861,00 ; R$ 1.868,00 
14/12/2011; R$ 1.874,50 ; R$ 1.893,50 ; R$ 1.873,00 ; R$ 1.889,00 
13/12/2011; R$ 1.847,00 ; R$ 1.879,00 ; R$ 1.844,00 ; R$ 1.874,50 
12/12/2011; R$ 1.827,00 ; R$ 1.857,00 ; R$ 1.824,00 ; R$ 1.854,00 
09/12/2011; R$ 1.825,00 ; R$ 1.830,50 ; R$ 1.808,00 ; R$ 1.809,00 
08/12/2011; R$ 1.813,00 ; R$ 1.838,00 ; R$ 1.793,00 ; R$ 1.836,00 
07/12/2011; R$ 1.805,50 ; R$ 1.816,50 ; R$ 1.798,50 ; R$ 1.810,00 
06/12/2011; R$ 1.791,00 ; R$ 1.811,50 ; R$ 1.789,50 ; R$ 1.804,50 
05/12/2011; R$ 1.790,00 ; R$ 1.806,50 ; R$ 1.787,50 ; R$ 1.798,00 
02/12/2011; R$ 1.804,00 ; R$ 1.815,00 ; R$ 1.790,00 ; R$ 1.803,00 
01/12/2011; R$ 1.818,50 ; R$ 1.824,00 ; R$ 1.795,50 ; R$ 1.814,00 
30/11/2011; R$ 1.839,50 ; R$ 1.848,50 ; R$ 1.810,00 ; R$ 1.811,00 
29/11/2011; R$ 1.837,00 ; R$ 1.854,00 ; R$ 1.835,00 ; R$ 1.846,00 
28/11/2011; R$ 1.860,00 ; R$ 1.871,50 ; R$ 1.851,00 ; R$ 1.855,50 
25/11/2011; R$ 1.910,50 ; R$ 1.919,00 ; R$ 1.876,00 ; R$ 1.893,00 
24/11/2011; R$ 1.862,00 ; R$ 1.907,00 ; R$ 1.853,00 ; R$ 1.900,00 
23/11/2011; R$ 1.836,00 ; R$ 1.878,50 ; R$ 1.833,00 ; R$ 1.870,50 
22/11/2011; R$ 1.805,50 ; R$ 1.833,00 ; R$ 1.803,00 ; R$ 1.822,50 
21/11/2011; R$ 1.809,00 ; R$ 1.824,50 ; R$ 1.806,00 ; R$ 1.814,00 
18/11/2011; R$ 1.780,50 ; R$ 1.795,00 ; R$ 1.773,00 ; R$ 1.792,50 
17/11/2011; R$ 1.785,50 ; R$ 1.797,00 ; R$ 1.772,00 ; R$ 1.787,50 
16/11/2011; R$ 1.781,50 ; R$ 1.793,00 ; R$ 1.773,50 ; R$ 1.777,00 
14/11/2011; R$ 1.754,00 ; R$ 1.796,50 ; R$ 1.754,00 ; R$ 1.775,50 
11/11/2011; R$ 1.765,00 ; R$ 1.769,00 ; R$ 1.750,50 ; R$ 1.753,00 
10/11/2011; R$ 1.782,50 ; R$ 1.783,50 ; R$ 1.763,50 ; R$ 1.768,50 
09/11/2011; R$ 1.762,00 ; R$ 1.792,00 ; R$ 1.757,00 ; R$ 1.790,00 
08/11/2011; R$ 1.756,00 ; R$ 1.762,50 ; R$ 1.742,50 ; R$ 1.743,00 
07/11/2011; R$ 1.770,50 ; R$ 1.772,00 ; R$ 1.754,50 ; R$ 1.759,00 
04/11/2011; R$ 1.752,50 ; R$ 1.773,00 ; R$ 1.738,00 ; R$ 1.764,50 
03/11/2011; R$ 1.745,00 ; R$ 1.758,00 ; R$ 1.725,00 ; R$ 1.750,50 
01/11/2011; R$ 1.751,50 ; R$ 1.774,50 ; R$ 1.740,50 ; R$ 1.762,00 
31/10/2011; R$ 1.679,50 ; R$ 1.692,00 ; R$ 1.679,50 ; R$ 1.688,50 
28/10/2011; R$ 1.715,00 ; R$ 1.715,00 ; R$ 1.672,00 ; R$ 1.674,50 
27/10/2011; R$ 1.735,50 ; R$ 1.742,00 ; R$ 1.703,00 ; R$ 1.710,50 
26/10/2011; R$ 1.764,00 ; R$ 1.774,00 ; R$ 1.748,00 ; R$ 1.761,00 
25/10/2011; R$ 1.749,00 ; R$ 1.771,00 ; R$ 1.740,00 ; R$ 1.768,50 
24/10/2011; R$ 1.779,50 ; R$ 1.789,00 ; R$ 1.752,00 ; R$ 1.755,00 
21/10/2011; R$ 1.784,00 ; R$ 1.796,00 ; R$ 1.772,00 ; R$ 1.783,50 
20/10/2011; R$ 1.770,50 ; R$ 1.813,50 ; R$ 1.768,50 ; R$ 1.787,00 
19/10/2011; R$ 1.751,00 ; R$ 1.784,00 ; R$ 1.751,00 ; R$ 1.782,50 
18/10/2011; R$ 1.779,50 ; R$ 1.793,00 ; R$ 1.754,50 ; R$ 1.759,00 
17/10/2011; R$ 1.748,00 ; R$ 1.783,00 ; R$ 1.747,50 ; R$ 1.780,50 
14/10/2011; R$ 1.750,50 ; R$ 1.751,00 ; R$ 1.735,50 ; R$ 1.740,00 
13/10/2011; R$ 1.771,00 ; R$ 1.775,00 ; R$ 1.748,50 ; R$ 1.760,00 
11/10/2011; R$ 1.777,00 ; R$ 1.792,50 ; R$ 1.761,00 ; R$ 1.780,50 
10/10/2011; R$ 1.760,00 ; R$ 1.780,00 ; R$ 1.747,50 ; R$ 1.776,00 
07/10/2011; R$ 1.789,00 ; R$ 1.795,50 ; R$ 1.760,00 ; R$ 1.783,50 
06/10/2011; R$ 1.845,50 ; R$ 1.850,00 ; R$ 1.790,00 ; R$ 1.792,00 
05/10/2011; R$ 1.869,00 ; R$ 1.874,00 ; R$ 1.837,50 ; R$ 1.846,00 
04/10/2011; R$ 1.907,00 ; R$ 1.915,00 ; R$ 1.872,00 ; R$ 1.872,00 
03/10/2011; R$ 1.895,00 ; R$ 1.934,00 ; R$ 1.885,00 ; R$ 1.905,50 
30/09/2011; R$ 1.853,00 ; R$ 1.862,00 ; R$ 1.850,00 ; R$ 1.854,00 
29/09/2011; R$ 1.829,00 ; R$ 1.857,00 ; R$ 1.824,50 ; R$ 1.843,50 
28/09/2011; R$ 1.803,00 ; R$ 1.845,50 ; R$ 1.803,00 ; R$ 1.843,50 
27/09/2011; R$ 1.804,00 ; R$ 1.816,00 ; R$ 1.797,50 ; R$ 1.809,00 
26/09/2011; R$ 1.819,50 ; R$ 1.868,00 ; R$ 1.814,50 ; R$ 1.823,50 
23/09/2011; R$ 1.932,00 ; R$ 1.932,00 ; R$ 1.830,00 ; R$ 1.836,00 
22/09/2011; R$ 1.930,50 ; R$ 1.960,50 ; R$ 1.845,00 ; R$ 1.909,50 
21/09/2011; R$ 1.805,00 ; R$ 1.900,50 ; R$ 1.805,00 ; R$ 1.885,00 
20/09/2011; R$ 1.793,00 ; R$ 1.807,50 ; R$ 1.773,50 ; R$ 1.791,00 
19/09/2011; R$ 1.752,00 ; R$ 1.810,00 ; R$ 1.752,00 ; R$ 1.803,50 
16/09/2011; R$ 1.728,00 ; R$ 1.745,00 ; R$ 1.715,00 ; R$ 1.744,00 
15/09/2011; R$ 1.718,00 ; R$ 1.728,00 ; R$ 1.706,00 ; R$ 1.715,00 
14/09/2011; R$ 1.717,00 ; R$ 1.748,50 ; R$ 1.717,00 ; R$ 1.724,00 
13/09/2011; R$ 1.717,50 ; R$ 1.730,50 ; R$ 1.711,50 ; R$ 1.720,50 
12/09/2011; R$ 1.696,00 ; R$ 1.738,00 ; R$ 1.689,00 ; R$ 1.713,00 
09/09/2011; R$ 1.675,00 ; R$ 1.695,00 ; R$ 1.675,00 ; R$ 1.684,00 
08/09/2011; R$ 1.660,00 ; R$ 1.673,50 ; R$ 1.660,00 ; R$ 1.671,50 
06/09/2011; R$ 1.656,50 ; R$ 1.677,50 ; R$ 1.655,00 ; R$ 1.669,50 
05/09/2011; R$ 1.665,00 ; R$ 1.671,00 ; R$ 1.656,00 ; R$ 1.656,00 
02/09/2011; R$ 1.635,50 ; R$ 1.657,00 ; R$ 1.634,50 ; R$ 1.653,00 
01/09/2011; R$ 1.610,00 ; R$ 1.631,50 ; R$ 1.607,50 ; R$ 1.629,00 
31/08/2011; R$ 1.591,50 ; R$ 1.593,50 ; R$ 1.585,50 ; R$ 1.587,50 
30/08/2011; R$ 1.595,50 ; R$ 1.598,50 ; R$ 1.584,00 ; R$ 1.595,00 
29/08/2011; R$ 1.600,50 ; R$ 1.601,00 ; R$ 1.590,50 ; R$ 1.591,50 
26/08/2011; R$ 1.611,00 ; R$ 1.616,50 ; R$ 1.602,00 ; R$ 1.606,50 
25/08/2011; R$ 1.611,50 ; R$ 1.619,50 ; R$ 1.604,50 ; R$ 1.611,00 
24/08/2011; R$ 1.606,00 ; R$ 1.617,50 ; R$ 1.601,50 ; R$ 1.615,00 
23/08/2011; R$ 1.602,50 ; R$ 1.611,00 ; R$ 1.599,50 ; R$ 1.600,50 
22/08/2011; R$ 1.597,00 ; R$ 1.612,50 ; R$ 1.597,00 ; R$ 1.612,00 
19/08/2011; R$ 1.607,00 ; R$ 1.608,00 ; R$ 1.595,00 ; R$ 1.606,00 
18/08/2011; R$ 1.600,00 ; R$ 1.618,00 ; R$ 1.600,00 ; R$ 1.605,00 
17/08/2011; R$ 1.587,00 ; R$ 1.594,00 ; R$ 1.585,00 ; R$ 1.594,00 
16/08/2011; R$ 1.608,00 ; R$ 1.610,50 ; R$ 1.592,00 ; R$ 1.597,00 
15/08/2011; R$ 1.614,00 ; R$ 1.614,50 ; R$ 1.596,00 ; R$ 1.596,00 
12/08/2011; R$ 1.630,50 ; R$ 1.632,00 ; R$ 1.614,00 ; R$ 1.621,00 
11/08/2011; R$ 1.636,00 ; R$ 1.652,00 ; R$ 1.626,50 ; R$ 1.637,50 
10/08/2011; R$ 1.611,50 ; R$ 1.643,00 ; R$ 1.611,50 ; R$ 1.636,00 
09/08/2011; R$ 1.638,50 ; R$ 1.671,00 ; R$ 1.598,50 ; R$ 1.600,00 
08/08/2011; R$ 1.605,00 ; R$ 1.640,00 ; R$ 1.594,50 ; R$ 1.638,00 
05/08/2011; R$ 1.593,50 ; R$ 1.613,50 ; R$ 1.587,00 ; R$ 1.588,00 
04/08/2011; R$ 1.580,50 ; R$ 1.602,00 ; R$ 1.580,00 ; R$ 1.602,00 
03/08/2011; R$ 1.573,50 ; R$ 1.581,00 ; R$ 1.570,00 ; R$ 1.570,00 
02/08/2011; R$ 1.585,00 ; R$ 1.587,00 ; R$ 1.574,00 ; R$ 1.581,00 
01/08/2011; R$ 1.560,00 ; R$ 1.579,50 ; R$ 1.558,50 ; R$ 1.579,50 
29/07/2011; R$ 1.572,50 ; R$ 1.573,00 ; R$ 1.554,00 ; R$ 1.556,00 
28/07/2011; R$ 1.561,50 ; R$ 1.573,50 ; R$ 1.561,00 ; R$ 1.568,00 
27/07/2011; R$ 1.536,10 ; R$ 1.573,50 ; R$ 1.536,10 ; R$ 1.560,00 
26/07/2011; R$ 1.534,50 ; R$ 1.542,00 ; R$ 1.530,00 ; R$ 1.541,50 
25/07/2011; R$ 1.553,50 ; R$ 1.554,00 ; R$ 1.537,00 ; R$ 1.541,50 
22/07/2011; R$ 1.557,00 ; R$ 1.562,00 ; R$ 1.553,50 ; R$ 1.554,00 
21/07/2011; R$ 1.565,00 ; R$ 1.565,00 ; R$ 1.555,00 ; R$ 1.556,00 
20/07/2011; R$ 1.565,50 ; R$ 1.571,50 ; R$ 1.561,50 ; R$ 1.570,50 
19/07/2011; R$ 1.575,50 ; R$ 1.576,50 ; R$ 1.567,00 ; R$ 1.568,00 
18/07/2011; R$ 1.584,00 ; R$ 1.589,50 ; R$ 1.579,00 ; R$ 1.580,00 
15/07/2011; R$ 1.581,00 ; R$ 1.583,50 ; R$ 1.577,00 ; R$ 1.578,00 
14/07/2011; R$ 1.579,00 ; R$ 1.585,50 ; R$ 1.576,00 ; R$ 1.584,50 
13/07/2011; R$ 1.582,00 ; R$ 1.589,50 ; R$ 1.575,00 ; R$ 1.582,00 
12/07/2011; R$ 1.588,00 ; R$ 1.590,50 ; R$ 1.579,50 ; R$ 1.587,00 
11/07/2011; R$ 1.589,00 ; R$ 1.591,00 ; R$ 1.581,50 ; R$ 1.584,00 
08/07/2011; R$ 1.565,00 ; R$ 1.575,50 ; R$ 1.564,00 ; R$ 1.570,50 
07/07/2011; R$ 1.577,50 ; R$ 1.577,50 ; R$ 1.562,00 ; R$ 1.562,00 
06/07/2011; R$ 1.576,00 ; R$ 1.581,00 ; R$ 1.570,50 ; R$ 1.577,50 
05/07/2011; R$ 1.566,50 ; R$ 1.574,50 ; R$ 1.566,50 ; R$ 1.573,00 
04/07/2011; R$ 1.567,50 ; R$ 1.569,00 ; R$ 1.561,00 ; R$ 1.561,50 
01/07/2011; R$ 1.574,00 ; R$ 1.574,50 ; R$ 1.563,00 ; R$ 1.566,00 
30/06/2011; R$ 1.564,00 ; R$ 1.565,00 ; R$ 1.560,00 ; R$ 1.560,50 
29/06/2011; R$ 1.573,00 ; R$ 1.580,00 ; R$ 1.567,50 ; R$ 1.569,00 
28/06/2011; R$ 1.596,00 ; R$ 1.596,00 ; R$ 1.576,00 ; R$ 1.577,50 
27/06/2011; R$ 1.605,00 ; R$ 1.606,00 ; R$ 1.596,00 ; R$ 1.596,00 
24/06/2011; R$ 1.599,00 ; R$ 1.608,50 ; R$ 1.594,50 ; R$ 1.607,00 
22/06/2011; R$ 1.602,00 ; R$ 1.602,00 ; R$ 1.588,50 ; R$ 1.594,00 
21/06/2011; R$ 1.597,00 ; R$ 1.599,50 ; R$ 1.589,50 ; R$ 1.590,00 
20/06/2011; R$ 1.607,50 ; R$ 1.612,50 ; R$ 1.597,00 ; R$ 1.601,00 
17/06/2011; R$ 1.601,00 ; R$ 1.607,00 ; R$ 1.600,00 ; R$ 1.604,00 
16/06/2011; R$ 1.614,00 ; R$ 1.621,50 ; R$ 1.609,00 ; R$ 1.609,00 
15/06/2011; R$ 1.596,00 ; R$ 1.611,50 ; R$ 1.595,00 ; R$ 1.607,00 
14/06/2011; R$ 1.587,00 ; R$ 1.593,50 ; R$ 1.586,50 ; R$ 1.590,00 
13/06/2011; R$ 1.598,50 ; R$ 1.602,00 ; R$ 1.589,50 ; R$ 1.590,50 
10/06/2011; R$ 1.592,00 ; R$ 1.608,50 ; R$ 1.592,00 ; R$ 1.604,50 
09/06/2011; R$ 1.587,00 ; R$ 1.598,50 ; R$ 1.587,00 ; R$ 1.591,00 
08/06/2011; R$ 1.594,50 ; R$ 1.595,50 ; R$ 1.586,50 ; R$ 1.590,00 
07/06/2011; R$ 1.587,00 ; R$ 1.588,50 ; R$ 1.583,50 ; R$ 1.588,50 
06/06/2011; R$ 1.589,00 ; R$ 1.595,00 ; R$ 1.586,00 ; R$ 1.594,00 
03/06/2011; R$ 1.586,50 ; R$ 1.594,00 ; R$ 1.580,50 ; R$ 1.587,00 
02/06/2011; R$ 1.597,50 ; R$ 1.598,00 ; R$ 1.584,00 ; R$ 1.584,50 
01/06/2011; R$ 1.589,00 ; R$ 1.605,50 ; R$ 1.587,50 ; R$ 1.604,50 
31/05/2011; R$ 1.583,00 ; R$ 1.584,50 ; R$ 1.579,50 ; R$ 1.580,00 
30/05/2011; R$ 1.593,50 ; R$ 1.597,50 ; R$ 1.586,00 ; R$ 1.588,50 
27/05/2011; R$ 1.612,00 ; R$ 1.612,00 ; R$ 1.594,50 ; R$ 1.595,00 
26/05/2011; R$ 1.622,00 ; R$ 1.627,50 ; R$ 1.612,50 ; R$ 1.617,00 
25/05/2011; R$ 1.630,50 ; R$ 1.634,00 ; R$ 1.628,00 ; R$ 1.630,00 
24/05/2011; R$ 1.631,00 ; R$ 1.632,50 ; R$ 1.624,00 ; R$ 1.627,50 
23/05/2011; R$ 1.640,00 ; R$ 1.643,50 ; R$ 1.633,50 ; R$ 1.636,50 
20/05/2011; R$ 1.625,00 ; R$ 1.630,00 ; R$ 1.614,00 ; R$ 1.624,50 
19/05/2011; R$ 1.612,00 ; R$ 1.625,00 ; R$ 1.611,50 ; R$ 1.621,50 
18/05/2011; R$ 1.625,00 ; R$ 1.627,00 ; R$ 1.613,50 ; R$ 1.614,00 
17/05/2011; R$ 1.637,00 ; R$ 1.645,00 ; R$ 1.620,50 ; R$ 1.621,50 
16/05/2011; R$ 1.644,00 ; R$ 1.645,00 ; R$ 1.631,50 ; R$ 1.641,50 
13/05/2011; R$ 1.625,00 ; R$ 1.653,00 ; R$ 1.619,00 ; R$ 1.643,00 
12/05/2011; R$ 1.635,00 ; R$ 1.637,00 ; R$ 1.622,00 ; R$ 1.626,00 
11/05/2011; R$ 1.615,00 ; R$ 1.633,00 ; R$ 1.612,50 ; R$ 1.630,00 
10/05/2011; R$ 1.618,50 ; R$ 1.620,50 ; R$ 1.609,50 ; R$ 1.611,00 
09/05/2011; R$ 1.617,00 ; R$ 1.636,50 ; R$ 1.616,00 ; R$ 1.622,50 
06/05/2011; R$ 1.626,00 ; R$ 1.627,50 ; R$ 1.609,50 ; R$ 1.623,00 
05/05/2011; R$ 1.629,00 ; R$ 1.637,50 ; R$ 1.619,50 ; R$ 1.630,50 
04/05/2011; R$ 1.595,00 ; R$ 1.628,50 ; R$ 1.588,50 ; R$ 1.628,50 
03/05/2011; R$ 1.595,50 ; R$ 1.601,50 ; R$ 1.588,50 ; R$ 1.594,50 
02/05/2011; R$ 1.579,00 ; R$ 1.593,00 ; R$ 1.571,50 ; R$ 1.592,00 
29/04/2011; R$ 1.577,00 ; R$ 1.579,00 ; R$ 1.570,50 ; R$ 1.574,00 
28/04/2011; R$ 1.569,00 ; R$ 1.592,00 ; R$ 1.569,00 ; R$ 1.578,50 
27/04/2011; R$ 1.558,00 ; R$ 1.571,50 ; R$ 1.557,00 ; R$ 1.564,00 
26/04/2011; R$ 1.566,00 ; R$ 1.568,00 ; R$ 1.561,00 ; R$ 1.562,00 
25/04/2011; R$ 1.562,00 ; R$ 1.576,50 ; R$ 1.562,00 ; R$ 1.569,50 
20/04/2011; R$ 1.564,50 ; R$ 1.584,00 ; R$ 1.563,00 ; R$ 1.566,00 
19/04/2011; R$ 1.584,50 ; R$ 1.586,00 ; R$ 1.574,50 ; R$ 1.576,50 
18/04/2011; R$ 1.586,50 ; R$ 1.600,50 ; R$ 1.567,50 ; R$ 1.591,00 
15/04/2011; R$ 1.580,00 ; R$ 1.583,50 ; R$ 1.574,00 ; R$ 1.577,00 
14/04/2011; R$ 1.592,50 ; R$ 1.593,00 ; R$ 1.580,00 ; R$ 1.585,50 
13/04/2011; R$ 1.587,00 ; R$ 1.599,50 ; R$ 1.583,50 ; R$ 1.588,00 
12/04/2011; R$ 1.587,50 ; R$ 1.598,00 ; R$ 1.578,00 ; R$ 1.598,00 
11/04/2011; R$ 1.575,00 ; R$ 1.586,50 ; R$ 1.574,50 ; R$ 1.585,00 
08/04/2011; R$ 1.575,50 ; R$ 1.581,50 ; R$ 1.570,00 ; R$ 1.571,50 
07/04/2011; R$ 1.606,00 ; R$ 1.606,00 ; R$ 1.585,00 ; R$ 1.588,50 
06/04/2011; R$ 1.609,00 ; R$ 1.622,50 ; R$ 1.606,50 ; R$ 1.622,50 
05/04/2011; R$ 1.618,00 ; R$ 1.620,00 ; R$ 1.613,00 ; R$ 1.615,50 
04/04/2011; R$ 1.615,00 ; R$ 1.626,00 ; R$ 1.612,00 ; R$ 1.614,50 
01/04/2011; R$ 1.638,00 ; R$ 1.638,50 ; R$ 1.612,00 ; R$ 1.615,00 
31/03/2011; R$ 1.623,00 ; R$ 1.628,50 ; R$ 1.621,50 ; R$ 1.628,00 
30/03/2011; R$ 1.645,00 ; R$ 1.645,00 ; R$ 1.627,00 ; R$ 1.628,50 
29/03/2011; R$ 1.665,00 ; R$ 1.665,00 ; R$ 1.647,00 ; R$ 1.647,50 
28/03/2011; R$ 1.663,00 ; R$ 1.665,50 ; R$ 1.660,00 ; R$ 1.663,50 
25/03/2011; R$ 1.660,00 ; R$ 1.665,00 ; R$ 1.657,50 ; R$ 1.665,00 
24/03/2011; R$ 1.660,50 ; R$ 1.664,00 ; R$ 1.658,00 ; R$ 1.661,00 
23/03/2011; R$ 1.664,00 ; R$ 1.668,00 ; R$ 1.661,50 ; R$ 1.664,50 
22/03/2011; R$ 1.667,50 ; R$ 1.670,00 ; R$ 1.663,00 ; R$ 1.663,00 
21/03/2011; R$ 1.666,00 ; R$ 1.672,50 ; R$ 1.664,00 ; R$ 1.670,50 
18/03/2011; R$ 1.676,50 ; R$ 1.682,00 ; R$ 1.671,00 ; R$ 1.672,00 
17/03/2011; R$ 1.678,50 ; R$ 1.699,50 ; R$ 1.673,00 ; R$ 1.685,00 
16/03/2011; R$ 1.670,00 ; R$ 1.684,50 ; R$ 1.667,00 ; R$ 1.681,50 
15/03/2011; R$ 1.677,50 ; R$ 1.685,00 ; R$ 1.672,00 ; R$ 1.672,00 
14/03/2011; R$ 1.672,50 ; R$ 1.674,50 ; R$ 1.666,00 ; R$ 1.666,00 
11/03/2011; R$ 1.672,50 ; R$ 1.676,50 ; R$ 1.668,00 ; R$ 1.672,50 
10/03/2011; R$ 1.664,00 ; R$ 1.672,00 ; R$ 1.664,00 ; R$ 1.670,00 
09/03/2011; R$ 1.661,00 ; R$ 1.666,00 ; R$ 1.661,00 ; R$ 1.663,00 
04/03/2011; R$ 1.658,00 ; R$ 1.663,50 ; R$ 1.651,50 ; R$ 1.663,50 
03/03/2011; R$ 1.665,00 ; R$ 1.666,00 ; R$ 1.658,00 ; R$ 1.658,00 
02/03/2011; R$ 1.670,00 ; R$ 1.673,00 ; R$ 1.666,50 ; R$ 1.666,50 
01/03/2011; R$ 1.672,00 ; R$ 1.673,50 ; R$ 1.669,00 ; R$ 1.672,50 
28/02/2011; R$ 1.660,50 ; R$ 1.662,50 ; R$ 1.657,00 ; R$ 1.660,50 
25/02/2011; R$ 1.662,50 ; R$ 1.664,00 ; R$ 1.657,50 ; R$ 1.663,00 
24/02/2011; R$ 1.672,00 ; R$ 1.672,50 ; R$ 1.662,50 ; R$ 1.663,00 
23/02/2011; R$ 1.669,50 ; R$ 1.677,50 ; R$ 1.667,50 ; R$ 1.675,00 
22/02/2011; R$ 1.672,00 ; R$ 1.674,50 ; R$ 1.666,00 ; R$ 1.674,00 
21/02/2011; R$ 1.666,50 ; R$ 1.672,00 ; R$ 1.666,50 ; R$ 1.671,00 
18/02/2011; R$ 1.667,00 ; R$ 1.672,50 ; R$ 1.662,50 ; R$ 1.665,50 
17/02/2011; R$ 1.674,00 ; R$ 1.674,50 ; R$ 1.664,50 ; R$ 1.664,50 
16/02/2011; R$ 1.671,50 ; R$ 1.678,50 ; R$ 1.671,00 ; R$ 1.674,50 
15/02/2011; R$ 1.670,50 ; R$ 1.676,00 ; R$ 1.669,00 ; R$ 1.675,00 
14/02/2011; R$ 1.673,00 ; R$ 1.676,00 ; R$ 1.671,50 ; R$ 1.673,50 
11/02/2011; R$ 1.680,00 ; R$ 1.681,00 ; R$ 1.669,50 ; R$ 1.669,50 
10/02/2011; R$ 1.671,00 ; R$ 1.678,00 ; R$ 1.670,50 ; R$ 1.675,00 
09/02/2011; R$ 1.675,50 ; R$ 1.678,50 ; R$ 1.666,50 ; R$ 1.667,50 
08/02/2011; R$ 1.684,00 ; R$ 1.686,00 ; R$ 1.671,50 ; R$ 1.673,50 
07/02/2011; R$ 1.683,00 ; R$ 1.688,50 ; R$ 1.682,50 ; R$ 1.688,50 
04/02/2011; R$ 1.677,50 ; R$ 1.687,00 ; R$ 1.674,50 ; R$ 1.682,50 
03/02/2011; R$ 1.678,50 ; R$ 1.682,50 ; R$ 1.676,00 ; R$ 1.678,00 
02/02/2011; R$ 1.676,00 ; R$ 1.679,00 ; R$ 1.674,00 ; R$ 1.677,50 
01/02/2011; R$ 1.673,00 ; R$ 1.679,00 ; R$ 1.672,00 ; R$ 1.675,00 
31/01/2011; R$ 1.676,00 ; R$ 1.677,00 ; R$ 1.672,00 ; R$ 1.673,50 
28/01/2011; R$ 1.677,50 ; R$ 1.687,50 ; R$ 1.674,50 ; R$ 1.684,50 
27/01/2011; R$ 1.666,00 ; R$ 1.680,50 ; R$ 1.663,50 ; R$ 1.679,00 
26/01/2011; R$ 1.669,50 ; R$ 1.672,50 ; R$ 1.668,50 ; R$ 1.668,50 
24/01/2011; R$ 1.685,00 ; R$ 1.685,00 ; R$ 1.671,00 ; R$ 1.674,00 
21/01/2011; R$ 1.678,50 ; R$ 1.682,00 ; R$ 1.672,00 ; R$ 1.680,50 
20/01/2011; R$ 1.676,50 ; R$ 1.680,50 ; R$ 1.670,50 ; R$ 1.677,00 
19/01/2011; R$ 1.678,00 ; R$ 1.678,00 ; R$ 1.672,00 ; R$ 1.675,00 
18/01/2011; R$ 1.680,50 ; R$ 1.683,00 ; R$ 1.676,00 ; R$ 1.680,00 
17/01/2011; R$ 1.687,00 ; R$ 1.692,00 ; R$ 1.685,00 ; R$ 1.686,50 
14/01/2011; R$ 1.690,00 ; R$ 1.695,00 ; R$ 1.686,50 ; R$ 1.692,00 
13/01/2011; R$ 1.681,50 ; R$ 1.681,50 ; R$ 1.673,00 ; R$ 1.679,00 
12/01/2011; R$ 1.687,00 ; R$ 1.689,00 ; R$ 1.680,00 ; R$ 1.681,00 
11/01/2011; R$ 1.700,00 ; R$ 1.700,00 ; R$ 1.691,50 ; R$ 1.691,50 
10/01/2011; R$ 1.699,00 ; R$ 1.705,00 ; R$ 1.695,00 ; R$ 1.697,00 
07/01/2011; R$ 1.698,00 ; R$ 1.699,00 ; R$ 1.685,00 ; R$ 1.691,00 
06/01/2011; R$ 1.692,00 ; R$ 1.701,00 ; R$ 1.682,00 ; R$ 1.694,50 
05/01/2011; R$ 1.676,50 ; R$ 1.685,00 ; R$ 1.670,00 ; R$ 1.683,00 
04/01/2011; R$ 1.662,00 ; R$ 1.681,50 ; R$ 1.660,00 ; R$ 1.670,00 
03/01/2011; R$ 1.670,00 ; R$ 1.674,00 ; R$ 1.654,50 ; R$ 1.657,50 
30/12/2010; R$ 1.675,00 ; R$ 1.675,00 ; R$ 1.665,00 ; R$ 1.665,00 
29/12/2010; R$ 1.688,50 ; R$ 1.692,00 ; R$ 1.677,00 ; R$ 1.679,50 
28/12/2010; R$ 1.686,00 ; R$ 1.693,00 ; R$ 1.679,50 ; R$ 1.692,00 
27/12/2010; R$ 1.697,50 ; R$ 1.697,50 ; R$ 1.686,00 ; R$ 1.686,50 
23/12/2010; R$ 1.700,50 ; R$ 1.704,00 ; R$ 1.692,50 ; R$ 1.693,50 
22/12/2010; R$ 1.697,50 ; R$ 1.705,50 ; R$ 1.696,00 ; R$ 1.703,50 
21/12/2010; R$ 1.708,00 ; R$ 1.708,00 ; R$ 1.698,00 ; R$ 1.700,00 
20/12/2010; R$ 1.719,00 ; R$ 1.719,00 ; R$ 1.711,00 ; R$ 1.711,00 
17/12/2010; R$ 1.704,00 ; R$ 1.723,00 ; R$ 1.704,00 ; R$ 1.720,00 
16/12/2010; R$ 1.709,50 ; R$ 1.718,00 ; R$ 1.705,50 ; R$ 1.708,00 
15/12/2010; R$ 1.706,50 ; R$ 1.717,00 ; R$ 1.701,00 ; R$ 1.717,00 
14/12/2010; R$ 1.699,50 ; R$ 1.707,00 ; R$ 1.696,00 ; R$ 1.704,00 
13/12/2010; R$ 1.710,00 ; R$ 1.718,00 ; R$ 1.702,00 ; R$ 1.702,00 
10/12/2010; R$ 1.713,50 ; R$ 1.729,50 ; R$ 1.711,00 ; R$ 1.716,00 
09/12/2010; R$ 1.698,50 ; R$ 1.724,00 ; R$ 1.697,00 ; R$ 1.719,00 
08/12/2010; R$ 1.695,00 ; R$ 1.706,50 ; R$ 1.689,50 ; R$ 1.699,00 
07/12/2010; R$ 1.681,50 ; R$ 1.693,00 ; R$ 1.678,50 ; R$ 1.692,50 
06/12/2010; R$ 1.702,00 ; R$ 1.703,00 ; R$ 1.685,00 ; R$ 1.685,00 
03/12/2010; R$ 1.706,00 ; R$ 1.713,00 ; R$ 1.695,00 ; R$ 1.697,50 
02/12/2010; R$ 1.714,50 ; R$ 1.719,00 ; R$ 1.708,00 ; R$ 1.708,00 
01/12/2010; R$ 1.717,00 ; R$ 1.721,50 ; R$ 1.714,50 ; R$ 1.717,50 
30/11/2010; R$ 1.717,00 ; R$ 1.724,50 ; R$ 1.715,00 ; R$ 1.716,50 
29/11/2010; R$ 1.728,00 ; R$ 1.735,50 ; R$ 1.717,00 ; R$ 1.720,00 
26/11/2010; R$ 1.737,00 ; R$ 1.739,00 ; R$ 1.724,50 ; R$ 1.729,00 
25/11/2010; R$ 1.726,50 ; R$ 1.727,00 ; R$ 1.719,00 ; R$ 1.722,50 
24/11/2010; R$ 1.734,00 ; R$ 1.735,00 ; R$ 1.721,00 ; R$ 1.723,00 
23/11/2010; R$ 1.733,50 ; R$ 1.742,00 ; R$ 1.726,00 ; R$ 1.738,50 
22/11/2010; R$ 1.717,00 ; R$ 1.733,50 ; R$ 1.713,00 ; R$ 1.724,00 
19/11/2010; R$ 1.715,00 ; R$ 1.728,00 ; R$ 1.713,00 ; R$ 1.718,00 
18/11/2010; R$ 1.721,50 ; R$ 1.725,00 ; R$ 1.715,00 ; R$ 1.715,50 
17/11/2010; R$ 1.739,50 ; R$ 1.746,50 ; R$ 1.728,50 ; R$ 1.731,50 
16/11/2010; R$ 1.735,00 ; R$ 1.747,50 ; R$ 1.728,00 ; R$ 1.747,00 
12/11/2010; R$ 1.726,00 ; R$ 1.734,00 ; R$ 1.718,50 ; R$ 1.728,00 
11/11/2010; R$ 1.716,50 ; R$ 1.730,00 ; R$ 1.715,00 ; R$ 1.722,50 
10/11/2010; R$ 1.711,00 ; R$ 1.725,00 ; R$ 1.706,50 ; R$ 1.714,50 
09/11/2010; R$ 1.700,50 ; R$ 1.710,50 ; R$ 1.698,00 ; R$ 1.709,00 
08/11/2010; R$ 1.696,00 ; R$ 1.710,00 ; R$ 1.696,00 ; R$ 1.707,50 
05/11/2010; R$ 1.688,50 ; R$ 1.693,00 ; R$ 1.684,00 ; R$ 1.688,50 
04/11/2010; R$ 1.696,00 ; R$ 1.697,50 ; R$ 1.678,50 ; R$ 1.679,00 
03/11/2010; R$ 1.704,00 ; R$ 1.715,00 ; R$ 1.698,50 ; R$ 1.701,00 
01/11/2010; R$ 1.708,50 ; R$ 1.720,00 ; R$ 1.703,50 ; R$ 1.715,50 
29/10/2010; R$ 1.706,00 ; R$ 1.710,50 ; R$ 1.700,00 ; R$ 1.701,00 
28/10/2010; R$ 1.714,00 ; R$ 1.718,00 ; R$ 1.705,00 ; R$ 1.706,00 
27/10/2010; R$ 1.708,50 ; R$ 1.726,00 ; R$ 1.703,50 ; R$ 1.723,00 
26/10/2010; R$ 1.697,00 ; R$ 1.711,00 ; R$ 1.696,00 ; R$ 1.708,00 
25/10/2010; R$ 1.700,00 ; R$ 1.714,50 ; R$ 1.697,00 ; R$ 1.698,50 
22/10/2010; R$ 1.699,50 ; R$ 1.714,00 ; R$ 1.692,00 ; R$ 1.709,00 
21/10/2010; R$ 1.676,00 ; R$ 1.705,50 ; R$ 1.674,50 ; R$ 1.699,00 
20/10/2010; R$ 1.676,00 ; R$ 1.683,50 ; R$ 1.674,00 ; R$ 1.681,00 
19/10/2010; R$ 1.688,00 ; R$ 1.703,50 ; R$ 1.684,50 ; R$ 1.689,00 
18/10/2010; R$ 1.675,50 ; R$ 1.682,00 ; R$ 1.663,50 ; R$ 1.678,00 
15/10/2010; R$ 1.664,00 ; R$ 1.673,00 ; R$ 1.656,50 ; R$ 1.671,00 
14/10/2010; R$ 1.653,50 ; R$ 1.671,50 ; R$ 1.650,00 ; R$ 1.666,00 
13/10/2010; R$ 1.669,00 ; R$ 1.670,00 ; R$ 1.658,50 ; R$ 1.660,00 
11/10/2010; R$ 1.669,00 ; R$ 1.678,00 ; R$ 1.669,00 ; R$ 1.676,00 
08/10/2010; R$ 1.695,50 ; R$ 1.699,00 ; R$ 1.672,00 ; R$ 1.673,00 
07/10/2010; R$ 1.683,50 ; R$ 1.697,00 ; R$ 1.676,50 ; R$ 1.689,50 
06/10/2010; R$ 1.674,50 ; R$ 1.698,50 ; R$ 1.674,50 ; R$ 1.688,50 
05/10/2010; R$ 1.711,50 ; R$ 1.711,50 ; R$ 1.672,50 ; R$ 1.672,50 
04/10/2010; R$ 1.695,00 ; R$ 1.712,00 ; R$ 1.691,50 ; R$ 1.707,50 
01/10/2010; R$ 1.693,00 ; R$ 1.701,50 ; R$ 1.684,00 ; R$ 1.700,50 
30/09/2010; R$ 1.699,50 ; R$ 1.701,50 ; R$ 1.693,00 ; R$ 1.694,00 
29/09/2010; R$ 1.705,00 ; R$ 1.708,50 ; R$ 1.701,00 ; R$ 1.702,50 
28/09/2010; R$ 1.714,00 ; R$ 1.714,00 ; R$ 1.705,50 ; R$ 1.708,00 
27/09/2010; R$ 1.711,00 ; R$ 1.715,00 ; R$ 1.709,00 ; R$ 1.711,50 
24/09/2010; R$ 1.721,00 ; R$ 1.725,00 ; R$ 1.710,50 ; R$ 1.714,00 
23/09/2010; R$ 1.725,00 ; R$ 1.727,50 ; R$ 1.717,50 ; R$ 1.725,50 
22/09/2010; R$ 1.715,00 ; R$ 1.727,00 ; R$ 1.706,50 ; R$ 1.721,50 
21/09/2010; R$ 1.734,50 ; R$ 1.737,50 ; R$ 1.713,50 ; R$ 1.714,50 
20/09/2010; R$ 1.721,00 ; R$ 1.739,50 ; R$ 1.718,00 ; R$ 1.739,00 
17/09/2010; R$ 1.717,00 ; R$ 1.727,50 ; R$ 1.716,50 ; R$ 1.726,00 
16/09/2010; R$ 1.727,00 ; R$ 1.729,50 ; R$ 1.716,50 ; R$ 1.716,50 
15/09/2010; R$ 1.711,50 ; R$ 1.734,00 ; R$ 1.711,50 ; R$ 1.728,50 
14/09/2010; R$ 1.719,50 ; R$ 1.722,00 ; R$ 1.709,00 ; R$ 1.714,00 
13/09/2010; R$ 1.723,00 ; R$ 1.725,00 ; R$ 1.716,00 ; R$ 1.717,00 
10/09/2010; R$ 1.727,50 ; R$ 1.729,50 ; R$ 1.723,00 ; R$ 1.727,00 
09/09/2010; R$ 1.732,00 ; R$ 1.735,00 ; R$ 1.727,50 ; R$ 1.729,50 
08/09/2010; R$ 1.741,00 ; R$ 1.742,00 ; R$ 1.728,50 ; R$ 1.734,00 
06/09/2010; R$ 1.739,00 ; R$ 1.745,00 ; R$ 1.732,50 ; R$ 1.737,00 
03/09/2010; R$ 1.735,00 ; R$ 1.745,50 ; R$ 1.725,50 ; R$ 1.743,50 
02/09/2010; R$ 1.755,00 ; R$ 1.755,00 ; R$ 1.735,00 ; R$ 1.735,50 
01/09/2010; R$ 1.758,50 ; R$ 1.759,50 ; R$ 1.749,50 ; R$ 1.755,50 
31/08/2010; R$ 1.763,00 ; R$ 1.763,50 ; R$ 1.754,00 ; R$ 1.756,00 
30/08/2010; R$ 1.750,50 ; R$ 1.762,00 ; R$ 1.750,50 ; R$ 1.761,50 
27/08/2010; R$ 1.761,50 ; R$ 1.762,00 ; R$ 1.750,00 ; R$ 1.751,00 
26/08/2010; R$ 1.762,50 ; R$ 1.764,50 ; R$ 1.759,50 ; R$ 1.764,50 
25/08/2010; R$ 1.771,00 ; R$ 1.780,00 ; R$ 1.765,00 ; R$ 1.765,00 
24/08/2010; R$ 1.778,50 ; R$ 1.790,00 ; R$ 1.765,50 ; R$ 1.772,00 
23/08/2010; R$ 1.757,00 ; R$ 1.774,00 ; R$ 1.754,50 ; R$ 1.773,50 
20/08/2010; R$ 1.767,00 ; R$ 1.769,00 ; R$ 1.759,00 ; R$ 1.761,00 
19/08/2010; R$ 1.759,50 ; R$ 1.769,00 ; R$ 1.758,50 ; R$ 1.761,00 
18/08/2010; R$ 1.760,00 ; R$ 1.760,00 ; R$ 1.753,00 ; R$ 1.758,00 
17/08/2010; R$ 1.757,50 ; R$ 1.761,50 ; R$ 1.755,50 ; R$ 1.761,00 
16/08/2010; R$ 1.779,00 ; R$ 1.779,00 ; R$ 1.760,00 ; R$ 1.760,50 
13/08/2010; R$ 1.779,50 ; R$ 1.783,50 ; R$ 1.774,00 ; R$ 1.781,50 
12/08/2010; R$ 1.784,50 ; R$ 1.787,50 ; R$ 1.775,50 ; R$ 1.777,50 
11/08/2010; R$ 1.773,00 ; R$ 1.784,00 ; R$ 1.771,00 ; R$ 1.783,00 
10/08/2010; R$ 1.766,00 ; R$ 1.772,50 ; R$ 1.762,00 ; R$ 1.763,00 
09/08/2010; R$ 1.767,00 ; R$ 1.767,50 ; R$ 1.758,50 ; R$ 1.759,00 
06/08/2010; R$ 1.763,50 ; R$ 1.772,50 ; R$ 1.762,50 ; R$ 1.770,50 
05/08/2010; R$ 1.760,50 ; R$ 1.769,00 ; R$ 1.760,50 ; R$ 1.762,00 
04/08/2010; R$ 1.769,50 ; R$ 1.773,00 ; R$ 1.760,00 ; R$ 1.764,00 
03/08/2010; R$ 1.764,50 ; R$ 1.774,00 ; R$ 1.762,50 ; R$ 1.770,00 
02/08/2010; R$ 1.761,50 ; R$ 1.765,50 ; R$ 1.756,50 ; R$ 1.764,00 
30/07/2010; R$ 1.761,24 ; R$ 1.763,00 ; R$ 1.755,50 ; R$ 1.758,00 
29/07/2010; R$ 1.762,50 ; R$ 1.770,50 ; R$ 1.758,50 ; R$ 1.761,50 
28/07/2010; R$ 1.766,50 ; R$ 1.774,00 ; R$ 1.758,50 ; R$ 1.770,00 
27/07/2010; R$ 1.760,00 ; R$ 1.774,00 ; R$ 1.756,50 ; R$ 1.768,50 
26/07/2010; R$ 1.769,50 ; R$ 1.775,00 ; R$ 1.765,00 ; R$ 1.765,00 
23/07/2010; R$ 1.759,50 ; R$ 1.776,00 ; R$ 1.757,00 ; R$ 1.776,00 
22/07/2010; R$ 1.774,00 ; R$ 1.777,00 ; R$ 1.760,00 ; R$ 1.761,00 
21/07/2010; R$ 1.775,00 ; R$ 1.788,50 ; R$ 1.772,00 ; R$ 1.784,50 
20/07/2010; R$ 1.802,00 ; R$ 1.803,50 ; R$ 1.775,00 ; R$ 1.778,00 
19/07/2010; R$ 1.781,50 ; R$ 1.798,50 ; R$ 1.777,50 ; R$ 1.798,00 
16/07/2010; R$ 1.772,50 ; R$ 1.792,00 ; R$ 1.767,50 ; R$ 1.786,50 
15/07/2010; R$ 1.761,00 ; R$ 1.783,50 ; R$ 1.756,50 ; R$ 1.767,50 
14/07/2010; R$ 1.763,00 ; R$ 1.773,50 ; R$ 1.761,00 ; R$ 1.768,00 
13/07/2010; R$ 1.760,00 ; R$ 1.765,00 ; R$ 1.755,50 ; R$ 1.762,50 
12/07/2010; R$ 1.767,00 ; R$ 1.774,50 ; R$ 1.764,50 ; R$ 1.766,00 
08/07/2010; R$ 1.770,00 ; R$ 1.782,50 ; R$ 1.766,00 ; R$ 1.767,50 
07/07/2010; R$ 1.792,50 ; R$ 1.794,00 ; R$ 1.771,00 ; R$ 1.775,00 
06/07/2010; R$ 1.775,00 ; R$ 1.794,00 ; R$ 1.770,00 ; R$ 1.790,00 
05/07/2010; R$ 1.782,00 ; R$ 1.790,50 ; R$ 1.779,00 ; R$ 1.788,00 
02/07/2010; R$ 1.800,00 ; R$ 1.800,00 ; R$ 1.779,50 ; R$ 1.783,00 
01/07/2010; R$ 1.817,50 ; R$ 1.823,00 ; R$ 1.799,50 ; R$ 1.804,00 
30/06/2010; R$ 1.800,50 ; R$ 1.804,50 ; R$ 1.796,00 ; R$ 1.801,50 
29/06/2010; R$ 1.796,00 ; R$ 1.817,50 ; R$ 1.792,00 ; R$ 1.814,00 
28/06/2010; R$ 1.784,00 ; R$ 1.787,00 ; R$ 1.776,00 ; R$ 1.781,00 
25/06/2010; R$ 1.781,00 ; R$ 1.790,00 ; R$ 1.777,00 ; R$ 1.780,50 
24/06/2010; R$ 1.798,50 ; R$ 1.803,00 ; R$ 1.781,00 ; R$ 1.784,00 
23/06/2010; R$ 1.795,00 ; R$ 1.810,50 ; R$ 1.787,00 ; R$ 1.789,50 
22/06/2010; R$ 1.778,00 ; R$ 1.792,00 ; R$ 1.765,50 ; R$ 1.791,50 
21/06/2010; R$ 1.756,00 ; R$ 1.779,00 ; R$ 1.756,00 ; R$ 1.773,00 
18/06/2010; R$ 1.784,00 ; R$ 1.786,50 ; R$ 1.772,50 ; R$ 1.774,00 
17/06/2010; R$ 1.785,50 ; R$ 1.796,50 ; R$ 1.781,00 ; R$ 1.785,00 
16/06/2010; R$ 1.800,00 ; R$ 1.804,50 ; R$ 1.786,00 ; R$ 1.794,00 
15/06/2010; R$ 1.812,00 ; R$ 1.813,00 ; R$ 1.789,00 ; R$ 1.793,50 
14/06/2010; R$ 1.800,00 ; R$ 1.819,50 ; R$ 1.799,50 ; R$ 1.819,50 
11/06/2010; R$ 1.812,00 ; R$ 1.825,00 ; R$ 1.806,50 ; R$ 1.818,00 
10/06/2010; R$ 1.842,00 ; R$ 1.845,00 ; R$ 1.813,50 ; R$ 1.814,00 
09/06/2010; R$ 1.855,00 ; R$ 1.861,50 ; R$ 1.845,00 ; R$ 1.860,50 
08/06/2010; R$ 1.878,00 ; R$ 1.890,50 ; R$ 1.862,00 ; R$ 1.862,50 
07/06/2010; R$ 1.860,00 ; R$ 1.894,50 ; R$ 1.857,00 ; R$ 1.894,50 
04/06/2010; R$ 1.849,00 ; R$ 1.876,50 ; R$ 1.840,00 ; R$ 1.875,00 
02/06/2010; R$ 1.853,00 ; R$ 1.860,00 ; R$ 1.828,00 ; R$ 1.828,00 
01/06/2010; R$ 1.845,00 ; R$ 1.859,00 ; R$ 1.827,50 ; R$ 1.858,00 
31/05/2010; R$ 1.808,00 ; R$ 1.818,50 ; R$ 1.805,00 ; R$ 1.816,00 
28/05/2010; R$ 1.813,00 ; R$ 1.829,00 ; R$ 1.807,50 ; R$ 1.818,00 
27/05/2010; R$ 1.845,00 ; R$ 1.848,50 ; R$ 1.814,00 ; R$ 1.816,00 
26/05/2010; R$ 1.838,00 ; R$ 1.875,00 ; R$ 1.832,00 ; R$ 1.875,00 
25/05/2010; R$ 1.905,00 ; R$ 1.917,00 ; R$ 1.848,00 ; R$ 1.848,00 
24/05/2010; R$ 1.867,50 ; R$ 1.875,00 ; R$ 1.844,00 ; R$ 1.871,00 
21/05/2010; R$ 1.874,00 ; R$ 1.906,00 ; R$ 1.848,00 ; R$ 1.855,00 
20/05/2010; R$ 1.868,00 ; R$ 1.901,00 ; R$ 1.856,00 ; R$ 1.886,00 
19/05/2010; R$ 1.845,00 ; R$ 1.863,00 ; R$ 1.827,50 ; R$ 1.830,00 
18/05/2010; R$ 1.795,00 ; R$ 1.830,00 ; R$ 1.785,00 ; R$ 1.828,50 
17/05/2010; R$ 1.807,00 ; R$ 1.839,00 ; R$ 1.798,00 ; R$ 1.806,00 
14/05/2010; R$ 1.791,00 ; R$ 1.824,00 ; R$ 1.786,00 ; R$ 1.804,50 
13/05/2010; R$ 1.775,00 ; R$ 1.787,50 ; R$ 1.772,50 ; R$ 1.782,00 
12/05/2010; R$ 1.788,00 ; R$ 1.788,50 ; R$ 1.774,50 ; R$ 1.781,00 
11/05/2010; R$ 1.795,00 ; R$ 1.799,00 ; R$ 1.781,50 ; R$ 1.799,00 
10/05/2010; R$ 1.795,00 ; R$ 1.803,50 ; R$ 1.777,50 ; R$ 1.781,00 
07/05/2010; R$ 1.855,00 ; R$ 1.884,00 ; R$ 1.829,50 ; R$ 1.848,00 
06/05/2010; R$ 1.810,00 ; R$ 1.905,00 ; R$ 1.804,00 ; R$ 1.865,00 
05/05/2010; R$ 1.779,50 ; R$ 1.809,00 ; R$ 1.776,00 ; R$ 1.803,00 
04/05/2010; R$ 1.751,00 ; R$ 1.774,00 ; R$ 1.748,50 ; R$ 1.773,00 
03/05/2010; R$ 1.744,50 ; R$ 1.747,00 ; R$ 1.737,00 ; R$ 1.737,00 
30/04/2010; R$ 1.720,00 ; R$ 1.731,00 ; R$ 1.720,00 ; R$ 1.730,00 
29/04/2010; R$ 1.741,00 ; R$ 1.741,00 ; R$ 1.723,50 ; R$ 1.726,00 
28/04/2010; R$ 1.765,00 ; R$ 1.769,00 ; R$ 1.748,00 ; R$ 1.748,00 
27/04/2010; R$ 1.751,00 ; R$ 1.774,00 ; R$ 1.751,00 ; R$ 1.774,00 
26/04/2010; R$ 1.749,00 ; R$ 1.751,00 ; R$ 1.744,50 ; R$ 1.747,50 
23/04/2010; R$ 1.762,50 ; R$ 1.770,00 ; R$ 1.757,50 ; R$ 1.759,00 
22/04/2010; R$ 1.760,00 ; R$ 1.774,50 ; R$ 1.759,00 ; R$ 1.766,00 
20/04/2010; R$ 1.752,00 ; R$ 1.757,00 ; R$ 1.749,50 ; R$ 1.753,50 
19/04/2010; R$ 1.768,00 ; R$ 1.772,50 ; R$ 1.756,00 ; R$ 1.757,00 
16/04/2010; R$ 1.757,50 ; R$ 1.771,00 ; R$ 1.748,50 ; R$ 1.762,50 
15/04/2010; R$ 1.758,50 ; R$ 1.763,50 ; R$ 1.738,00 ; R$ 1.754,00 
14/04/2010; R$ 1.751,00 ; R$ 1.756,00 ; R$ 1.747,50 ; R$ 1.753,00 
13/04/2010; R$ 1.763,50 ; R$ 1.774,50 ; R$ 1.755,50 ; R$ 1.755,50 
12/04/2010; R$ 1.774,00 ; R$ 1.776,50 ; R$ 1.760,50 ; R$ 1.760,50 
09/04/2010; R$ 1.781,50 ; R$ 1.783,50 ; R$ 1.770,50 ; R$ 1.771,50 
08/04/2010; R$ 1.795,00 ; R$ 1.797,50 ; R$ 1.780,00 ; R$ 1.788,50 
07/04/2010; R$ 1.767,50 ; R$ 1.789,50 ; R$ 1.762,00 ; R$ 1.789,00 
06/04/2010; R$ 1.776,00 ; R$ 1.779,50 ; R$ 1.761,00 ; R$ 1.761,50 
05/04/2010; R$ 1.772,00 ; R$ 1.773,50 ; R$ 1.763,00 ; R$ 1.771,50 
01/04/2010; R$ 1.788,00 ; R$ 1.790,00 ; R$ 1.774,00 ; R$ 1.776,50 
31/03/2010; R$ 1.786,00 ; R$ 1.786,50 ; R$ 1.779,00 ; R$ 1.780,50 
30/03/2010; R$ 1.790,50 ; R$ 1.800,00 ; R$ 1.789,00 ; R$ 1.790,00 
29/03/2010; R$ 1.812,00 ; R$ 1.815,00 ; R$ 1.795,50 ; R$ 1.795,50 
26/03/2010; R$ 1.813,00 ; R$ 1.832,00 ; R$ 1.810,00 ; R$ 1.824,00 
25/03/2010; R$ 1.794,00 ; R$ 1.821,00 ; R$ 1.793,00 ; R$ 1.820,50 
24/03/2010; R$ 1.787,50 ; R$ 1.804,50 ; R$ 1.784,00 ; R$ 1.804,00 
23/03/2010; R$ 1.797,00 ; R$ 1.797,50 ; R$ 1.778,50 ; R$ 1.778,50 
22/03/2010; R$ 1.813,50 ; R$ 1.816,00 ; R$ 1.792,00 ; R$ 1.792,50 
19/03/2010; R$ 1.800,00 ; R$ 1.806,00 ; R$ 1.792,00 ; R$ 1.805,50 
18/03/2010; R$ 1.785,00 ; R$ 1.797,00 ; R$ 1.775,50 ; R$ 1.795,00 
17/03/2010; R$ 1.778,00 ; R$ 1.778,00 ; R$ 1.764,00 ; R$ 1.770,00 
16/03/2010; R$ 1.766,00 ; R$ 1.776,50 ; R$ 1.766,00 ; R$ 1.772,00 
15/03/2010; R$ 1.773,00 ; R$ 1.774,50 ; R$ 1.766,00 ; R$ 1.771,00 
12/03/2010; R$ 1.766,50 ; R$ 1.775,00 ; R$ 1.763,50 ; R$ 1.768,50 
11/03/2010; R$ 1.777,00 ; R$ 1.782,50 ; R$ 1.770,00 ; R$ 1.771,00 
10/03/2010; R$ 1.780,00 ; R$ 1.789,00 ; R$ 1.773,00 ; R$ 1.778,00 
09/03/2010; R$ 1.804,00 ; R$ 1.808,50 ; R$ 1.783,00 ; R$ 1.783,00 
08/03/2010; R$ 1.781,00 ; R$ 1.799,50 ; R$ 1.779,50 ; R$ 1.796,00 
05/03/2010; R$ 1.794,00 ; R$ 1.799,00 ; R$ 1.785,50 ; R$ 1.787,00 
04/03/2010; R$ 1.802,50 ; R$ 1.805,00 ; R$ 1.792,00 ; R$ 1.798,50 
03/03/2010; R$ 1.798,00 ; R$ 1.804,00 ; R$ 1.785,00 ; R$ 1.802,50 
02/03/2010; R$ 1.807,50 ; R$ 1.807,50 ; R$ 1.792,00 ; R$ 1.803,00 
01/03/2010; R$ 1.822,00 ; R$ 1.825,50 ; R$ 1.806,00 ; R$ 1.809,00 
26/02/2010; R$ 1.819,00 ; R$ 1.822,00 ; R$ 1.810,00 ; R$ 1.810,00 
25/02/2010; R$ 1.832,00 ; R$ 1.841,00 ; R$ 1.822,50 ; R$ 1.825,00 
24/02/2010; R$ 1.824,00 ; R$ 1.828,00 ; R$ 1.817,50 ; R$ 1.826,00 
23/02/2010; R$ 1.819,00 ; R$ 1.832,50 ; R$ 1.815,00 ; R$ 1.828,00 
22/02/2010; R$ 1.805,00 ; R$ 1.815,50 ; R$ 1.799,00 ; R$ 1.813,00 
19/02/2010; R$ 1.827,00 ; R$ 1.828,00 ; R$ 1.803,00 ; R$ 1.804,00 
18/02/2010; R$ 1.846,00 ; R$ 1.846,00 ; R$ 1.811,50 ; R$ 1.814,00 
17/02/2010; R$ 1.841,00 ; R$ 1.843,00 ; R$ 1.829,50 ; R$ 1.832,50 
12/02/2010; R$ 1.865,00 ; R$ 1.878,00 ; R$ 1.855,00 ; R$ 1.862,50 
11/02/2010; R$ 1.852,00 ; R$ 1.868,00 ; R$ 1.845,00 ; R$ 1.849,50 
10/02/2010; R$ 1.850,00 ; R$ 1.869,50 ; R$ 1.843,00 ; R$ 1.863,00 
09/02/2010; R$ 1.870,00 ; R$ 1.875,00 ; R$ 1.846,00 ; R$ 1.855,00 
08/02/2010; R$ 1.881,00 ; R$ 1.896,00 ; R$ 1.870,00 ; R$ 1.881,00 
05/02/2010; R$ 1.898,00 ; R$ 1.902,00 ; R$ 1.869,50 ; R$ 1.899,00 
04/02/2010; R$ 1.869,00 ; R$ 1.905,00 ; R$ 1.867,00 ; R$ 1.885,00 
03/02/2010; R$ 1.832,00 ; R$ 1.866,00 ; R$ 1.825,50 ; R$ 1.861,00 
02/02/2010; R$ 1.857,00 ; R$ 1.860,00 ; R$ 1.833,00 ; R$ 1.838,00 
01/02/2010; R$ 1.898,00 ; R$ 1.902,50 ; R$ 1.855,50 ; R$ 1.856,00 
29/01/2010; R$ 1.868,50 ; R$ 1.876,50 ; R$ 1.858,00 ; R$ 1.875,50 
28/01/2010; R$ 1.852,50 ; R$ 1.877,50 ; R$ 1.845,00 ; R$ 1.873,00 
27/01/2010; R$ 1.842,00 ; R$ 1.870,50 ; R$ 1.836,50 ; R$ 1.859,00 
26/01/2010; R$ 1.826,00 ; R$ 1.851,00 ; R$ 1.826,00 ; R$ 1.837,00 
22/01/2010; R$ 1.800,00 ; R$ 1.835,00 ; R$ 1.797,00 ; R$ 1.827,50 
21/01/2010; R$ 1.797,00 ; R$ 1.812,00 ; R$ 1.785,50 ; R$ 1.812,00 
20/01/2010; R$ 1.786,00 ; R$ 1.798,00 ; R$ 1.784,50 ; R$ 1.793,00 
19/01/2010; R$ 1.778,00 ; R$ 1.785,50 ; R$ 1.774,00 ; R$ 1.774,00 
18/01/2010; R$ 1.774,50 ; R$ 1.782,50 ; R$ 1.769,50 ; R$ 1.771,50 
15/01/2010; R$ 1.775,00 ; R$ 1.779,00 ; R$ 1.767,00 ; R$ 1.776,00 
14/01/2010; R$ 1.762,00 ; R$ 1.777,50 ; R$ 1.759,00 ; R$ 1.762,00 
13/01/2010; R$ 1.750,00 ; R$ 1.767,00 ; R$ 1.744,00 ; R$ 1.763,00 
12/01/2010; R$ 1.747,00 ; R$ 1.754,50 ; R$ 1.742,00 ; R$ 1.753,00 
11/01/2010; R$ 1.726,00 ; R$ 1.745,00 ; R$ 1.720,00 ; R$ 1.744,00 
08/01/2010; R$ 1.754,00 ; R$ 1.759,00 ; R$ 1.731,00 ; R$ 1.734,00 
07/01/2010; R$ 1.746,50 ; R$ 1.757,00 ; R$ 1.742,00 ; R$ 1.757,00 
06/01/2010; R$ 1.739,00 ; R$ 1.746,50 ; R$ 1.734,50 ; R$ 1.736,00 
05/01/2010; R$ 1.730,00 ; R$ 1.747,00 ; R$ 1.725,50 ; R$ 1.744,50 
04/01/2010; R$ 1.740,00 ; R$ 1.743,50 ; R$ 1.727,00 ; R$ 1.733,00 
30/12/2009; R$ 1.747,50 ; R$ 1.748,00 ; R$ 1.738,50 ; R$ 1.741,50 
29/12/2009; R$ 1.734,00 ; R$ 1.746,00 ; R$ 1.729,50 ; R$ 1.740,00 
28/12/2009; R$ 1.753,00 ; R$ 1.753,00 ; R$ 1.734,00 ; R$ 1.743,00 
23/12/2009; R$ 1.782,00 ; R$ 1.783,50 ; R$ 1.753,50 ; R$ 1.760,00 
22/12/2009; R$ 1.782,00 ; R$ 1.791,50 ; R$ 1.780,50 ; R$ 1.782,00 
21/12/2009; R$ 1.784,50 ; R$ 1.793,00 ; R$ 1.773,50 ; R$ 1.788,50 
18/12/2009; R$ 1.784,00 ; R$ 1.804,00 ; R$ 1.781,50 ; R$ 1.783,00 
17/12/2009; R$ 1.772,00 ; R$ 1.800,00 ; R$ 1.772,00 ; R$ 1.787,00 
16/12/2009; R$ 1.754,50 ; R$ 1.761,00 ; R$ 1.750,00 ; R$ 1.758,00 
15/12/2009; R$ 1.760,00 ; R$ 1.772,00 ; R$ 1.753,50 ; R$ 1.757,00 
14/12/2009; R$ 1.757,00 ; R$ 1.761,50 ; R$ 1.746,50 ; R$ 1.749,50 
11/12/2009; R$ 1.759,00 ; R$ 1.773,50 ; R$ 1.753,50 ; R$ 1.767,00 
10/12/2009; R$ 1.760,00 ; R$ 1.781,00 ; R$ 1.757,00 ; R$ 1.763,00 
09/12/2009; R$ 1.757,00 ; R$ 1.782,00 ; R$ 1.754,00 ; R$ 1.770,00 
08/12/2009; R$ 1.737,00 ; R$ 1.773,00 ; R$ 1.736,50 ; R$ 1.772,50 
07/12/2009; R$ 1.734,00 ; R$ 1.750,00 ; R$ 1.727,50 ; R$ 1.740,00 
04/12/2009; R$ 1.718,50 ; R$ 1.741,50 ; R$ 1.708,50 ; R$ 1.740,50 
03/12/2009; R$ 1.722,00 ; R$ 1.724,00 ; R$ 1.713,00 ; R$ 1.720,00 
02/12/2009; R$ 1.730,00 ; R$ 1.735,00 ; R$ 1.726,00 ; R$ 1.728,00 
01/12/2009; R$ 1.753,50 ; R$ 1.756,50 ; R$ 1.730,50 ; R$ 1.731,00 
30/11/2009; R$ 1.734,00 ; R$ 1.753,00 ; R$ 1.733,00 ; R$ 1.753,00 
27/11/2009; R$ 1.758,00 ; R$ 1.761,50 ; R$ 1.732,00 ; R$ 1.741,50 
26/11/2009; R$ 1.734,50 ; R$ 1.755,00 ; R$ 1.731,50 ; R$ 1.748,00 
25/11/2009; R$ 1.728,00 ; R$ 1.737,50 ; R$ 1.721,50 ; R$ 1.724,50 
24/11/2009; R$ 1.729,00 ; R$ 1.739,50 ; R$ 1.723,00 ; R$ 1.736,00 
23/11/2009; R$ 1.718,50 ; R$ 1.733,50 ; R$ 1.717,00 ; R$ 1.731,00 
19/11/2009; R$ 1.730,00 ; R$ 1.743,00 ; R$ 1.723,50 ; R$ 1.733,50 
18/11/2009; R$ 1.712,00 ; R$ 1.731,50 ; R$ 1.708,50 ; R$ 1.731,50 
17/11/2009; R$ 1.725,00 ; R$ 1.732,00 ; R$ 1.715,00 ; R$ 1.718,00 
16/11/2009; R$ 1.722,50 ; R$ 1.724,00 ; R$ 1.713,00 ; R$ 1.716,50 
13/11/2009; R$ 1.735,00 ; R$ 1.749,00 ; R$ 1.721,00 ; R$ 1.727,00 
12/11/2009; R$ 1.725,00 ; R$ 1.746,00 ; R$ 1.721,50 ; R$ 1.742,00 
11/11/2009; R$ 1.710,00 ; R$ 1.731,00 ; R$ 1.706,00 ; R$ 1.725,00 
10/11/2009; R$ 1.707,00 ; R$ 1.725,00 ; R$ 1.706,00 ; R$ 1.715,00 
09/11/2009; R$ 1.714,00 ; R$ 1.723,00 ; R$ 1.705,00 ; R$ 1.705,50 
06/11/2009; R$ 1.720,50 ; R$ 1.735,50 ; R$ 1.720,00 ; R$ 1.728,00 
05/11/2009; R$ 1.738,00 ; R$ 1.740,00 ; R$ 1.725,00 ; R$ 1.725,00 
04/11/2009; R$ 1.742,00 ; R$ 1.744,00 ; R$ 1.728,00 ; R$ 1.728,00 
03/11/2009; R$ 1.780,50 ; R$ 1.789,50 ; R$ 1.746,00 ; R$ 1.754,00 
30/10/2009; R$ 1.731,50 ; R$ 1.753,00 ; R$ 1.722,00 ; R$ 1.746,00 
29/10/2009; R$ 1.764,00 ; R$ 1.778,00 ; R$ 1.726,00 ; R$ 1.733,00 
28/10/2009; R$ 1.752,00 ; R$ 1.781,00 ; R$ 1.733,00 ; R$ 1.779,50 
27/10/2009; R$ 1.730,00 ; R$ 1.748,00 ; R$ 1.728,00 ; R$ 1.747,00 
26/10/2009; R$ 1.712,00 ; R$ 1.745,00 ; R$ 1.704,00 ; R$ 1.735,50 
23/10/2009; R$ 1.717,00 ; R$ 1.723,00 ; R$ 1.711,00 ; R$ 1.716,00 
22/10/2009; R$ 1.738,00 ; R$ 1.744,00 ; R$ 1.720,00 ; R$ 1.722,00 
21/10/2009; R$ 1.765,00 ; R$ 1.771,00 ; R$ 1.725,50 ; R$ 1.740,00 
20/10/2009; R$ 1.740,00 ; R$ 1.769,00 ; R$ 1.734,00 ; R$ 1.755,00 
19/10/2009; R$ 1.715,00 ; R$ 1.723,50 ; R$ 1.708,50 ; R$ 1.722,50 
16/10/2009; R$ 1.719,00 ; R$ 1.729,00 ; R$ 1.708,50 ; R$ 1.716,00 
15/10/2009; R$ 1.715,00 ; R$ 1.719,00 ; R$ 1.701,00 ; R$ 1.706,50 
14/10/2009; R$ 1.721,00 ; R$ 1.722,00 ; R$ 1.706,00 ; R$ 1.706,00 
13/10/2009; R$ 1.737,00 ; R$ 1.745,00 ; R$ 1.726,00 ; R$ 1.728,00 
09/10/2009; R$ 1.746,00 ; R$ 1.751,00 ; R$ 1.742,00 ; R$ 1.747,50 
08/10/2009; R$ 1.750,00 ; R$ 1.759,00 ; R$ 1.740,00 ; R$ 1.740,00 
07/10/2009; R$ 1.769,50 ; R$ 1.778,00 ; R$ 1.755,00 ; R$ 1.756,00 
06/10/2009; R$ 1.759,50 ; R$ 1.767,50 ; R$ 1.752,00 ; R$ 1.767,00 
05/10/2009; R$ 1.779,00 ; R$ 1.787,00 ; R$ 1.768,00 ; R$ 1.768,50 
02/10/2009; R$ 1.800,00 ; R$ 1.814,50 ; R$ 1.780,50 ; R$ 1.788,50 
01/10/2009; R$ 1.780,50 ; R$ 1.800,00 ; R$ 1.774,00 ; R$ 1.794,50 
30/09/2009; R$ 1.780,00 ; R$ 1.788,50 ; R$ 1.776,00 ; R$ 1.777,50 
29/09/2009; R$ 1.791,00 ; R$ 1.796,00 ; R$ 1.786,00 ; R$ 1.788,00 
28/09/2009; R$ 1.791,00 ; R$ 1.796,00 ; R$ 1.784,00 ; R$ 1.788,00 
25/09/2009; R$ 1.798,50 ; R$ 1.815,00 ; R$ 1.789,00 ; R$ 1.789,00 
24/09/2009; R$ 1.790,00 ; R$ 1.815,00 ; R$ 1.782,50 ; R$ 1.803,00 
23/09/2009; R$ 1.793,00 ; R$ 1.801,50 ; R$ 1.782,00 ; R$ 1.798,50 
22/09/2009; R$ 1.815,00 ; R$ 1.816,50 ; R$ 1.794,00 ; R$ 1.794,50 
21/09/2009; R$ 1.818,00 ; R$ 1.829,50 ; R$ 1.815,50 ; R$ 1.829,50 
18/09/2009; R$ 1.809,00 ; R$ 1.814,50 ; R$ 1.801,00 ; R$ 1.814,50 
17/09/2009; R$ 1.806,00 ; R$ 1.818,50 ; R$ 1.802,00 ; R$ 1.812,00 
16/09/2009; R$ 1.807,00 ; R$ 1.809,00 ; R$ 1.797,00 ; R$ 1.799,50 
15/09/2009; R$ 1.817,00 ; R$ 1.824,00 ; R$ 1.805,00 ; R$ 1.807,00 
14/09/2009; R$ 1.839,00 ; R$ 1.840,00 ; R$ 1.813,50 ; R$ 1.816,50 
11/09/2009; R$ 1.812,00 ; R$ 1.836,00 ; R$ 1.809,00 ; R$ 1.835,00 
10/09/2009; R$ 1.843,00 ; R$ 1.845,00 ; R$ 1.816,00 ; R$ 1.817,00 
09/09/2009; R$ 1.830,00 ; R$ 1.845,50 ; R$ 1.824,50 ; R$ 1.841,00 
08/09/2009; R$ 1.831,00 ; R$ 1.838,00 ; R$ 1.829,50 ; R$ 1.835,50 
04/09/2009; R$ 1.865,00 ; R$ 1.870,00 ; R$ 1.844,00 ; R$ 1.852,50 
03/09/2009; R$ 1.880,00 ; R$ 1.887,50 ; R$ 1.868,00 ; R$ 1.869,50 
02/09/2009; R$ 1.915,00 ; R$ 1.930,00 ; R$ 1.889,00 ; R$ 1.893,00 
01/09/2009; R$ 1.894,00 ; R$ 1.924,50 ; R$ 1.876,00 ; R$ 1.921,50 
31/08/2009; R$ 1.895,00 ; R$ 1.903,00 ; R$ 1.880,00 ; R$ 1.885,00 
28/08/2009; R$ 1.862,00 ; R$ 1.887,50 ; R$ 1.860,00 ; R$ 1.880,50 
27/08/2009; R$ 1.855,00 ; R$ 1.890,50 ; R$ 1.853,50 ; R$ 1.866,00 
26/08/2009; R$ 1.864,50 ; R$ 1.875,50 ; R$ 1.858,50 ; R$ 1.862,00 
25/08/2009; R$ 1.838,00 ; R$ 1.861,00 ; R$ 1.829,00 ; R$ 1.861,00 
24/08/2009; R$ 1.828,00 ; R$ 1.846,00 ; R$ 1.826,00 ; R$ 1.841,00 
21/08/2009; R$ 1.836,00 ; R$ 1.839,00 ; R$ 1.818,00 ; R$ 1.832,00 
20/08/2009; R$ 1.834,00 ; R$ 1.857,00 ; R$ 1.834,00 ; R$ 1.847,00 
19/08/2009; R$ 1.858,00 ; R$ 1.868,00 ; R$ 1.830,50 ; R$ 1.845,00 
18/08/2009; R$ 1.870,00 ; R$ 1.875,00 ; R$ 1.844,50 ; R$ 1.846,00 
17/08/2009; R$ 1.885,00 ; R$ 1.887,00 ; R$ 1.860,50 ; R$ 1.881,50 
14/08/2009; R$ 1.829,00 ; R$ 1.861,50 ; R$ 1.822,00 ; R$ 1.858,00 
13/08/2009; R$ 1.828,00 ; R$ 1.844,50 ; R$ 1.825,00 ; R$ 1.829,00 
12/08/2009; R$ 1.856,00 ; R$ 1.857,50 ; R$ 1.835,50 ; R$ 1.848,00 
11/08/2009; R$ 1.855,00 ; R$ 1.868,00 ; R$ 1.845,50 ; R$ 1.854,00 
10/08/2009; R$ 1.825,00 ; R$ 1.860,00 ; R$ 1.825,00 ; R$ 1.846,50 
07/08/2009; R$ 1.847,00 ; R$ 1.847,00 ; R$ 1.825,00 ; R$ 1.832,00 
06/08/2009; R$ 1.820,00 ; R$ 1.855,00 ; R$ 1.819,00 ; R$ 1.855,00 
05/08/2009; R$ 1.825,00 ; R$ 1.847,00 ; R$ 1.816,00 ; R$ 1.819,00 
04/08/2009; R$ 1.847,00 ; R$ 1.851,00 ; R$ 1.824,50 ; R$ 1.826,00 
03/08/2009; R$ 1.865,00 ; R$ 1.865,00 ; R$ 1.836,50 ; R$ 1.838,00 
31/07/2009; R$ 1.874,00 ; R$ 1.884,00 ; R$ 1.870,00 ; R$ 1.872,00 
30/07/2009; R$ 1.884,00 ; R$ 1.886,00 ; R$ 1.873,00 ; R$ 1.881,50 
29/07/2009; R$ 1.895,00 ; R$ 1.910,00 ; R$ 1.886,00 ; R$ 1.895,00 
28/07/2009; R$ 1.875,00 ; R$ 1.896,50 ; R$ 1.875,00 ; R$ 1.883,50 
27/07/2009; R$ 1.890,00 ; R$ 1.900,00 ; R$ 1.872,50 ; R$ 1.875,50 
24/07/2009; R$ 1.892,00 ; R$ 1.904,50 ; R$ 1.890,00 ; R$ 1.898,00 
23/07/2009; R$ 1.906,50 ; R$ 1.906,50 ; R$ 1.885,50 ; R$ 1.899,00 
22/07/2009; R$ 1.906,00 ; R$ 1.913,00 ; R$ 1.898,00 ; R$ 1.908,00 
21/07/2009; R$ 1.900,00 ; R$ 1.917,00 ; R$ 1.896,00 ; R$ 1.898,50 
20/07/2009; R$ 1.915,00 ; R$ 1.917,00 ; R$ 1.902,00 ; R$ 1.902,00 
17/07/2009; R$ 1.945,00 ; R$ 1.946,00 ; R$ 1.925,50 ; R$ 1.933,50 
16/07/2009; R$ 1.941,00 ; R$ 1.948,00 ; R$ 1.925,00 ; R$ 1.935,00 
15/07/2009; R$ 1.955,00 ; R$ 1.959,50 ; R$ 1.936,00 ; R$ 1.938,00 
14/07/2009; R$ 1.972,00 ; R$ 1.986,00 ; R$ 1.965,50 ; R$ 1.967,50 
13/07/2009; R$ 2.006,00 ; R$ 2.019,00 ; R$ 1.981,50 ; R$ 1.987,50 
10/07/2009; R$ 2.022,00 ; R$ 2.035,50 ; R$ 2.003,00 ; R$ 2.003,00 
08/07/2009; R$ 2.005,00 ; R$ 2.035,00 ; R$ 1.993,00 ; R$ 2.012,00 
07/07/2009; R$ 1.955,00 ; R$ 2.008,50 ; R$ 1.954,00 ; R$ 2.006,00 
06/07/2009; R$ 1.978,00 ; R$ 1.993,00 ; R$ 1.958,50 ; R$ 1.965,00 
03/07/2009; R$ 1.961,00 ; R$ 1.965,00 ; R$ 1.955,00 ; R$ 1.963,00 
02/07/2009; R$ 1.950,00 ; R$ 1.973,00 ; R$ 1.947,50 ; R$ 1.967,00 
01/07/2009; R$ 1.959,00 ; R$ 1.959,00 ; R$ 1.936,00 ; R$ 1.940,00 
30/06/2009; R$ 1.945,00 ; R$ 1.958,00 ; R$ 1.936,50 ; R$ 1.950,00 
29/06/2009; R$ 1.930,00 ; R$ 1.966,00 ; R$ 1.930,00 ; R$ 1.959,50 
26/06/2009; R$ 1.932,00 ; R$ 1.952,00 ; R$ 1.926,00 ; R$ 1.934,50 
25/06/2009; R$ 1.965,00 ; R$ 1.979,00 ; R$ 1.943,00 ; R$ 1.944,00 
24/06/2009; R$ 1.977,50 ; R$ 1.995,00 ; R$ 1.963,50 ; R$ 1.971,00 
23/06/2009; R$ 2.022,50 ; R$ 2.024,00 ; R$ 1.981,00 ; R$ 1.982,00 
22/06/2009; R$ 1.991,00 ; R$ 2.039,50 ; R$ 1.991,00 ; R$ 2.036,50 
19/06/2009; R$ 1.969,00 ; R$ 1.981,00 ; R$ 1.956,00 ; R$ 1.978,00 
18/06/2009; R$ 1.976,00 ; R$ 1.984,50 ; R$ 1.960,00 ; R$ 1.983,00 
17/06/2009; R$ 1.988,00 ; R$ 2.003,00 ; R$ 1.964,00 ; R$ 1.971,00 
16/06/2009; R$ 1.941,00 ; R$ 1.980,00 ; R$ 1.936,00 ; R$ 1.978,00 
15/06/2009; R$ 1.949,00 ; R$ 1.966,00 ; R$ 1.942,00 ; R$ 1.957,50 
12/06/2009; R$ 1.948,00 ; R$ 1.955,00 ; R$ 1.924,00 ; R$ 1.934,00 
10/06/2009; R$ 1.933,00 ; R$ 1.971,00 ; R$ 1.930,00 ; R$ 1.956,00 
09/06/2009; R$ 1.955,00 ; R$ 1.959,50 ; R$ 1.942,00 ; R$ 1.952,00 
08/06/2009; R$ 1.984,00 ; R$ 1.992,00 ; R$ 1.968,00 ; R$ 1.973,00 
05/06/2009; R$ 1.939,00 ; R$ 1.977,00 ; R$ 1.922,00 ; R$ 1.968,00 
04/06/2009; R$ 1.983,00 ; R$ 1.983,00 ; R$ 1.947,00 ; R$ 1.948,50 
03/06/2009; R$ 1.945,00 ; R$ 1.990,00 ; R$ 1.942,00 ; R$ 1.978,00 
02/06/2009; R$ 1.956,00 ; R$ 1.965,00 ; R$ 1.934,00 ; R$ 1.936,00 
01/06/2009; R$ 1.961,00 ; R$ 1.967,00 ; R$ 1.953,50 ; R$ 1.963,00 
29/05/2009; R$ 1.980,00 ; R$ 1.982,00 ; R$ 1.969,00 ; R$ 1.971,00 
28/05/2009; R$ 2.030,00 ; R$ 2.035,00 ; R$ 1.999,00 ; R$ 1.999,00 
27/05/2009; R$ 2.017,00 ; R$ 2.039,00 ; R$ 1.998,00 ; R$ 2.039,00 
26/05/2009; R$ 2.031,00 ; R$ 2.049,00 ; R$ 2.008,00 ; R$ 2.008,00 
25/05/2009; R$ 2.023,00 ; R$ 2.030,00 ; R$ 2.023,00 ; R$ 2.028,50 
22/05/2009; R$ 2.025,00 ; R$ 2.037,00 ; R$ 2.016,50 ; R$ 2.032,00 
21/05/2009; R$ 2.050,00 ; R$ 2.050,00 ; R$ 2.019,50 ; R$ 2.034,50 
20/05/2009; R$ 2.034,00 ; R$ 2.042,00 ; R$ 2.018,00 ; R$ 2.037,50 
19/05/2009; R$ 2.064,00 ; R$ 2.077,00 ; R$ 2.037,50 ; R$ 2.050,00 
18/05/2009; R$ 2.096,00 ; R$ 2.101,00 ; R$ 2.073,00 ; R$ 2.081,00 
15/05/2009; R$ 2.108,00 ; R$ 2.121,00 ; R$ 2.074,00 ; R$ 2.119,50 
14/05/2009; R$ 2.127,00 ; R$ 2.133,00 ; R$ 2.088,00 ; R$ 2.093,50 
13/05/2009; R$ 2.085,00 ; R$ 2.124,00 ; R$ 2.085,00 ; R$ 2.122,00 
12/05/2009; R$ 2.063,00 ; R$ 2.086,50 ; R$ 2.055,50 ; R$ 2.079,00 
11/05/2009; R$ 2.081,00 ; R$ 2.089,50 ; R$ 2.062,00 ; R$ 2.075,00 
08/05/2009; R$ 2.101,00 ; R$ 2.102,00 ; R$ 2.073,00 ; R$ 2.073,00 
07/05/2009; R$ 2.109,00 ; R$ 2.126,00 ; R$ 2.100,50 ; R$ 2.120,00 
06/05/2009; R$ 2.154,00 ; R$ 2.159,00 ; R$ 2.120,00 ; R$ 2.126,00 
05/05/2009; R$ 2.132,00 ; R$ 2.173,00 ; R$ 2.121,00 ; R$ 2.150,00 
04/05/2009; R$ 2.176,00 ; R$ 2.185,00 ; R$ 2.132,00 ; R$ 2.132,00 
30/04/2009; R$ 2.170,00 ; R$ 2.187,00 ; R$ 2.170,00 ; R$ 2.180,00 
29/04/2009; R$ 2.188,00 ; R$ 2.196,00 ; R$ 2.164,00 ; R$ 2.182,00 
28/04/2009; R$ 2.237,00 ; R$ 2.240,00 ; R$ 2.197,00 ; R$ 2.206,00 
27/04/2009; R$ 2.215,00 ; R$ 2.230,50 ; R$ 2.196,00 ; R$ 2.230,00 
24/04/2009; R$ 2.192,00 ; R$ 2.207,00 ; R$ 2.180,50 ; R$ 2.180,50 
23/04/2009; R$ 2.205,00 ; R$ 2.229,50 ; R$ 2.196,00 ; R$ 2.213,00 
22/04/2009; R$ 2.233,00 ; R$ 2.242,00 ; R$ 2.207,00 ; R$ 2.218,00 
20/04/2009; R$ 2.216,00 ; R$ 2.252,50 ; R$ 2.216,00 ; R$ 2.252,00 
17/04/2009; R$ 2.185,00 ; R$ 2.205,00 ; R$ 2.175,50 ; R$ 2.203,00 
16/04/2009; R$ 2.195,00 ; R$ 2.198,00 ; R$ 2.177,00 ; R$ 2.177,00 
15/04/2009; R$ 2.224,00 ; R$ 2.230,00 ; R$ 2.189,00 ; R$ 2.190,00 
14/04/2009; R$ 2.181,50 ; R$ 2.215,00 ; R$ 2.180,00 ; R$ 2.215,00 
13/04/2009; R$ 2.183,00 ; R$ 2.188,00 ; R$ 2.174,00 ; R$ 2.188,00 
09/04/2009; R$ 2.205,00 ; R$ 2.205,00 ; R$ 2.179,00 ; R$ 2.180,00 
08/04/2009; R$ 2.225,00 ; R$ 2.225,00 ; R$ 2.203,00 ; R$ 2.212,00 
07/04/2009; R$ 2.252,00 ; R$ 2.256,00 ; R$ 2.228,00 ; R$ 2.230,00 
06/04/2009; R$ 2.220,00 ; R$ 2.245,00 ; R$ 2.216,00 ; R$ 2.235,00 
03/04/2009; R$ 2.250,00 ; R$ 2.250,00 ; R$ 2.208,00 ; R$ 2.222,00 
02/04/2009; R$ 2.263,00 ; R$ 2.267,00 ; R$ 2.241,00 ; R$ 2.246,00 
01/04/2009; R$ 2.320,00 ; R$ 2.325,00 ; R$ 2.288,50 ; R$ 2.288,50 
31/03/2009; R$ 2.322,00 ; R$ 2.322,00 ; R$ 2.306,00 ; R$ 2.313,50 
30/03/2009; R$ 2.320,00 ; R$ 2.338,00 ; R$ 2.313,50 ; R$ 2.333,00 
27/03/2009; R$ 2.265,00 ; R$ 2.305,00 ; R$ 2.261,00 ; R$ 2.290,00 
26/03/2009; R$ 2.224,00 ; R$ 2.250,00 ; R$ 2.223,00 ; R$ 2.250,00 
25/03/2009; R$ 2.250,00 ; R$ 2.269,00 ; R$ 2.236,00 ; R$ 2.240,00 
24/03/2009; R$ 2.262,00 ; R$ 2.271,00 ; R$ 2.243,50 ; R$ 2.250,50 
23/03/2009; R$ 2.250,00 ; R$ 2.285,00 ; R$ 2.243,00 ; R$ 2.250,00 
20/03/2009; R$ 2.251,00 ; R$ 2.275,00 ; R$ 2.250,00 ; R$ 2.275,00 
19/03/2009; R$ 2.235,00 ; R$ 2.270,00 ; R$ 2.232,00 ; R$ 2.260,00 
18/03/2009; R$ 2.300,00 ; R$ 2.316,00 ; R$ 2.255,00 ; R$ 2.259,00 
17/03/2009; R$ 2.295,00 ; R$ 2.304,00 ; R$ 2.283,00 ; R$ 2.295,50 
16/03/2009; R$ 2.290,00 ; R$ 2.295,50 ; R$ 2.268,00 ; R$ 2.293,00 
13/03/2009; R$ 2.293,00 ; R$ 2.325,00 ; R$ 2.287,00 ; R$ 2.308,00 
12/03/2009; R$ 2.356,00 ; R$ 2.356,00 ; R$ 2.305,00 ; R$ 2.311,00 
11/03/2009; R$ 2.335,00 ; R$ 2.365,00 ; R$ 2.326,00 ; R$ 2.356,00 
10/03/2009; R$ 2.375,00 ; R$ 2.378,00 ; R$ 2.350,00 ; R$ 2.353,00 
09/03/2009; R$ 2.410,00 ; R$ 2.410,00 ; R$ 2.381,00 ; R$ 2.398,50 
06/03/2009; R$ 2.401,50 ; R$ 2.414,00 ; R$ 2.383,00 ; R$ 2.390,00 
05/03/2009; R$ 2.413,00 ; R$ 2.421,00 ; R$ 2.392,50 ; R$ 2.411,00 
04/03/2009; R$ 2.418,00 ; R$ 2.428,00 ; R$ 2.382,00 ; R$ 2.390,00 
03/03/2009; R$ 2.452,00 ; R$ 2.471,00 ; R$ 2.421,00 ; R$ 2.441,00 
02/03/2009; R$ 2.439,00 ; R$ 2.470,00 ; R$ 2.421,00 ; R$ 2.469,50 
27/02/2009; R$ 2.365,00 ; R$ 2.392,00 ; R$ 2.358,00 ; R$ 2.379,00 
26/02/2009; R$ 2.360,50 ; R$ 2.362,50 ; R$ 2.344,00 ; R$ 2.352,50 
25/02/2009; R$ 2.405,00 ; R$ 2.405,00 ; R$ 2.372,50 ; R$ 2.373,00 
20/02/2009; R$ 2.380,00 ; R$ 2.404,00 ; R$ 2.373,00 ; R$ 2.385,00 
19/02/2009; R$ 2.335,00 ; R$ 2.379,00 ; R$ 2.323,00 ; R$ 2.375,00 
18/02/2009; R$ 2.331,00 ; R$ 2.370,00 ; R$ 2.328,50 ; R$ 2.364,00 
17/02/2009; R$ 2.304,00 ; R$ 2.346,50 ; R$ 2.302,50 ; R$ 2.345,00 
16/02/2009; R$ 2.273,00 ; R$ 2.288,00 ; R$ 2.270,00 ; R$ 2.282,50 
13/02/2009; R$ 2.295,00 ; R$ 2.298,00 ; R$ 2.260,00 ; R$ 2.260,50 
12/02/2009; R$ 2.301,00 ; R$ 2.318,00 ; R$ 2.290,00 ; R$ 2.313,00 
11/02/2009; R$ 2.305,50 ; R$ 2.315,00 ; R$ 2.266,00 ; R$ 2.283,00 
10/02/2009; R$ 2.280,00 ; R$ 2.330,00 ; R$ 2.251,00 ; R$ 2.320,00 
09/02/2009; R$ 2.259,00 ; R$ 2.275,00 ; R$ 2.246,00 ; R$ 2.272,00 
06/02/2009; R$ 2.280,00 ; R$ 2.306,00 ; R$ 2.260,00 ; R$ 2.265,00 
05/02/2009; R$ 2.324,50 ; R$ 2.335,00 ; R$ 2.296,00 ; R$ 2.298,00 
04/02/2009; R$ 2.319,00 ; R$ 2.337,00 ; R$ 2.292,00 ; R$ 2.324,00 
03/02/2009; R$ 2.323,00 ; R$ 2.348,00 ; R$ 2.321,00 ; R$ 2.325,00 
02/02/2009; R$ 2.360,00 ; R$ 2.385,00 ; R$ 2.334,50 ; R$ 2.336,00 
30/01/2009; R$ 2.300,00 ; R$ 2.320,00 ; R$ 2.290,00 ; R$ 2.316,00 
29/01/2009; R$ 2.290,00 ; R$ 2.297,50 ; R$ 2.253,00 ; R$ 2.290,50 
28/01/2009; R$ 2.331,00 ; R$ 2.331,00 ; R$ 2.265,00 ; R$ 2.280,00 
27/01/2009; R$ 2.315,00 ; R$ 2.348,00 ; R$ 2.306,00 ; R$ 2.344,00 
26/01/2009; R$ 2.320,00 ; R$ 2.335,00 ; R$ 2.308,00 ; R$ 2.325,00 
23/01/2009; R$ 2.353,00 ; R$ 2.370,00 ; R$ 2.325,50 ; R$ 2.335,00 
22/01/2009; R$ 2.340,00 ; R$ 2.360,00 ; R$ 2.323,00 ; R$ 2.332,00 
21/01/2009; R$ 2.370,00 ; R$ 2.380,00 ; R$ 2.347,00 ; R$ 2.349,00 
20/01/2009; R$ 2.375,00 ; R$ 2.386,50 ; R$ 2.355,00 ; R$ 2.386,00 
19/01/2009; R$ 2.335,00 ; R$ 2.355,00 ; R$ 2.324,00 ; R$ 2.354,00 
16/01/2009; R$ 2.353,00 ; R$ 2.360,00 ; R$ 2.320,00 ; R$ 2.340,00 
15/01/2009; R$ 2.385,00 ; R$ 2.408,50 ; R$ 2.360,00 ; R$ 2.370,00 
14/01/2009; R$ 2.320,00 ; R$ 2.391,00 ; R$ 2.301,00 ; R$ 2.387,00 
13/01/2009; R$ 2.345,00 ; R$ 2.346,00 ; R$ 2.308,00 ; R$ 2.335,00 
12/01/2009; R$ 2.290,00 ; R$ 2.342,00 ; R$ 2.290,00 ; R$ 2.334,00 
09/01/2009; R$ 2.313,00 ; R$ 2.320,00 ; R$ 2.270,00 ; R$ 2.270,00 
08/01/2009; R$ 2.290,00 ; R$ 2.322,00 ; R$ 2.265,00 ; R$ 2.304,00 
07/01/2009; R$ 2.212,00 ; R$ 2.295,00 ; R$ 2.210,00 ; R$ 2.280,00 
06/01/2009; R$ 2.240,00 ; R$ 2.245,00 ; R$ 2.188,00 ; R$ 2.190,00 
05/01/2009; R$ 2.364,00 ; R$ 2.364,00 ; R$ 2.260,00 ; R$ 2.260,00 
02/01/2009; R$ 2.348,00 ; R$ 2.360,00 ; R$ 2.340,00 ; R$ 2.350,00 
30/12/2008; R$ 2.364,00 ; R$ 2.370,00 ; R$ 2.334,00 ; R$ 2.337,00 
29/12/2008; R$ 2.355,00 ; R$ 2.420,00 ; R$ 2.348,00 ; R$ 2.395,50 
26/12/2008; R$ 2.367,00 ; R$ 2.388,00 ; R$ 2.360,00 ; R$ 2.367,00 
23/12/2008; R$ 2.400,00 ; R$ 2.400,00 ; R$ 2.373,00 ; R$ 2.390,00 
22/12/2008; R$ 2.369,00 ; R$ 2.420,00 ; R$ 2.366,00 ; R$ 2.412,00 
19/12/2008; R$ 2.450,00 ; R$ 2.477,00 ; R$ 2.362,50 ; R$ 2.370,00 
18/12/2008; R$ 2.360,00 ; R$ 2.439,50 ; R$ 2.352,00 ; R$ 2.435,00 
17/12/2008; R$ 2.325,00 ; R$ 2.395,50 ; R$ 2.325,00 ; R$ 2.370,00 
16/12/2008; R$ 2.400,00 ; R$ 2.410,00 ; R$ 2.330,00 ; R$ 2.330,00 
15/12/2008; R$ 2.375,00 ; R$ 2.423,00 ; R$ 2.359,00 ; R$ 2.398,00 
12/12/2008; R$ 2.419,00 ; R$ 2.430,00 ; R$ 2.360,00 ; R$ 2.405,00 
11/12/2008; R$ 2.430,00 ; R$ 2.432,00 ; R$ 2.298,00 ; R$ 2.393,50 
10/12/2008; R$ 2.476,00 ; R$ 2.520,00 ; R$ 2.421,00 ; R$ 2.463,00 
09/12/2008; R$ 2.540,00 ; R$ 2.565,00 ; R$ 2.458,50 ; R$ 2.502,00 
08/12/2008; R$ 2.390,00 ; R$ 2.545,00 ; R$ 2.390,00 ; R$ 2.535,00 
05/12/2008; R$ 2.535,00 ; R$ 2.625,00 ; R$ 2.430,00 ; R$ 2.450,00 
04/12/2008; R$ 2.500,00 ; R$ 2.560,00 ; R$ 2.475,50 ; R$ 2.522,00 
03/12/2008; R$ 2.430,00 ; R$ 2.525,00 ; R$ 2.390,00 ; R$ 2.510,00 
02/12/2008; R$ 2.350,00 ; R$ 2.440,00 ; R$ 2.318,00 ; R$ 2.430,00 
01/12/2008; R$ 2.380,00 ; R$ 2.399,00 ; R$ 2.334,00 ; R$ 2.360,00 
28/11/2008; R$ 2.310,00 ; R$ 2.335,00 ; R$ 2.305,00 ; R$ 2.330,00 
27/11/2008; R$ 2.210,00 ; R$ 2.315,00 ; R$ 2.210,00 ; R$ 2.297,50 
26/11/2008; R$ 2.350,00 ; R$ 2.363,00 ; R$ 2.220,00 ; R$ 2.220,00 
25/11/2008; R$ 2.330,00 ; R$ 2.370,00 ; R$ 2.284,00 ; R$ 2.330,00 
24/11/2008; R$ 2.425,00 ; R$ 2.425,00 ; R$ 2.320,50 ; R$ 2.321,00 
21/11/2008; R$ 2.425,00 ; R$ 2.485,00 ; R$ 2.405,00 ; R$ 2.485,00 
19/11/2008; R$ 2.347,00 ; R$ 2.414,50 ; R$ 2.346,00 ; R$ 2.389,00 
18/11/2008; R$ 2.334,50 ; R$ 2.350,00 ; R$ 2.290,00 ; R$ 2.348,00 
17/11/2008; R$ 2.280,00 ; R$ 2.340,00 ; R$ 2.277,00 ; R$ 2.290,00 
14/11/2008; R$ 2.310,00 ; R$ 2.350,00 ; R$ 2.245,00 ; R$ 2.245,00 
13/11/2008; R$ 2.340,00 ; R$ 2.405,00 ; R$ 2.296,00 ; R$ 2.328,00 
12/11/2008; R$ 2.250,00 ; R$ 2.333,00 ; R$ 2.237,00 ; R$ 2.330,00 
11/11/2008; R$ 2.224,00 ; R$ 2.245,50 ; R$ 2.200,00 ; R$ 2.235,00 
10/11/2008; R$ 2.135,00 ; R$ 2.206,00 ; R$ 2.125,00 ; R$ 2.192,00 
07/11/2008; R$ 2.205,00 ; R$ 2.225,00 ; R$ 2.160,00 ; R$ 2.170,00 
06/11/2008; R$ 2.159,00 ; R$ 2.250,00 ; R$ 2.139,00 ; R$ 2.230,00 
05/11/2008; R$ 2.145,00 ; R$ 2.150,00 ; R$ 2.121,00 ; R$ 2.145,00 
04/11/2008; R$ 2.169,00 ; R$ 2.173,00 ; R$ 2.105,00 ; R$ 2.137,00 
03/11/2008; R$ 2.169,00 ; R$ 2.220,00 ; R$ 2.169,00 ; R$ 2.192,00 
31/10/2008; R$ 2.110,00 ; R$ 2.127,50 ; R$ 2.095,00 ; R$ 2.117,00 
30/10/2008; R$ 2.090,00 ; R$ 2.135,00 ; R$ 2.090,00 ; R$ 2.100,00 
29/10/2008; R$ 2.130,00 ; R$ 2.180,00 ; R$ 2.111,00 ; R$ 2.118,00 
28/10/2008; R$ 2.205,00 ; R$ 2.210,00 ; R$ 2.150,00 ; R$ 2.165,50 
27/10/2008; R$ 2.320,00 ; R$ 2.320,00 ; R$ 2.235,00 ; R$ 2.255,00 
24/10/2008; R$ 2.390,00 ; R$ 2.400,00 ; R$ 2.280,00 ; R$ 2.310,00 
23/10/2008; R$ 2.490,00 ; R$ 2.530,50 ; R$ 2.250,00 ; R$ 2.264,00 
22/10/2008; R$ 2.380,00 ; R$ 2.390,00 ; R$ 2.320,00 ; R$ 2.390,00 
21/10/2008; R$ 2.151,00 ; R$ 2.258,00 ; R$ 2.151,00 ; R$ 2.255,00 
20/10/2008; R$ 2.079,00 ; R$ 2.142,00 ; R$ 2.079,00 ; R$ 2.121,00 
17/10/2008; R$ 2.159,00 ; R$ 2.165,00 ; R$ 2.095,00 ; R$ 2.120,50 
16/10/2008; R$ 2.240,00 ; R$ 2.270,00 ; R$ 2.140,00 ; R$ 2.152,00 
15/10/2008; R$ 2.105,00 ; R$ 2.241,00 ; R$ 2.098,00 ; R$ 2.241,00 
14/10/2008; R$ 2.078,00 ; R$ 2.120,00 ; R$ 2.057,50 ; R$ 2.094,00 
13/10/2008; R$ 2.225,00 ; R$ 2.225,00 ; R$ 2.142,00 ; R$ 2.142,00 
10/10/2008; R$ 2.328,00 ; R$ 2.328,00 ; R$ 2.260,00 ; R$ 2.328,00 
09/10/2008; R$ 2.228,00 ; R$ 2.320,00 ; R$ 2.168,50 ; R$ 2.265,00 
08/10/2008; R$ 2.450,00 ; R$ 2.462,50 ; R$ 2.270,00 ; R$ 2.320,00 
07/10/2008; R$ 2.190,00 ; R$ 2.323,50 ; R$ 2.173,00 ; R$ 2.323,50 
06/10/2008; R$ 2.130,00 ; R$ 2.192,00 ; R$ 2.124,00 ; R$ 2.192,00 
03/10/2008; R$ 2.025,00 ; R$ 2.080,00 ; R$ 2.005,00 ; R$ 2.062,00 
02/10/2008; R$ 1.963,00 ; R$ 2.050,00 ; R$ 1.959,00 ; R$ 2.035,00 
01/10/2008; R$ 1.910,00 ; R$ 1.956,00 ; R$ 1.910,00 ; R$ 1.930,00 
30/09/2008; R$ 1.945,00 ; R$ 1.945,00 ; R$ 1.914,00 ; R$ 1.916,00 
29/09/2008; R$ 1.890,00 ; R$ 1.980,00 ; R$ 1.890,00 ; R$ 1.961,50 
26/09/2008; R$ 1.855,00 ; R$ 1.870,00 ; R$ 1.843,00 ; R$ 1.849,00 
25/09/2008; R$ 1.855,00 ; R$ 1.855,00 ; R$ 1.815,00 ; R$ 1.824,00 
24/09/2008; R$ 1.840,00 ; R$ 1.866,00 ; R$ 1.824,00 ; R$ 1.865,00 
23/09/2008; R$ 1.815,00 ; R$ 1.853,00 ; R$ 1.804,50 ; R$ 1.846,50 
22/09/2008; R$ 1.815,00 ; R$ 1.815,00 ; R$ 1.793,00 ; R$ 1.808,00 
19/09/2008; R$ 1.857,00 ; R$ 1.857,00 ; R$ 1.820,00 ; R$ 1.833,00 
18/09/2008; R$ 1.877,00 ; R$ 1.960,00 ; R$ 1.870,00 ; R$ 1.893,00 
17/09/2008; R$ 1.818,00 ; R$ 1.919,00 ; R$ 1.818,00 ; R$ 1.919,00 
16/09/2008; R$ 1.826,00 ; R$ 1.862,50 ; R$ 1.806,00 ; R$ 1.824,00 
15/09/2008; R$ 1.835,00 ; R$ 1.835,00 ; R$ 1.801,50 ; R$ 1.823,00 
12/09/2008; R$ 1.810,00 ; R$ 1.815,00 ; R$ 1.780,00 ; R$ 1.785,00 
11/09/2008; R$ 1.816,00 ; R$ 1.846,00 ; R$ 1.810,00 ; R$ 1.810,00 
10/09/2008; R$ 1.790,00 ; R$ 1.803,00 ; R$ 1.777,00 ; R$ 1.796,00 
09/09/2008; R$ 1.745,00 ; R$ 1.797,00 ; R$ 1.745,00 ; R$ 1.785,00 
08/09/2008; R$ 1.715,00 ; R$ 1.752,00 ; R$ 1.710,00 ; R$ 1.752,00 
05/09/2008; R$ 1.739,00 ; R$ 1.760,00 ; R$ 1.727,50 ; R$ 1.730,00 
04/09/2008; R$ 1.689,00 ; R$ 1.730,00 ; R$ 1.689,00 ; R$ 1.723,50 
03/09/2008; R$ 1.679,00 ; R$ 1.691,00 ; R$ 1.672,00 ; R$ 1.690,00 
02/09/2008; R$ 1.667,00 ; R$ 1.680,00 ; R$ 1.666,50 ; R$ 1.670,00 
01/09/2008; R$ 1.650,00 ; R$ 1.661,00 ; R$ 1.650,00 ; R$ 1.661,00 
29/08/2008; R$ 1.631,00 ; R$ 1.635,50 ; R$ 1.628,50 ; R$ 1.634,00 
28/08/2008; R$ 1.622,00 ; R$ 1.635,00 ; R$ 1.615,00 ; R$ 1.635,00 
27/08/2008; R$ 1.627,00 ; R$ 1.627,00 ; R$ 1.619,50 ; R$ 1.622,00 
26/08/2008; R$ 1.642,50 ; R$ 1.644,00 ; R$ 1.629,00 ; R$ 1.630,50 
25/08/2008; R$ 1.627,00 ; R$ 1.636,50 ; R$ 1.625,00 ; R$ 1.634,50 
22/08/2008; R$ 1.618,00 ; R$ 1.632,00 ; R$ 1.615,50 ; R$ 1.631,50 
21/08/2008; R$ 1.618,50 ; R$ 1.621,50 ; R$ 1.612,50 ; R$ 1.614,00 
20/08/2008; R$ 1.627,00 ; R$ 1.630,00 ; R$ 1.620,00 ; R$ 1.624,00 
19/08/2008; R$ 1.651,50 ; R$ 1.654,00 ; R$ 1.627,00 ; R$ 1.633,00 
18/08/2008; R$ 1.640,00 ; R$ 1.647,00 ; R$ 1.633,50 ; R$ 1.647,00 
15/08/2008; R$ 1.636,00 ; R$ 1.650,00 ; R$ 1.636,00 ; R$ 1.647,00 
14/08/2008; R$ 1.616,00 ; R$ 1.635,50 ; R$ 1.615,00 ; R$ 1.635,50 
13/08/2008; R$ 1.630,00 ; R$ 1.635,00 ; R$ 1.618,00 ; R$ 1.620,50 
12/08/2008; R$ 1.630,00 ; R$ 1.635,00 ; R$ 1.620,00 ; R$ 1.629,50 
11/08/2008; R$ 1.612,00 ; R$ 1.635,00 ; R$ 1.612,00 ; R$ 1.634,00 
08/08/2008; R$ 1.618,00 ; R$ 1.632,00 ; R$ 1.614,00 ; R$ 1.614,00 
07/08/2008; R$ 1.584,50 ; R$ 1.609,00 ; R$ 1.582,00 ; R$ 1.608,00 
06/08/2008; R$ 1.584,00 ; R$ 1.591,00 ; R$ 1.583,00 ; R$ 1.589,00 
05/08/2008; R$ 1.579,00 ; R$ 1.588,50 ; R$ 1.579,00 ; R$ 1.584,00 
04/08/2008; R$ 1.576,50 ; R$ 1.579,00 ; R$ 1.573,00 ; R$ 1.573,50 
01/08/2008; R$ 1.577,00 ; R$ 1.578,00 ; R$ 1.568,00 ; R$ 1.572,00 
31/07/2008; R$ 1.564,00 ; R$ 1.569,00 ; R$ 1.564,00 ; R$ 1.566,00 
30/07/2008; R$ 1.565,00 ; R$ 1.565,00 ; R$ 1.560,50 ; R$ 1.562,00 
29/07/2008; R$ 1.573,00 ; R$ 1.573,00 ; R$ 1.568,00 ; R$ 1.569,00 
28/07/2008; R$ 1.575,00 ; R$ 1.576,50 ; R$ 1.573,00 ; R$ 1.576,50 
25/07/2008; R$ 1.573,00 ; R$ 1.574,00 ; R$ 1.573,00 ; R$ 1.573,00 
24/07/2008; R$ 1.580,00 ; R$ 1.582,50 ; R$ 1.578,00 ; R$ 1.580,00 
23/07/2008; R$ 1.585,00 ; R$ 1.587,50 ; R$ 1.585,00 ; R$ 1.585,00 
22/07/2008; R$ 1.585,00 ; R$ 1.590,00 ; R$ 1.581,50 ; R$ 1.581,50 
21/07/2008; R$ 1.589,00 ; R$ 1.590,00 ; R$ 1.582,00 ; R$ 1.586,00 
18/07/2008; R$ 1.599,00 ; R$ 1.601,00 ; R$ 1.592,00 ; R$ 1.592,00 
17/07/2008; R$ 1.595,00 ; R$ 1.608,00 ; R$ 1.592,00 ; R$ 1.604,00 
16/07/2008; R$ 1.600,00 ; R$ 1.605,00 ; R$ 1.599,00 ; R$ 1.602,00 
15/07/2008; R$ 1.604,00 ; R$ 1.605,00 ; R$ 1.593,00 ; R$ 1.602,00 
14/07/2008; R$ 1.605,00 ; R$ 1.605,00 ; R$ 1.598,00 ; R$ 1.601,50 
11/07/2008; R$ 1.612,00 ; R$ 1.614,00 ; R$ 1.608,00 ; R$ 1.612,00 
10/07/2008; R$ 1.620,00 ; R$ 1.628,00 ; R$ 1.613,00 ; R$ 1.615,00 
08/07/2008; R$ 1.610,00 ; R$ 1.621,50 ; R$ 1.602,00 ; R$ 1.620,00 
07/07/2008; R$ 1.617,00 ; R$ 1.618,00 ; R$ 1.609,00 ; R$ 1.609,00 
04/07/2008; R$ 1.620,00 ; R$ 1.633,00 ; R$ 1.617,00 ; R$ 1.618,00 
03/07/2008; R$ 1.617,00 ; R$ 1.622,50 ; R$ 1.613,00 ; R$ 1.616,00 
02/07/2008; R$ 1.606,00 ; R$ 1.620,00 ; R$ 1.604,50 ; R$ 1.620,00 
01/07/2008; R$ 1.620,00 ; R$ 1.630,00 ; R$ 1.611,00 ; R$ 1.611,00 
30/06/2008; R$ 1.590,00 ; R$ 1.594,00 ; R$ 1.589,00 ; R$ 1.593,00 
27/06/2008; R$ 1.607,00 ; R$ 1.614,00 ; R$ 1.593,00 ; R$ 1.597,00 
26/06/2008; R$ 1.593,00 ; R$ 1.604,50 ; R$ 1.591,00 ; R$ 1.604,50 
25/06/2008; R$ 1.605,00 ; R$ 1.608,00 ; R$ 1.592,00 ; R$ 1.592,50 
24/06/2008; R$ 1.615,00 ; R$ 1.615,00 ; R$ 1.603,00 ; R$ 1.603,50 
23/06/2008; R$ 1.614,00 ; R$ 1.619,00 ; R$ 1.613,00 ; R$ 1.614,00 
20/06/2008; R$ 1.605,00 ; R$ 1.614,00 ; R$ 1.605,00 ; R$ 1.610,00 
19/06/2008; R$ 1.608,00 ; R$ 1.610,00 ; R$ 1.605,50 ; R$ 1.609,00 
18/06/2008; R$ 1.619,00 ; R$ 1.621,00 ; R$ 1.610,00 ; R$ 1.612,00 
17/06/2008; R$ 1.625,00 ; R$ 1.625,00 ; R$ 1.613,50 ; R$ 1.618,00 
16/06/2008; R$ 1.634,00 ; R$ 1.637,00 ; R$ 1.630,00 ; R$ 1.630,00 
13/06/2008; R$ 1.645,00 ; R$ 1.648,00 ; R$ 1.637,00 ; R$ 1.640,00 
12/06/2008; R$ 1.645,00 ; R$ 1.656,50 ; R$ 1.640,00 ; R$ 1.642,00 
11/06/2008; R$ 1.646,00 ; R$ 1.660,00 ; R$ 1.645,00 ; R$ 1.647,00 
10/06/2008; R$ 1.640,00 ; R$ 1.658,00 ; R$ 1.634,00 ; R$ 1.654,00 
09/06/2008; R$ 1.640,00 ; R$ 1.640,00 ; R$ 1.631,00 ; R$ 1.633,00 
06/06/2008; R$ 1.633,00 ; R$ 1.643,50 ; R$ 1.632,00 ; R$ 1.643,00 
05/06/2008; R$ 1.637,00 ; R$ 1.645,00 ; R$ 1.631,00 ; R$ 1.638,00 
04/06/2008; R$ 1.640,00 ; R$ 1.646,50 ; R$ 1.634,50 ; R$ 1.640,00 
03/06/2008; R$ 1.632,00 ; R$ 1.642,00 ; R$ 1.628,00 ; R$ 1.642,00 
02/06/2008; R$ 1.641,00 ; R$ 1.648,00 ; R$ 1.637,00 ; R$ 1.637,00 
30/05/2008; R$ 1.633,00 ; R$ 1.633,00 ; R$ 1.628,00 ; R$ 1.630,00 
29/05/2008; R$ 1.652,00 ; R$ 1.652,00 ; R$ 1.635,00 ; R$ 1.638,50 
28/05/2008; R$ 1.665,00 ; R$ 1.672,00 ; R$ 1.653,00 ; R$ 1.653,00 
27/05/2008; R$ 1.657,00 ; R$ 1.675,50 ; R$ 1.657,00 ; R$ 1.670,50 
26/05/2008; R$ 1.665,00 ; R$ 1.665,50 ; R$ 1.658,00 ; R$ 1.658,00 
23/05/2008; R$ 1.656,00 ; R$ 1.668,00 ; R$ 1.653,00 ; R$ 1.667,00 
21/05/2008; R$ 1.651,00 ; R$ 1.670,00 ; R$ 1.641,00 ; R$ 1.670,00 
20/05/2008; R$ 1.655,00 ; R$ 1.663,00 ; R$ 1.653,00 ; R$ 1.657,00 
19/05/2008; R$ 1.647,00 ; R$ 1.656,50 ; R$ 1.643,50 ; R$ 1.654,50 
16/05/2008; R$ 1.652,00 ; R$ 1.654,00 ; R$ 1.640,00 ; R$ 1.640,00 
15/05/2008; R$ 1.667,00 ; R$ 1.668,00 ; R$ 1.656,00 ; R$ 1.659,00 
14/05/2008; R$ 1.672,00 ; R$ 1.675,00 ; R$ 1.665,00 ; R$ 1.674,00 
13/05/2008; R$ 1.672,50 ; R$ 1.674,00 ; R$ 1.662,50 ; R$ 1.673,00 
12/05/2008; R$ 1.688,00 ; R$ 1.688,50 ; R$ 1.669,00 ; R$ 1.670,00 
09/05/2008; R$ 1.711,50 ; R$ 1.715,00 ; R$ 1.693,00 ; R$ 1.694,00 
08/05/2008; R$ 1.699,00 ; R$ 1.710,00 ; R$ 1.687,00 ; R$ 1.707,00 
07/05/2008; R$ 1.671,00 ; R$ 1.700,00 ; R$ 1.671,00 ; R$ 1.692,00 
06/05/2008; R$ 1.669,00 ; R$ 1.676,00 ; R$ 1.665,00 ; R$ 1.665,00 
05/05/2008; R$ 1.663,00 ; R$ 1.680,00 ; R$ 1.663,00 ; R$ 1.665,50 
02/05/2008; R$ 1.660,00 ; R$ 1.670,00 ; R$ 1.655,00 ; R$ 1.668,00 
30/04/2008; R$ 1.700,50 ; R$ 1.705,00 ; R$ 1.688,00 ; R$ 1.688,50 
29/04/2008; R$ 1.698,00 ; R$ 1.713,00 ; R$ 1.691,00 ; R$ 1.707,00 
28/04/2008; R$ 1.668,50 ; R$ 1.690,00 ; R$ 1.668,00 ; R$ 1.688,00 
25/04/2008; R$ 1.680,00 ; R$ 1.680,00 ; R$ 1.668,00 ; R$ 1.668,50 
24/04/2008; R$ 1.660,00 ; R$ 1.678,00 ; R$ 1.660,00 ; R$ 1.678,00 
23/04/2008; R$ 1.659,00 ; R$ 1.663,00 ; R$ 1.656,00 ; R$ 1.656,00 
22/04/2008; R$ 1.663,00 ; R$ 1.663,50 ; R$ 1.657,00 ; R$ 1.661,50 
18/04/2008; R$ 1.658,00 ; R$ 1.678,00 ; R$ 1.658,00 ; R$ 1.677,00 
17/04/2008; R$ 1.662,50 ; R$ 1.669,00 ; R$ 1.657,00 ; R$ 1.657,00 
16/04/2008; R$ 1.677,00 ; R$ 1.678,00 ; R$ 1.665,00 ; R$ 1.667,50 
15/04/2008; R$ 1.695,00 ; R$ 1.695,00 ; R$ 1.683,00 ; R$ 1.683,00 
14/04/2008; R$ 1.701,50 ; R$ 1.701,50 ; R$ 1.683,00 ; R$ 1.692,00 
11/04/2008; R$ 1.696,50 ; R$ 1.699,00 ; R$ 1.689,00 ; R$ 1.698,00 
10/04/2008; R$ 1.701,00 ; R$ 1.701,00 ; R$ 1.685,50 ; R$ 1.690,00 
09/04/2008; R$ 1.705,00 ; R$ 1.709,00 ; R$ 1.692,00 ; R$ 1.698,00 
08/04/2008; R$ 1.715,00 ; R$ 1.717,00 ; R$ 1.696,00 ; R$ 1.702,50 
07/04/2008; R$ 1.711,50 ; R$ 1.715,00 ; R$ 1.705,50 ; R$ 1.715,00 
04/04/2008; R$ 1.724,50 ; R$ 1.729,00 ; R$ 1.705,50 ; R$ 1.716,50 
03/04/2008; R$ 1.736,00 ; R$ 1.737,00 ; R$ 1.727,00 ; R$ 1.727,00 
02/04/2008; R$ 1.745,00 ; R$ 1.747,00 ; R$ 1.731,00 ; R$ 1.734,00 
01/04/2008; R$ 1.760,00 ; R$ 1.767,00 ; R$ 1.751,00 ; R$ 1.751,00 
31/03/2008; R$ 1.740,00 ; R$ 1.750,00 ; R$ 1.740,00 ; R$ 1.745,00 
28/03/2008; R$ 1.744,00 ; R$ 1.750,00 ; R$ 1.741,00 ; R$ 1.750,00 
27/03/2008; R$ 1.725,00 ; R$ 1.740,00 ; R$ 1.723,00 ; R$ 1.740,00 
26/03/2008; R$ 1.732,50 ; R$ 1.744,00 ; R$ 1.726,00 ; R$ 1.730,00 
25/03/2008; R$ 1.739,00 ; R$ 1.744,00 ; R$ 1.730,00 ; R$ 1.733,00 
24/03/2008; R$ 1.726,00 ; R$ 1.753,00 ; R$ 1.722,50 ; R$ 1.751,00 
20/03/2008; R$ 1.732,50 ; R$ 1.754,00 ; R$ 1.732,50 ; R$ 1.743,00 
19/03/2008; R$ 1.694,00 ; R$ 1.734,50 ; R$ 1.686,50 ; R$ 1.734,50 
18/03/2008; R$ 1.709,00 ; R$ 1.715,00 ; R$ 1.688,00 ; R$ 1.689,50 
17/03/2008; R$ 1.743,00 ; R$ 1.743,00 ; R$ 1.720,00 ; R$ 1.728,00 
14/03/2008; R$ 1.699,00 ; R$ 1.727,00 ; R$ 1.680,00 ; R$ 1.715,00 
13/03/2008; R$ 1.694,00 ; R$ 1.715,00 ; R$ 1.690,00 ; R$ 1.694,00 
12/03/2008; R$ 1.696,00 ; R$ 1.705,00 ; R$ 1.677,00 ; R$ 1.682,00 
11/03/2008; R$ 1.702,00 ; R$ 1.715,00 ; R$ 1.685,00 ; R$ 1.690,00 
10/03/2008; R$ 1.683,00 ; R$ 1.718,00 ; R$ 1.683,00 ; R$ 1.715,00 
07/03/2008; R$ 1.700,00 ; R$ 1.703,00 ; R$ 1.688,00 ; R$ 1.689,00 
06/03/2008; R$ 1.668,50 ; R$ 1.698,00 ; R$ 1.665,00 ; R$ 1.698,00 
05/03/2008; R$ 1.678,50 ; R$ 1.682,00 ; R$ 1.670,00 ; R$ 1.670,00 
04/03/2008; R$ 1.677,00 ; R$ 1.695,00 ; R$ 1.672,00 ; R$ 1.690,00 
03/03/2008; R$ 1.700,00 ; R$ 1.700,00 ; R$ 1.674,50 ; R$ 1.674,50 
29/02/2008; R$ 1.679,00 ; R$ 1.685,00 ; R$ 1.675,00 ; R$ 1.682,00 
28/02/2008; R$ 1.671,00 ; R$ 1.681,50 ; R$ 1.668,00 ; R$ 1.671,50 
27/02/2008; R$ 1.680,00 ; R$ 1.680,00 ; R$ 1.663,00 ; R$ 1.667,00 
26/02/2008; R$ 1.695,00 ; R$ 1.701,00 ; R$ 1.681,00 ; R$ 1.685,50 
25/02/2008; R$ 1.700,00 ; R$ 1.708,50 ; R$ 1.698,00 ; R$ 1.698,00 
22/02/2008; R$ 1.705,50 ; R$ 1.713,50 ; R$ 1.698,00 ; R$ 1.705,00 
21/02/2008; R$ 1.719,00 ; R$ 1.719,00 ; R$ 1.705,00 ; R$ 1.716,00 
20/02/2008; R$ 1.750,00 ; R$ 1.750,00 ; R$ 1.718,00 ; R$ 1.720,00 
19/02/2008; R$ 1.735,50 ; R$ 1.741,00 ; R$ 1.730,50 ; R$ 1.741,00 
18/02/2008; R$ 1.750,00 ; R$ 1.750,00 ; R$ 1.738,00 ; R$ 1.738,50 
15/02/2008; R$ 1.752,00 ; R$ 1.762,00 ; R$ 1.752,00 ; R$ 1.754,50 
14/02/2008; R$ 1.743,00 ; R$ 1.758,00 ; R$ 1.743,00 ; R$ 1.757,00 
13/02/2008; R$ 1.754,00 ; R$ 1.756,00 ; R$ 1.746,00 ; R$ 1.753,00 
12/02/2008; R$ 1.758,00 ; R$ 1.758,00 ; R$ 1.747,00 ; R$ 1.757,50 
11/02/2008; R$ 1.771,50 ; R$ 1.771,50 ; R$ 1.761,50 ; R$ 1.767,00 
08/02/2008; R$ 1.770,50 ; R$ 1.780,00 ; R$ 1.770,00 ; R$ 1.780,00 
07/02/2008; R$ 1.764,00 ; R$ 1.779,00 ; R$ 1.761,00 ; R$ 1.761,00 
06/02/2008; R$ 1.767,50 ; R$ 1.767,50 ; R$ 1.756,00 ; R$ 1.764,00 
01/02/2008; R$ 1.759,00 ; R$ 1.762,00 ; R$ 1.745,00 ; R$ 1.755,50 
31/01/2008; R$ 1.766,00 ; R$ 1.773,50 ; R$ 1.760,00 ; R$ 1.761,00 
30/01/2008; R$ 1.781,00 ; R$ 1.783,00 ; R$ 1.756,00 ; R$ 1.756,00 
29/01/2008; R$ 1.773,00 ; R$ 1.780,00 ; R$ 1.771,50 ; R$ 1.780,00 
28/01/2008; R$ 1.794,00 ; R$ 1.796,50 ; R$ 1.776,00 ; R$ 1.782,00 
24/01/2008; R$ 1.801,00 ; R$ 1.801,00 ; R$ 1.784,00 ; R$ 1.784,00 
23/01/2008; R$ 1.804,00 ; R$ 1.827,00 ; R$ 1.804,00 ; R$ 1.815,50 
22/01/2008; R$ 1.830,00 ; R$ 1.839,00 ; R$ 1.793,00 ; R$ 1.797,00 
21/01/2008; R$ 1.824,00 ; R$ 1.840,00 ; R$ 1.816,00 ; R$ 1.836,00 
18/01/2008; R$ 1.783,00 ; R$ 1.799,00 ; R$ 1.775,50 ; R$ 1.775,50 
17/01/2008; R$ 1.767,00 ; R$ 1.794,00 ; R$ 1.763,50 ; R$ 1.794,00 
16/01/2008; R$ 1.773,00 ; R$ 1.780,00 ; R$ 1.755,00 ; R$ 1.769,00 
15/01/2008; R$ 1.738,50 ; R$ 1.760,00 ; R$ 1.733,00 ; R$ 1.757,00 
14/01/2008; R$ 1.748,00 ; R$ 1.748,50 ; R$ 1.733,00 ; R$ 1.734,00 
11/01/2008; R$ 1.762,00 ; R$ 1.766,50 ; R$ 1.749,00 ; R$ 1.758,00 
10/01/2008; R$ 1.770,00 ; R$ 1.775,00 ; R$ 1.758,00 ; R$ 1.759,00 
09/01/2008; R$ 1.766,50 ; R$ 1.778,00 ; R$ 1.759,00 ; R$ 1.772,00 
08/01/2008; R$ 1.761,50 ; R$ 1.765,00 ; R$ 1.754,00 ; R$ 1.763,00 
07/01/2008; R$ 1.757,00 ; R$ 1.783,00 ; R$ 1.750,00 ; R$ 1.777,00 
04/01/2008; R$ 1.752,00 ; R$ 1.777,50 ; R$ 1.748,00 ; R$ 1.770,00 
03/01/2008; R$ 1.782,00 ; R$ 1.782,00 ; R$ 1.755,00 ; R$ 1.758,00 
02/01/2008; R$ 1.786,00 ; R$ 1.799,50 ; R$ 1.767,00 ; R$ 1.770,00 
28/12/2007; R$ 1.760,00 ; R$ 1.769,00 ; R$ 1.760,00 ; R$ 1.767,00 
27/12/2007; R$ 1.765,00 ; R$ 1.771,00 ; R$ 1.759,00 ; R$ 1.759,00 
26/12/2007; R$ 1.784,00 ; R$ 1.787,00 ; R$ 1.769,00 ; R$ 1.769,00 
21/12/2007; R$ 1.794,00 ; R$ 1.805,00 ; R$ 1.788,00 ; R$ 1.797,00 
20/12/2007; R$ 1.804,00 ; R$ 1.813,00 ; R$ 1.797,00 ; R$ 1.807,00 
19/12/2007; R$ 1.814,00 ; R$ 1.814,00 ; R$ 1.795,00 ; R$ 1.805,00 
18/12/2007; R$ 1.808,00 ; R$ 1.816,00 ; R$ 1.800,00 ; R$ 1.805,00 
17/12/2007; R$ 1.813,50 ; R$ 1.825,00 ; R$ 1.808,00 ; R$ 1.825,00 
14/12/2007; R$ 1.780,00 ; R$ 1.802,50 ; R$ 1.780,00 ; R$ 1.799,00 
13/12/2007; R$ 1.795,00 ; R$ 1.797,00 ; R$ 1.768,00 ; R$ 1.781,00 
12/12/2007; R$ 1.776,00 ; R$ 1.790,00 ; R$ 1.756,00 ; R$ 1.773,00 
11/12/2007; R$ 1.765,00 ; R$ 1.785,00 ; R$ 1.758,00 ; R$ 1.783,00 
10/12/2007; R$ 1.759,00 ; R$ 1.773,00 ; R$ 1.756,50 ; R$ 1.770,00 
07/12/2007; R$ 1.771,00 ; R$ 1.776,00 ; R$ 1.760,50 ; R$ 1.763,50 
06/12/2007; R$ 1.790,00 ; R$ 1.795,00 ; R$ 1.771,00 ; R$ 1.772,00 
05/12/2007; R$ 1.802,00 ; R$ 1.807,00 ; R$ 1.791,00 ; R$ 1.799,00 
04/12/2007; R$ 1.811,00 ; R$ 1.830,00 ; R$ 1.806,00 ; R$ 1.814,00 
03/12/2007; R$ 1.793,00 ; R$ 1.806,00 ; R$ 1.784,00 ; R$ 1.800,50 
30/11/2007; R$ 1.770,00 ; R$ 1.784,00 ; R$ 1.769,00 ; R$ 1.784,00 
29/11/2007; R$ 1.788,00 ; R$ 1.801,00 ; R$ 1.774,00 ; R$ 1.785,00 
28/11/2007; R$ 1.832,00 ; R$ 1.840,00 ; R$ 1.780,00 ; R$ 1.784,50 
27/11/2007; R$ 1.850,00 ; R$ 1.870,00 ; R$ 1.836,00 ; R$ 1.845,00 
26/11/2007; R$ 1.786,00 ; R$ 1.853,50 ; R$ 1.786,00 ; R$ 1.848,00 
23/11/2007; R$ 1.780,00 ; R$ 1.808,50 ; R$ 1.775,00 ; R$ 1.798,00 
22/11/2007; R$ 1.776,00 ; R$ 1.785,00 ; R$ 1.769,00 ; R$ 1.783,00 
21/11/2007; R$ 1.780,00 ; R$ 1.803,00 ; R$ 1.775,50 ; R$ 1.778,00 
19/11/2007; R$ 1.750,50 ; R$ 1.773,00 ; R$ 1.747,00 ; R$ 1.769,00 
16/11/2007; R$ 1.754,00 ; R$ 1.755,00 ; R$ 1.739,50 ; R$ 1.753,00 
14/11/2007; R$ 1.745,00 ; R$ 1.753,00 ; R$ 1.735,00 ; R$ 1.737,00 
13/11/2007; R$ 1.788,00 ; R$ 1.788,00 ; R$ 1.755,00 ; R$ 1.760,00 
12/11/2007; R$ 1.754,00 ; R$ 1.795,00 ; R$ 1.754,00 ; R$ 1.792,00 
09/11/2007; R$ 1.757,00 ; R$ 1.758,00 ; R$ 1.745,50 ; R$ 1.750,00 
08/11/2007; R$ 1.749,00 ; R$ 1.755,50 ; R$ 1.732,00 ; R$ 1.755,50 
07/11/2007; R$ 1.735,50 ; R$ 1.749,00 ; R$ 1.733,00 ; R$ 1.747,00 
06/11/2007; R$ 1.749,00 ; R$ 1.749,00 ; R$ 1.732,50 ; R$ 1.743,00 
05/11/2007; R$ 1.763,00 ; R$ 1.764,50 ; R$ 1.754,50 ; R$ 1.761,00 
01/11/2007; R$ 1.743,00 ; R$ 1.758,00 ; R$ 1.743,00 ; R$ 1.753,00 
31/10/2007; R$ 1.742,00 ; R$ 1.750,00 ; R$ 1.741,50 ; R$ 1.743,00 
30/10/2007; R$ 1.763,00 ; R$ 1.765,00 ; R$ 1.747,00 ; R$ 1.753,00 
29/10/2007; R$ 1.762,00 ; R$ 1.766,00 ; R$ 1.754,00 ; R$ 1.760,00 
26/10/2007; R$ 1.775,00 ; R$ 1.781,00 ; R$ 1.768,00 ; R$ 1.768,50 
25/10/2007; R$ 1.786,00 ; R$ 1.796,00 ; R$ 1.780,50 ; R$ 1.780,50 
24/10/2007; R$ 1.803,00 ; R$ 1.812,00 ; R$ 1.793,00 ; R$ 1.795,00 
23/10/2007; R$ 1.807,00 ; R$ 1.810,00 ; R$ 1.793,00 ; R$ 1.793,00 
22/10/2007; R$ 1.830,00 ; R$ 1.843,00 ; R$ 1.810,00 ; R$ 1.816,00 
19/10/2007; R$ 1.788,00 ; R$ 1.815,00 ; R$ 1.782,50 ; R$ 1.815,00 
18/10/2007; R$ 1.808,50 ; R$ 1.821,00 ; R$ 1.784,00 ; R$ 1.789,00 
17/10/2007; R$ 1.813,00 ; R$ 1.827,00 ; R$ 1.804,00 ; R$ 1.818,00 
16/10/2007; R$ 1.824,00 ; R$ 1.836,00 ; R$ 1.816,00 ; R$ 1.824,00 
15/10/2007; R$ 1.805,00 ; R$ 1.822,00 ; R$ 1.797,00 ; R$ 1.817,00 
11/10/2007; R$ 1.800,00 ; R$ 1.815,00 ; R$ 1.786,50 ; R$ 1.810,00 
10/10/2007; R$ 1.807,00 ; R$ 1.811,50 ; R$ 1.790,00 ; R$ 1.803,00 
09/10/2007; R$ 1.818,50 ; R$ 1.822,00 ; R$ 1.804,00 ; R$ 1.805,50 
08/10/2007; R$ 1.812,00 ; R$ 1.826,00 ; R$ 1.808,00 ; R$ 1.821,50 
05/10/2007; R$ 1.818,50 ; R$ 1.822,50 ; R$ 1.807,00 ; R$ 1.811,00 
04/10/2007; R$ 1.840,00 ; R$ 1.844,00 ; R$ 1.825,00 ; R$ 1.827,00 
03/10/2007; R$ 1.836,00 ; R$ 1.850,00 ; R$ 1.823,50 ; R$ 1.842,00 
02/10/2007; R$ 1.825,00 ; R$ 1.840,00 ; R$ 1.822,00 ; R$ 1.840,00 
01/10/2007; R$ 1.843,00 ; R$ 1.844,00 ; R$ 1.812,00 ; R$ 1.814,00 
28/09/2007; R$ 1.844,50 ; R$ 1.846,00 ; R$ 1.836,00 ; R$ 1.838,50 
27/09/2007; R$ 1.837,00 ; R$ 1.845,00 ; R$ 1.836,00 ; R$ 1.845,00 
26/09/2007; R$ 1.849,00 ; R$ 1.854,50 ; R$ 1.843,50 ; R$ 1.845,00 
25/09/2007; R$ 1.877,00 ; R$ 1.879,50 ; R$ 1.856,50 ; R$ 1.859,00 
24/09/2007; R$ 1.862,50 ; R$ 1.875,50 ; R$ 1.862,00 ; R$ 1.872,00 
21/09/2007; R$ 1.864,00 ; R$ 1.871,50 ; R$ 1.859,00 ; R$ 1.870,00 
20/09/2007; R$ 1.870,00 ; R$ 1.887,00 ; R$ 1.854,50 ; R$ 1.878,00 
19/09/2007; R$ 1.870,00 ; R$ 1.874,00 ; R$ 1.859,00 ; R$ 1.871,00 
18/09/2007; R$ 1.916,00 ; R$ 1.916,00 ; R$ 1.870,00 ; R$ 1.874,00 
17/09/2007; R$ 1.912,00 ; R$ 1.928,00 ; R$ 1.909,00 ; R$ 1.920,00 
14/09/2007; R$ 1.914,50 ; R$ 1.917,00 ; R$ 1.895,00 ; R$ 1.900,00 
13/09/2007; R$ 1.907,00 ; R$ 1.911,00 ; R$ 1.897,00 ; R$ 1.911,00 
12/09/2007; R$ 1.931,00 ; R$ 1.932,00 ; R$ 1.909,50 ; R$ 1.910,00 
11/09/2007; R$ 1.940,00 ; R$ 1.942,00 ; R$ 1.925,50 ; R$ 1.928,50 
10/09/2007; R$ 1.963,00 ; R$ 1.971,50 ; R$ 1.947,50 ; R$ 1.951,00 
06/09/2007; R$ 1.969,00 ; R$ 1.969,00 ; R$ 1.950,00 ; R$ 1.950,00 
05/09/2007; R$ 1.966,00 ; R$ 1.977,00 ; R$ 1.961,50 ; R$ 1.968,00 
04/09/2007; R$ 1.967,00 ; R$ 1.970,00 ; R$ 1.950,00 ; R$ 1.952,00 
03/09/2007; R$ 1.968,50 ; R$ 1.968,50 ; R$ 1.945,00 ; R$ 1.954,00 
31/08/2007; R$ 1.953,00 ; R$ 1.966,00 ; R$ 1.953,00 ; R$ 1.964,50 
30/08/2007; R$ 1.974,00 ; R$ 1.989,00 ; R$ 1.960,50 ; R$ 1.971,00 
29/08/2007; R$ 1.991,00 ; R$ 2.001,00 ; R$ 1.955,00 ; R$ 1.964,00 
28/08/2007; R$ 1.967,00 ; R$ 2.015,00 ; R$ 1.964,00 ; R$ 2.015,00 
27/08/2007; R$ 1.942,00 ; R$ 1.965,00 ; R$ 1.942,00 ; R$ 1.965,00 
24/08/2007; R$ 1.990,00 ; R$ 1.993,00 ; R$ 1.937,50 ; R$ 1.938,00 
23/08/2007; R$ 1.982,00 ; R$ 2.006,00 ; R$ 1.978,00 ; R$ 1.987,00 
22/08/2007; R$ 2.017,00 ; R$ 2.021,00 ; R$ 1.994,50 ; R$ 1.997,00 
21/08/2007; R$ 2.025,00 ; R$ 2.052,00 ; R$ 2.021,00 ; R$ 2.044,00 
20/08/2007; R$ 2.006,00 ; R$ 2.064,00 ; R$ 2.000,00 ; R$ 2.032,50 
17/08/2007; R$ 2.075,00 ; R$ 2.075,00 ; R$ 2.000,00 ; R$ 2.008,00 
16/08/2007; R$ 2.125,00 ; R$ 2.131,00 ; R$ 2.058,00 ; R$ 2.060,00 
15/08/2007; R$ 2.014,00 ; R$ 2.060,00 ; R$ 1.987,00 ; R$ 2.060,00 
14/08/2007; R$ 1.955,00 ; R$ 1.999,00 ; R$ 1.953,00 ; R$ 1.998,00 
13/08/2007; R$ 1.939,00 ; R$ 1.958,00 ; R$ 1.937,00 ; R$ 1.958,00 
10/08/2007; R$ 1.960,00 ; R$ 1.975,00 ; R$ 1.939,50 ; R$ 1.958,00 
09/08/2007; R$ 1.905,00 ; R$ 1.938,00 ; R$ 1.905,00 ; R$ 1.932,00 
08/08/2007; R$ 1.896,00 ; R$ 1.896,50 ; R$ 1.888,00 ; R$ 1.891,50 
07/08/2007; R$ 1.902,50 ; R$ 1.920,00 ; R$ 1.899,00 ; R$ 1.911,00 
06/08/2007; R$ 1.904,50 ; R$ 1.923,00 ; R$ 1.903,00 ; R$ 1.906,00 
03/08/2007; R$ 1.878,00 ; R$ 1.911,00 ; R$ 1.875,00 ; R$ 1.908,00 
02/08/2007; R$ 1.880,00 ; R$ 1.885,00 ; R$ 1.876,00 ; R$ 1.880,00 
01/08/2007; R$ 1.895,00 ; R$ 1.901,00 ; R$ 1.885,00 ; R$ 1.886,00 
31/07/2007; R$ 1.864,00 ; R$ 1.876,00 ; R$ 1.864,00 ; R$ 1.875,00 
30/07/2007; R$ 1.900,00 ; R$ 1.902,00 ; R$ 1.870,50 ; R$ 1.875,00 
27/07/2007; R$ 1.920,00 ; R$ 1.940,00 ; R$ 1.894,00 ; R$ 1.895,00 
26/07/2007; R$ 1.883,00 ; R$ 1.934,50 ; R$ 1.880,00 ; R$ 1.909,00 
25/07/2007; R$ 1.855,00 ; R$ 1.885,00 ; R$ 1.854,00 ; R$ 1.862,00 
24/07/2007; R$ 1.838,00 ; R$ 1.872,00 ; R$ 1.838,00 ; R$ 1.865,00 
23/07/2007; R$ 1.855,50 ; R$ 1.855,50 ; R$ 1.840,50 ; R$ 1.840,50 
20/07/2007; R$ 1.864,50 ; R$ 1.868,00 ; R$ 1.858,50 ; R$ 1.860,00 
19/07/2007; R$ 1.856,50 ; R$ 1.863,00 ; R$ 1.853,50 ; R$ 1.863,00 
18/07/2007; R$ 1.868,00 ; R$ 1.869,50 ; R$ 1.855,50 ; R$ 1.859,50 
17/07/2007; R$ 1.870,50 ; R$ 1.871,50 ; R$ 1.860,50 ; R$ 1.861,50 
16/07/2007; R$ 1.866,00 ; R$ 1.878,00 ; R$ 1.865,50 ; R$ 1.870,00 
13/07/2007; R$ 1.870,50 ; R$ 1.879,00 ; R$ 1.862,50 ; R$ 1.862,50 
12/07/2007; R$ 1.889,50 ; R$ 1.898,00 ; R$ 1.872,50 ; R$ 1.872,50 
11/07/2007; R$ 1.910,00 ; R$ 1.910,00 ; R$ 1.889,50 ; R$ 1.894,00 
10/07/2007; R$ 1.908,00 ; R$ 1.915,00 ; R$ 1.894,00 ; R$ 1.904,00 
06/07/2007; R$ 1.912,00 ; R$ 1.913,00 ; R$ 1.905,00 ; R$ 1.906,00 
05/07/2007; R$ 1.914,00 ; R$ 1.926,00 ; R$ 1.913,00 ; R$ 1.916,00 
04/07/2007; R$ 1.917,00 ; R$ 1.921,00 ; R$ 1.912,50 ; R$ 1.912,50 
03/07/2007; R$ 1.915,00 ; R$ 1.922,50 ; R$ 1.912,50 ; R$ 1.918,50 
02/07/2007; R$ 1.930,00 ; R$ 1.931,00 ; R$ 1.919,00 ; R$ 1.921,50 
29/06/2007; R$ 1.928,00 ; R$ 1.930,00 ; R$ 1.919,00 ; R$ 1.926,50 
28/06/2007; R$ 1.931,50 ; R$ 1.933,00 ; R$ 1.919,00 ; R$ 1.927,00 
27/06/2007; R$ 1.968,00 ; R$ 1.969,00 ; R$ 1.934,00 ; R$ 1.934,00 
26/06/2007; R$ 1.945,00 ; R$ 1.961,00 ; R$ 1.939,00 ; R$ 1.959,00 
25/06/2007; R$ 1.942,00 ; R$ 1.957,00 ; R$ 1.931,00 ; R$ 1.948,00 
22/06/2007; R$ 1.922,00 ; R$ 1.949,00 ; R$ 1.919,00 ; R$ 1.946,50 
21/06/2007; R$ 1.932,00 ; R$ 1.938,50 ; R$ 1.913,50 ; R$ 1.922,00 
20/06/2007; R$ 1.898,00 ; R$ 1.937,00 ; R$ 1.897,50 ; R$ 1.933,00 
19/06/2007; R$ 1.912,00 ; R$ 1.914,00 ; R$ 1.901,50 ; R$ 1.906,00 
18/06/2007; R$ 1.903,00 ; R$ 1.910,50 ; R$ 1.901,00 ; R$ 1.910,00 
15/06/2007; R$ 1.920,00 ; R$ 1.920,50 ; R$ 1.907,00 ; R$ 1.914,50 
14/06/2007; R$ 1.939,00 ; R$ 1.940,00 ; R$ 1.921,50 ; R$ 1.925,00 
13/06/2007; R$ 1.958,00 ; R$ 1.968,00 ; R$ 1.942,50 ; R$ 1.946,00 
12/06/2007; R$ 1.954,00 ; R$ 1.966,00 ; R$ 1.938,50 ; R$ 1.966,00 
11/06/2007; R$ 1.967,00 ; R$ 1.967,00 ; R$ 1.941,50 ; R$ 1.952,50 
08/06/2007; R$ 1.994,00 ; R$ 1.995,00 ; R$ 1.963,00 ; R$ 1.963,00 
06/06/2007; R$ 1.963,50 ; R$ 1.978,00 ; R$ 1.956,50 ; R$ 1.958,00 
05/06/2007; R$ 1.936,00 ; R$ 1.952,50 ; R$ 1.929,00 ; R$ 1.946,00 
04/06/2007; R$ 1.914,00 ; R$ 1.935,00 ; R$ 1.913,50 ; R$ 1.935,00 
01/06/2007; R$ 1.921,00 ; R$ 1.921,00 ; R$ 1.906,00 ; R$ 1.911,50 
31/05/2007; R$ 1.934,50 ; R$ 1.935,00 ; R$ 1.925,00 ; R$ 1.928,00 
30/05/2007; R$ 1.962,00 ; R$ 1.962,00 ; R$ 1.939,00 ; R$ 1.940,00 
29/05/2007; R$ 1.938,50 ; R$ 1.955,00 ; R$ 1.938,00 ; R$ 1.950,50 
28/05/2007; R$ 1.950,00 ; R$ 1.950,00 ; R$ 1.943,00 ; R$ 1.945,50 
25/05/2007; R$ 1.957,50 ; R$ 1.958,50 ; R$ 1.947,00 ; R$ 1.952,00 
24/05/2007; R$ 1.963,00 ; R$ 1.977,00 ; R$ 1.957,00 ; R$ 1.964,00 
23/05/2007; R$ 1.945,00 ; R$ 1.962,00 ; R$ 1.940,00 ; R$ 1.959,50 
22/05/2007; R$ 1.935,00 ; R$ 1.955,00 ; R$ 1.935,00 ; R$ 1.954,50 
21/05/2007; R$ 1.958,00 ; R$ 1.960,00 ; R$ 1.940,00 ; R$ 1.943,00 
18/05/2007; R$ 1.961,00 ; R$ 1.973,00 ; R$ 1.959,50 ; R$ 1.963,50 
17/05/2007; R$ 1.956,50 ; R$ 1.969,50 ; R$ 1.954,00 ; R$ 1.965,00 
16/05/2007; R$ 1.972,00 ; R$ 1.974,00 ; R$ 1.954,00 ; R$ 1.958,00 
15/05/2007; R$ 2.010,00 ; R$ 2.010,00 ; R$ 1.980,00 ; R$ 1.980,00 
14/05/2007; R$ 2.018,00 ; R$ 2.019,00 ; R$ 2.008,00 ; R$ 2.010,50 
11/05/2007; R$ 2.028,50 ; R$ 2.037,00 ; R$ 2.021,50 ; R$ 2.022,50 
10/05/2007; R$ 2.026,50 ; R$ 2.034,50 ; R$ 2.019,00 ; R$ 2.033,50 
09/05/2007; R$ 2.031,50 ; R$ 2.033,50 ; R$ 2.019,00 ; R$ 2.019,00 
08/05/2007; R$ 2.030,00 ; R$ 2.033,00 ; R$ 2.024,50 ; R$ 2.032,00 
07/05/2007; R$ 2.036,50 ; R$ 2.037,50 ; R$ 2.026,00 ; R$ 2.027,00 
04/05/2007; R$ 2.027,50 ; R$ 2.044,00 ; R$ 2.023,50 ; R$ 2.038,00 
03/05/2007; R$ 2.023,00 ; R$ 2.037,00 ; R$ 2.016,50 ; R$ 2.035,00 
02/05/2007; R$ 2.040,00 ; R$ 2.040,00 ; R$ 2.027,50 ; R$ 2.027,50 
30/04/2007; R$ 2.032,00 ; R$ 2.036,00 ; R$ 2.032,00 ; R$ 2.034,00 
27/04/2007; R$ 2.034,00 ; R$ 2.035,00 ; R$ 2.027,50 ; R$ 2.031,50 
26/04/2007; R$ 2.021,00 ; R$ 2.034,00 ; R$ 2.021,00 ; R$ 2.034,00 
25/04/2007; R$ 2.030,00 ; R$ 2.031,00 ; R$ 2.019,00 ; R$ 2.021,00 
24/04/2007; R$ 2.035,00 ; R$ 2.043,00 ; R$ 2.034,00 ; R$ 2.035,00 
23/04/2007; R$ 2.027,00 ; R$ 2.040,00 ; R$ 2.023,00 ; R$ 2.035,50 
20/04/2007; R$ 2.025,50 ; R$ 2.031,50 ; R$ 2.015,00 ; R$ 2.029,00 
19/04/2007; R$ 2.042,50 ; R$ 2.042,50 ; R$ 2.030,00 ; R$ 2.031,50 
18/04/2007; R$ 2.043,50 ; R$ 2.044,00 ; R$ 2.034,00 ; R$ 2.037,00 
17/04/2007; R$ 2.040,00 ; R$ 2.042,00 ; R$ 2.033,00 ; R$ 2.041,00 
16/04/2007; R$ 2.040,00 ; R$ 2.042,00 ; R$ 2.032,00 ; R$ 2.037,00 
13/04/2007; R$ 2.039,00 ; R$ 2.039,50 ; R$ 2.024,00 ; R$ 2.026,00 
12/04/2007; R$ 2.044,00 ; R$ 2.048,50 ; R$ 2.037,00 ; R$ 2.037,00 
11/04/2007; R$ 2.034,00 ; R$ 2.045,00 ; R$ 2.033,50 ; R$ 2.045,00 
10/04/2007; R$ 2.035,50 ; R$ 2.037,50 ; R$ 2.030,50 ; R$ 2.035,50 
09/04/2007; R$ 2.031,00 ; R$ 2.031,50 ; R$ 2.026,50 ; R$ 2.031,50 
05/04/2007; R$ 2.042,00 ; R$ 2.046,00 ; R$ 2.037,00 ; R$ 2.038,00 
04/04/2007; R$ 2.046,00 ; R$ 2.047,50 ; R$ 2.035,50 ; R$ 2.045,00 
03/04/2007; R$ 2.048,00 ; R$ 2.048,00 ; R$ 2.043,00 ; R$ 2.045,00 
02/04/2007; R$ 2.062,00 ; R$ 2.062,00 ; R$ 2.053,00 ; R$ 2.053,50 
30/03/2007; R$ 2.036,00 ; R$ 2.049,00 ; R$ 2.033,00 ; R$ 2.049,00 
29/03/2007; R$ 2.063,50 ; R$ 2.063,50 ; R$ 2.038,00 ; R$ 2.040,00 
28/03/2007; R$ 2.068,00 ; R$ 2.080,00 ; R$ 2.066,00 ; R$ 2.068,00 
27/03/2007; R$ 2.062,50 ; R$ 2.069,50 ; R$ 2.062,50 ; R$ 2.069,50 
26/03/2007; R$ 2.060,00 ; R$ 2.066,50 ; R$ 2.057,50 ; R$ 2.062,00 
23/03/2007; R$ 2.060,00 ; R$ 2.070,00 ; R$ 2.060,00 ; R$ 2.063,00 
22/03/2007; R$ 2.053,00 ; R$ 2.066,50 ; R$ 2.053,00 ; R$ 2.064,50 
21/03/2007; R$ 2.078,50 ; R$ 2.078,50 ; R$ 2.055,50 ; R$ 2.056,00 
20/03/2007; R$ 2.079,00 ; R$ 2.083,00 ; R$ 2.076,00 ; R$ 2.080,00 
19/03/2007; R$ 2.088,50 ; R$ 2.089,00 ; R$ 2.078,50 ; R$ 2.078,50 
16/03/2007; R$ 2.098,50 ; R$ 2.098,50 ; R$ 2.089,50 ; R$ 2.097,00 
15/03/2007; R$ 2.092,50 ; R$ 2.104,00 ; R$ 2.092,00 ; R$ 2.096,50 
14/03/2007; R$ 2.121,00 ; R$ 2.121,00 ; R$ 2.093,50 ; R$ 2.095,00 
13/03/2007; R$ 2.101,00 ; R$ 2.120,00 ; R$ 2.094,00 ; R$ 2.117,00 
12/03/2007; R$ 2.100,00 ; R$ 2.104,00 ; R$ 2.092,00 ; R$ 2.095,00 
09/03/2007; R$ 2.111,50 ; R$ 2.112,00 ; R$ 2.100,00 ; R$ 2.104,50 
08/03/2007; R$ 2.116,00 ; R$ 2.118,00 ; R$ 2.109,50 ; R$ 2.117,50 
07/03/2007; R$ 2.125,00 ; R$ 2.131,00 ; R$ 2.116,00 ; R$ 2.131,00 
06/03/2007; R$ 2.136,00 ; R$ 2.136,00 ; R$ 2.121,50 ; R$ 2.125,00 
05/03/2007; R$ 2.159,50 ; R$ 2.159,50 ; R$ 2.142,00 ; R$ 2.152,00 
02/03/2007; R$ 2.139,00 ; R$ 2.143,00 ; R$ 2.121,50 ; R$ 2.141,00 
01/03/2007; R$ 2.128,00 ; R$ 2.153,00 ; R$ 2.123,00 ; R$ 2.129,00 
28/02/2007; R$ 2.125,00 ; R$ 2.135,00 ; R$ 2.115,50 ; R$ 2.118,00 
27/02/2007; R$ 2.098,00 ; R$ 2.149,50 ; R$ 2.096,50 ; R$ 2.134,50 
26/02/2007; R$ 2.084,00 ; R$ 2.091,00 ; R$ 2.078,50 ; R$ 2.081,00 
23/02/2007; R$ 2.084,00 ; R$ 2.093,50 ; R$ 2.076,50 ; R$ 2.087,50 
22/02/2007; R$ 2.077,00 ; R$ 2.088,00 ; R$ 2.066,00 ; R$ 2.084,50 
21/02/2007; R$ 2.089,00 ; R$ 2.089,00 ; R$ 2.078,00 ; R$ 2.078,50 
16/02/2007; R$ 2.095,00 ; R$ 2.096,00 ; R$ 2.090,00 ; R$ 2.094,50 
15/02/2007; R$ 2.093,00 ; R$ 2.098,00 ; R$ 2.086,00 ; R$ 2.095,00 
14/02/2007; R$ 2.108,00 ; R$ 2.110,00 ; R$ 2.088,00 ; R$ 2.092,50 
13/02/2007; R$ 2.117,00 ; R$ 2.119,00 ; R$ 2.108,00 ; R$ 2.112,00 
12/02/2007; R$ 2.118,00 ; R$ 2.123,00 ; R$ 2.114,50 ; R$ 2.122,00 
09/02/2007; R$ 2.103,00 ; R$ 2.115,50 ; R$ 2.102,00 ; R$ 2.113,00 
08/02/2007; R$ 2.102,00 ; R$ 2.107,00 ; R$ 2.097,00 ; R$ 2.105,00 
07/02/2007; R$ 2.082,00 ; R$ 2.104,00 ; R$ 2.081,00 ; R$ 2.103,00 
06/02/2007; R$ 2.081,50 ; R$ 2.092,00 ; R$ 2.080,00 ; R$ 2.087,00 
05/02/2007; R$ 2.110,00 ; R$ 2.113,50 ; R$ 2.086,50 ; R$ 2.087,00 
02/02/2007; R$ 2.095,00 ; R$ 2.113,00 ; R$ 2.086,00 ; R$ 2.111,00 
01/02/2007; R$ 2.125,50 ; R$ 2.125,50 ; R$ 2.098,00 ; R$ 2.098,00 
31/01/2007; R$ 2.130,00 ; R$ 2.132,00 ; R$ 2.125,00 ; R$ 2.125,50 
30/01/2007; R$ 2.137,50 ; R$ 2.137,50 ; R$ 2.129,50 ; R$ 2.131,00 
29/01/2007; R$ 2.136,50 ; R$ 2.140,00 ; R$ 2.134,00 ; R$ 2.137,50 
26/01/2007; R$ 2.137,00 ; R$ 2.139,50 ; R$ 2.133,00 ; R$ 2.138,00 
24/01/2007; R$ 2.131,00 ; R$ 2.132,00 ; R$ 2.127,00 ; R$ 2.129,00 
23/01/2007; R$ 2.138,00 ; R$ 2.141,00 ; R$ 2.131,00 ; R$ 2.131,00 
22/01/2007; R$ 2.132,00 ; R$ 2.139,50 ; R$ 2.130,50 ; R$ 2.139,50 
19/01/2007; R$ 2.140,50 ; R$ 2.140,50 ; R$ 2.132,00 ; R$ 2.134,50 
18/01/2007; R$ 2.143,00 ; R$ 2.143,00 ; R$ 2.133,50 ; R$ 2.142,00 
17/01/2007; R$ 2.143,00 ; R$ 2.144,50 ; R$ 2.138,00 ; R$ 2.142,00 
16/01/2007; R$ 2.149,50 ; R$ 2.152,00 ; R$ 2.143,50 ; R$ 2.144,00 
15/01/2007; R$ 2.147,50 ; R$ 2.150,00 ; R$ 2.145,50 ; R$ 2.148,00 
12/01/2007; R$ 2.156,00 ; R$ 2.157,00 ; R$ 2.146,50 ; R$ 2.148,00 
11/01/2007; R$ 2.156,00 ; R$ 2.160,50 ; R$ 2.151,50 ; R$ 2.154,50 
10/01/2007; R$ 2.162,50 ; R$ 2.169,50 ; R$ 2.156,00 ; R$ 2.157,00 
09/01/2007; R$ 2.155,50 ; R$ 2.163,50 ; R$ 2.152,50 ; R$ 2.157,00 
08/01/2007; R$ 2.160,00 ; R$ 2.164,50 ; R$ 2.156,00 ; R$ 2.156,50 
05/01/2007; R$ 2.156,50 ; R$ 2.167,00 ; R$ 2.150,50 ; R$ 2.164,00 
04/01/2007; R$ 2.155,00 ; R$ 2.157,50 ; R$ 2.151,50 ; R$ 2.155,50 
03/01/2007; R$ 2.145,00 ; R$ 2.155,50 ; R$ 2.144,50 ; R$ 2.155,00 
02/01/2007; R$ 2.149,50 ; R$ 2.150,00 ; R$ 2.141,50 ; R$ 2.142,00 
28/12/2006; R$ 2.145,00 ; R$ 2.146,00 ; R$ 2.137,50 ; R$ 2.137,50 
27/12/2006; R$ 2.147,00 ; R$ 2.149,00 ; R$ 2.142,50 ; R$ 2.146,00 
26/12/2006; R$ 2.148,00 ; R$ 2.149,50 ; R$ 2.142,00 ; R$ 2.149,00 
22/12/2006; R$ 2.154,00 ; R$ 2.156,00 ; R$ 2.147,50 ; R$ 2.150,00 
21/12/2006; R$ 2.161,00 ; R$ 2.163,50 ; R$ 2.155,50 ; R$ 2.156,50 
20/12/2006; R$ 2.156,00 ; R$ 2.161,00 ; R$ 2.154,00 ; R$ 2.160,00 
19/12/2006; R$ 2.157,50 ; R$ 2.164,00 ; R$ 2.154,50 ; R$ 2.160,00 
18/12/2006; R$ 2.145,50 ; R$ 2.154,50 ; R$ 2.145,00 ; R$ 2.154,50 
15/12/2006; R$ 2.150,00 ; R$ 2.153,50 ; R$ 2.145,50 ; R$ 2.148,50 
14/12/2006; R$ 2.155,00 ; R$ 2.155,50 ; R$ 2.145,00 ; R$ 2.147,50 
13/12/2006; R$ 2.152,00 ; R$ 2.156,00 ; R$ 2.148,00 ; R$ 2.156,00 
12/12/2006; R$ 2.147,00 ; R$ 2.158,50 ; R$ 2.146,50 ; R$ 2.153,50 
11/12/2006; R$ 2.145,00 ; R$ 2.148,00 ; R$ 2.142,50 ; R$ 2.145,50 
08/12/2006; R$ 2.155,00 ; R$ 2.156,50 ; R$ 2.143,50 ; R$ 2.150,00 
07/12/2006; R$ 2.155,00 ; R$ 2.156,00 ; R$ 2.149,00 ; R$ 2.153,00 
06/12/2006; R$ 2.159,50 ; R$ 2.165,00 ; R$ 2.153,00 ; R$ 2.155,00 
05/12/2006; R$ 2.168,00 ; R$ 2.171,00 ; R$ 2.157,00 ; R$ 2.157,50 
04/12/2006; R$ 2.176,00 ; R$ 2.183,00 ; R$ 2.169,00 ; R$ 2.169,50 
01/12/2006; R$ 2.176,50 ; R$ 2.184,00 ; R$ 2.172,50 ; R$ 2.181,00 
30/11/2006; R$ 2.165,50 ; R$ 2.169,50 ; R$ 2.161,00 ; R$ 2.167,50 
29/11/2006; R$ 2.177,00 ; R$ 2.185,00 ; R$ 2.166,00 ; R$ 2.166,00 
28/11/2006; R$ 2.195,00 ; R$ 2.197,50 ; R$ 2.183,00 ; R$ 2.184,50 
27/11/2006; R$ 2.175,00 ; R$ 2.207,00 ; R$ 2.171,50 ; R$ 2.200,50 
24/11/2006; R$ 2.179,00 ; R$ 2.179,00 ; R$ 2.167,00 ; R$ 2.173,50 
23/11/2006; R$ 2.167,00 ; R$ 2.175,00 ; R$ 2.166,00 ; R$ 2.174,00 
22/11/2006; R$ 2.165,00 ; R$ 2.171,50 ; R$ 2.161,00 ; R$ 2.167,00 
21/11/2006; R$ 2.163,50 ; R$ 2.172,00 ; R$ 2.163,50 ; R$ 2.170,00 
17/11/2006; R$ 2.162,00 ; R$ 2.173,50 ; R$ 2.161,00 ; R$ 2.168,50 
16/11/2006; R$ 2.150,00 ; R$ 2.163,00 ; R$ 2.150,00 ; R$ 2.163,00 
14/11/2006; R$ 2.167,50 ; R$ 2.168,00 ; R$ 2.151,50 ; R$ 2.152,50 
13/11/2006; R$ 2.160,50 ; R$ 2.178,00 ; R$ 2.160,50 ; R$ 2.170,00 
10/11/2006; R$ 2.152,00 ; R$ 2.165,00 ; R$ 2.148,50 ; R$ 2.165,00 
09/11/2006; R$ 2.152,00 ; R$ 2.156,50 ; R$ 2.147,50 ; R$ 2.154,00 
08/11/2006; R$ 2.154,00 ; R$ 2.159,00 ; R$ 2.150,00 ; R$ 2.151,50 
07/11/2006; R$ 2.143,00 ; R$ 2.150,50 ; R$ 2.142,00 ; R$ 2.150,50 
06/11/2006; R$ 2.147,00 ; R$ 2.151,00 ; R$ 2.145,00 ; R$ 2.149,00 
03/11/2006; R$ 2.158,00 ; R$ 2.161,50 ; R$ 2.149,00 ; R$ 2.149,00 
01/11/2006; R$ 2.151,50 ; R$ 2.160,00 ; R$ 2.147,50 ; R$ 2.153,00 
31/10/2006; R$ 2.147,00 ; R$ 2.147,00 ; R$ 2.139,00 ; R$ 2.142,00 
30/10/2006; R$ 2.142,00 ; R$ 2.151,00 ; R$ 2.139,00 ; R$ 2.151,00 
27/10/2006; R$ 2.145,00 ; R$ 2.145,00 ; R$ 2.132,00 ; R$ 2.132,00 
26/10/2006; R$ 2.140,00 ; R$ 2.142,00 ; R$ 2.133,50 ; R$ 2.139,50 
25/10/2006; R$ 2.153,50 ; R$ 2.159,00 ; R$ 2.143,50 ; R$ 2.143,50 
24/10/2006; R$ 2.142,00 ; R$ 2.161,00 ; R$ 2.142,00 ; R$ 2.159,00 
23/10/2006; R$ 2.144,00 ; R$ 2.146,00 ; R$ 2.141,00 ; R$ 2.142,50 
20/10/2006; R$ 2.149,00 ; R$ 2.155,00 ; R$ 2.143,50 ; R$ 2.144,00 
19/10/2006; R$ 2.138,00 ; R$ 2.150,00 ; R$ 2.137,50 ; R$ 2.150,00 
18/10/2006; R$ 2.137,00 ; R$ 2.142,50 ; R$ 2.132,50 ; R$ 2.140,50 
17/10/2006; R$ 2.140,00 ; R$ 2.149,00 ; R$ 2.137,00 ; R$ 2.139,50 
16/10/2006; R$ 2.144,00 ; R$ 2.144,00 ; R$ 2.135,00 ; R$ 2.138,00 
13/10/2006; R$ 2.154,00 ; R$ 2.155,00 ; R$ 2.144,50 ; R$ 2.145,00 
11/10/2006; R$ 2.170,00 ; R$ 2.174,00 ; R$ 2.158,50 ; R$ 2.170,00 
10/10/2006; R$ 2.163,00 ; R$ 2.165,00 ; R$ 2.156,50 ; R$ 2.165,00 
09/10/2006; R$ 2.174,00 ; R$ 2.174,50 ; R$ 2.164,00 ; R$ 2.165,00 
06/10/2006; R$ 2.174,00 ; R$ 2.183,00 ; R$ 2.171,50 ; R$ 2.172,50 
05/10/2006; R$ 2.174,00 ; R$ 2.180,00 ; R$ 2.167,00 ; R$ 2.174,00 
04/10/2006; R$ 2.189,00 ; R$ 2.189,00 ; R$ 2.172,00 ; R$ 2.173,50 
03/10/2006; R$ 2.175,00 ; R$ 2.193,00 ; R$ 2.171,50 ; R$ 2.193,00 
02/10/2006; R$ 2.188,00 ; R$ 2.189,00 ; R$ 2.169,50 ; R$ 2.170,00 
29/09/2006; R$ 2.167,50 ; R$ 2.183,00 ; R$ 2.166,50 ; R$ 2.175,00 
28/09/2006; R$ 2.186,00 ; R$ 2.192,00 ; R$ 2.169,00 ; R$ 2.169,00 
27/09/2006; R$ 2.183,00 ; R$ 2.192,00 ; R$ 2.181,50 ; R$ 2.192,00 
26/09/2006; R$ 2.218,00 ; R$ 2.221,00 ; R$ 2.187,50 ; R$ 2.189,00 
25/09/2006; R$ 2.200,00 ; R$ 2.238,00 ; R$ 2.200,00 ; R$ 2.225,00 
22/09/2006; R$ 2.227,00 ; R$ 2.235,00 ; R$ 2.208,00 ; R$ 2.213,00 
21/09/2006; R$ 2.176,00 ; R$ 2.222,00 ; R$ 2.174,50 ; R$ 2.219,00 
20/09/2006; R$ 2.162,00 ; R$ 2.186,50 ; R$ 2.159,00 ; R$ 2.179,00 
19/09/2006; R$ 2.157,50 ; R$ 2.172,00 ; R$ 2.149,00 ; R$ 2.165,50 
18/09/2006; R$ 2.157,00 ; R$ 2.157,00 ; R$ 2.147,50 ; R$ 2.154,00 
15/09/2006; R$ 2.167,00 ; R$ 2.167,00 ; R$ 2.156,00 ; R$ 2.158,50 
14/09/2006; R$ 2.168,00 ; R$ 2.175,00 ; R$ 2.160,50 ; R$ 2.167,00 
13/09/2006; R$ 2.177,00 ; R$ 2.185,50 ; R$ 2.165,00 ; R$ 2.168,00 
12/09/2006; R$ 2.190,00 ; R$ 2.197,50 ; R$ 2.175,00 ; R$ 2.175,00 
11/09/2006; R$ 2.174,00 ; R$ 2.196,00 ; R$ 2.174,00 ; R$ 2.195,00 
08/09/2006; R$ 2.162,00 ; R$ 2.172,50 ; R$ 2.162,00 ; R$ 2.170,00 
06/09/2006; R$ 2.150,00 ; R$ 2.164,00 ; R$ 2.148,00 ; R$ 2.160,50 
05/09/2006; R$ 2.137,00 ; R$ 2.145,50 ; R$ 2.136,00 ; R$ 2.145,50 
04/09/2006; R$ 2.145,00 ; R$ 2.147,00 ; R$ 2.133,00 ; R$ 2.134,50 
01/09/2006; R$ 2.161,00 ; R$ 2.167,00 ; R$ 2.149,00 ; R$ 2.150,00 
31/08/2006; R$ 2.135,00 ; R$ 2.145,00 ; R$ 2.131,00 ; R$ 2.138,00 
30/08/2006; R$ 2.137,00 ; R$ 2.140,50 ; R$ 2.129,00 ; R$ 2.138,00 
29/08/2006; R$ 2.140,00 ; R$ 2.148,00 ; R$ 2.135,50 ; R$ 2.138,50 
28/08/2006; R$ 2.157,50 ; R$ 2.163,00 ; R$ 2.139,50 ; R$ 2.141,50 
25/08/2006; R$ 2.154,00 ; R$ 2.167,00 ; R$ 2.151,00 ; R$ 2.165,00 
24/08/2006; R$ 2.149,00 ; R$ 2.172,00 ; R$ 2.147,50 ; R$ 2.156,00 
23/08/2006; R$ 2.141,00 ; R$ 2.158,00 ; R$ 2.132,00 ; R$ 2.158,00 
22/08/2006; R$ 2.138,00 ; R$ 2.145,00 ; R$ 2.133,50 ; R$ 2.141,00 
21/08/2006; R$ 2.150,00 ; R$ 2.150,50 ; R$ 2.135,00 ; R$ 2.137,50 
18/08/2006; R$ 2.149,00 ; R$ 2.157,00 ; R$ 2.142,50 ; R$ 2.151,50 
17/08/2006; R$ 2.143,00 ; R$ 2.152,00 ; R$ 2.136,00 ; R$ 2.149,00 
16/08/2006; R$ 2.152,00 ; R$ 2.153,00 ; R$ 2.134,50 ; R$ 2.148,00 
15/08/2006; R$ 2.168,00 ; R$ 2.169,00 ; R$ 2.146,00 ; R$ 2.150,00 
14/08/2006; R$ 2.172,00 ; R$ 2.175,00 ; R$ 2.165,50 ; R$ 2.175,00 
11/08/2006; R$ 2.165,00 ; R$ 2.176,00 ; R$ 2.165,00 ; R$ 2.176,00 
10/08/2006; R$ 2.181,00 ; R$ 2.182,00 ; R$ 2.167,00 ; R$ 2.167,00 
09/08/2006; R$ 2.180,00 ; R$ 2.184,00 ; R$ 2.173,00 ; R$ 2.177,00 
08/08/2006; R$ 2.194,00 ; R$ 2.200,00 ; R$ 2.183,00 ; R$ 2.183,00 
07/08/2006; R$ 2.197,00 ; R$ 2.200,00 ; R$ 2.187,50 ; R$ 2.200,00 
04/08/2006; R$ 2.189,00 ; R$ 2.199,00 ; R$ 2.182,00 ; R$ 2.194,50 
03/08/2006; R$ 2.206,00 ; R$ 2.208,00 ; R$ 2.190,00 ; R$ 2.192,00 
02/08/2006; R$ 2.204,00 ; R$ 2.207,50 ; R$ 2.191,50 ; R$ 2.200,00 
01/08/2006; R$ 2.200,00 ; R$ 2.210,50 ; R$ 2.196,00 ; R$ 2.207,00 
31/07/2006; R$ 2.174,00 ; R$ 2.182,00 ; R$ 2.172,00 ; R$ 2.176,00 
28/07/2006; R$ 2.194,50 ; R$ 2.196,50 ; R$ 2.175,00 ; R$ 2.178,50 
27/07/2006; R$ 2.190,00 ; R$ 2.196,00 ; R$ 2.185,00 ; R$ 2.192,90 
26/07/2006; R$ 2.206,00 ; R$ 2.217,50 ; R$ 2.191,00 ; R$ 2.194,50 
25/07/2006; R$ 2.189,00 ; R$ 2.207,00 ; R$ 2.189,00 ; R$ 2.204,00 
24/07/2006; R$ 2.194,00 ; R$ 2.200,00 ; R$ 2.192,50 ; R$ 2.193,40 
21/07/2006; R$ 2.197,00 ; R$ 2.208,50 ; R$ 2.191,00 ; R$ 2.208,00 
20/07/2006; R$ 2.185,00 ; R$ 2.204,00 ; R$ 2.183,00 ; R$ 2.196,00 
19/07/2006; R$ 2.198,00 ; R$ 2.203,00 ; R$ 2.180,00 ; R$ 2.189,50 
18/07/2006; R$ 2.205,00 ; R$ 2.211,00 ; R$ 2.191,00 ; R$ 2.197,00 
17/07/2006; R$ 2.225,00 ; R$ 2.229,50 ; R$ 2.209,00 ; R$ 2.211,00 
14/07/2006; R$ 2.226,00 ; R$ 2.233,00 ; R$ 2.216,10 ; R$ 2.225,00 
13/07/2006; R$ 2.221,00 ; R$ 2.233,00 ; R$ 2.212,00 ; R$ 2.233,00 
12/07/2006; R$ 2.199,00 ; R$ 2.214,00 ; R$ 2.195,10 ; R$ 2.209,50 
11/07/2006; R$ 2.194,00 ; R$ 2.202,00 ; R$ 2.188,00 ; R$ 2.193,00 
10/07/2006; R$ 2.188,00 ; R$ 2.195,00 ; R$ 2.180,50 ; R$ 2.192,50 
07/07/2006; R$ 2.186,00 ; R$ 2.197,50 ; R$ 2.173,00 ; R$ 2.188,00 
06/07/2006; R$ 2.208,00 ; R$ 2.208,00 ; R$ 2.186,00 ; R$ 2.191,00 
05/07/2006; R$ 2.189,00 ; R$ 2.223,00 ; R$ 2.189,00 ; R$ 2.223,00 
04/07/2006; R$ 2.184,50 ; R$ 2.187,00 ; R$ 2.175,50 ; R$ 2.183,00 
03/07/2006; R$ 2.175,00 ; R$ 2.200,00 ; R$ 2.172,50 ; R$ 2.186,00 
30/06/2006; R$ 2.173,00 ; R$ 2.175,00 ; R$ 2.160,00 ; R$ 2.164,00 
29/06/2006; R$ 2.217,00 ; R$ 2.220,00 ; R$ 2.168,00 ; R$ 2.179,00 
28/06/2006; R$ 2.232,00 ; R$ 2.237,50 ; R$ 2.217,50 ; R$ 2.221,00 
27/06/2006; R$ 2.238,00 ; R$ 2.246,00 ; R$ 2.226,00 ; R$ 2.244,00 
26/06/2006; R$ 2.225,00 ; R$ 2.247,00 ; R$ 2.222,00 ; R$ 2.240,00 
23/06/2006; R$ 2.253,00 ; R$ 2.269,00 ; R$ 2.233,00 ; R$ 2.233,00 
22/06/2006; R$ 2.238,00 ; R$ 2.252,00 ; R$ 2.238,00 ; R$ 2.242,00 
21/06/2006; R$ 2.256,00 ; R$ 2.262,00 ; R$ 2.233,00 ; R$ 2.233,00 
20/06/2006; R$ 2.275,00 ; R$ 2.275,00 ; R$ 2.244,00 ; R$ 2.244,00 
19/06/2006; R$ 2.258,00 ; R$ 2.269,00 ; R$ 2.238,00 ; R$ 2.269,00 
16/06/2006; R$ 2.260,00 ; R$ 2.273,50 ; R$ 2.249,10 ; R$ 2.249,10 
14/06/2006; R$ 2.310,00 ; R$ 2.340,00 ; R$ 2.280,00 ; R$ 2.289,90 
13/06/2006; R$ 2.340,00 ; R$ 2.342,00 ; R$ 2.302,00 ; R$ 2.320,00 
12/06/2006; R$ 2.277,00 ; R$ 2.322,00 ; R$ 2.269,50 ; R$ 2.318,00 
09/06/2006; R$ 2.260,00 ; R$ 2.286,00 ; R$ 2.259,00 ; R$ 2.278,00 
08/06/2006; R$ 2.290,00 ; R$ 2.307,00 ; R$ 2.266,00 ; R$ 2.272,10 
07/06/2006; R$ 2.262,00 ; R$ 2.292,00 ; R$ 2.249,00 ; R$ 2.271,00 
06/06/2006; R$ 2.280,00 ; R$ 2.299,50 ; R$ 2.261,00 ; R$ 2.263,00 
05/06/2006; R$ 2.265,00 ; R$ 2.298,00 ; R$ 2.262,00 ; R$ 2.282,00 
02/06/2006; R$ 2.256,00 ; R$ 2.311,00 ; R$ 2.232,00 ; R$ 2.286,10 
01/06/2006; R$ 2.347,00 ; R$ 2.347,00 ; R$ 2.262,00 ; R$ 2.263,00 
31/05/2006; R$ 2.300,00 ; R$ 2.315,00 ; R$ 2.283,00 ; R$ 2.299,90 
30/05/2006; R$ 2.330,00 ; R$ 2.370,00 ; R$ 2.283,10 ; R$ 2.318,00 
29/05/2006; R$ 2.242,00 ; R$ 2.300,00 ; R$ 2.227,00 ; R$ 2.295,00 
26/05/2006; R$ 2.275,00 ; R$ 2.285,00 ; R$ 2.238,00 ; R$ 2.247,30 
25/05/2006; R$ 2.345,00 ; R$ 2.402,00 ; R$ 2.287,40 ; R$ 2.288,00 
24/05/2006; R$ 2.385,00 ; R$ 2.407,70 ; R$ 2.327,00 ; R$ 2.337,00 
23/05/2006; R$ 2.261,50 ; R$ 2.359,00 ; R$ 2.258,00 ; R$ 2.359,00 
22/05/2006; R$ 2.270,00 ; R$ 2.327,40 ; R$ 2.258,50 ; R$ 2.289,00 
19/05/2006; R$ 2.175,00 ; R$ 2.225,00 ; R$ 2.170,00 ; R$ 2.208,10 
18/05/2006; R$ 2.211,00 ; R$ 2.218,50 ; R$ 2.175,00 ; R$ 2.186,00 
17/05/2006; R$ 2.141,00 ; R$ 2.221,00 ; R$ 2.141,00 ; R$ 2.221,00 
16/05/2006; R$ 2.165,00 ; R$ 2.165,00 ; R$ 2.139,00 ; R$ 2.147,00 
15/05/2006; R$ 2.180,00 ; R$ 2.228,10 ; R$ 2.173,00 ; R$ 2.175,50 
12/05/2006; R$ 2.116,00 ; R$ 2.162,00 ; R$ 2.116,00 ; R$ 2.160,00 
11/05/2006; R$ 2.087,00 ; R$ 2.116,50 ; R$ 2.085,00 ; R$ 2.110,00 
10/05/2006; R$ 2.068,00 ; R$ 2.088,00 ; R$ 2.063,00 ; R$ 2.088,00 
09/05/2006; R$ 2.089,00 ; R$ 2.094,00 ; R$ 2.069,50 ; R$ 2.071,00 
08/05/2006; R$ 2.073,00 ; R$ 2.089,00 ; R$ 2.069,00 ; R$ 2.089,00 
05/05/2006; R$ 2.084,00 ; R$ 2.084,50 ; R$ 2.068,50 ; R$ 2.070,00 
04/05/2006; R$ 2.090,00 ; R$ 2.096,00 ; R$ 2.076,10 ; R$ 2.087,00 
03/05/2006; R$ 2.079,80 ; R$ 2.093,00 ; R$ 2.078,00 ; R$ 2.093,00 
02/05/2006; R$ 2.107,00 ; R$ 2.107,50 ; R$ 2.075,00 ; R$ 2.079,50 
28/04/2006; R$ 2.102,00 ; R$ 2.102,00 ; R$ 2.090,00 ; R$ 2.090,00 
27/04/2006; R$ 2.128,00 ; R$ 2.130,50 ; R$ 2.101,60 ; R$ 2.101,60 
26/04/2006; R$ 2.134,00 ; R$ 2.142,00 ; R$ 2.118,00 ; R$ 2.120,00 
25/04/2006; R$ 2.118,00 ; R$ 2.134,00 ; R$ 2.113,50 ; R$ 2.134,00 
24/04/2006; R$ 2.117,00 ; R$ 2.127,10 ; R$ 2.115,50 ; R$ 2.117,10 
20/04/2006; R$ 2.125,00 ; R$ 2.134,00 ; R$ 2.119,50 ; R$ 2.124,10 
19/04/2006; R$ 2.113,00 ; R$ 2.135,00 ; R$ 2.113,00 ; R$ 2.119,50 
18/04/2006; R$ 2.143,00 ; R$ 2.143,00 ; R$ 2.120,00 ; R$ 2.121,00 
17/04/2006; R$ 2.144,00 ; R$ 2.147,10 ; R$ 2.136,50 ; R$ 2.146,00 
13/04/2006; R$ 2.150,00 ; R$ 2.157,90 ; R$ 2.143,00 ; R$ 2.148,00 
12/04/2006; R$ 2.137,00 ; R$ 2.154,50 ; R$ 2.133,00 ; R$ 2.144,50 
11/04/2006; R$ 2.156,00 ; R$ 2.160,00 ; R$ 2.140,30 ; R$ 2.140,30 
10/04/2006; R$ 2.167,00 ; R$ 2.171,00 ; R$ 2.156,50 ; R$ 2.165,00 
07/04/2006; R$ 2.143,50 ; R$ 2.173,00 ; R$ 2.130,00 ; R$ 2.164,90 
06/04/2006; R$ 2.154,00 ; R$ 2.157,00 ; R$ 2.137,20 ; R$ 2.146,00 
05/04/2006; R$ 2.147,00 ; R$ 2.154,00 ; R$ 2.136,00 ; R$ 2.152,00 
04/04/2006; R$ 2.143,00 ; R$ 2.155,50 ; R$ 2.135,00 ; R$ 2.155,50 
31/03/2006; R$ 2.183,00 ; R$ 2.188,00 ; R$ 2.172,50 ; R$ 2.173,00 
30/03/2006; R$ 2.192,00 ; R$ 2.220,00 ; R$ 2.185,00 ; R$ 2.185,50 
29/03/2006; R$ 2.236,00 ; R$ 2.250,00 ; R$ 2.205,00 ; R$ 2.206,00 
28/03/2006; R$ 2.232,00 ; R$ 2.248,00 ; R$ 2.210,00 ; R$ 2.248,00 
27/03/2006; R$ 2.177,00 ; R$ 2.207,00 ; R$ 2.171,00 ; R$ 2.194,50 
24/03/2006; R$ 2.183,00 ; R$ 2.185,50 ; R$ 2.156,00 ; R$ 2.159,50 
23/03/2006; R$ 2.157,00 ; R$ 2.180,00 ; R$ 2.143,00 ; R$ 2.175,00 
22/03/2006; R$ 2.179,00 ; R$ 2.186,00 ; R$ 2.154,50 ; R$ 2.162,00 
21/03/2006; R$ 2.173,00 ; R$ 2.186,00 ; R$ 2.151,00 ; R$ 2.184,00 
20/03/2006; R$ 2.128,00 ; R$ 2.162,00 ; R$ 2.128,00 ; R$ 2.157,50 
17/03/2006; R$ 2.120,00 ; R$ 2.136,00 ; R$ 2.118,00 ; R$ 2.136,00 
16/03/2006; R$ 2.131,00 ; R$ 2.137,00 ; R$ 2.109,00 ; R$ 2.122,50 
15/03/2006; R$ 2.129,00 ; R$ 2.139,50 ; R$ 2.126,10 ; R$ 2.127,00 
14/03/2006; R$ 2.152,00 ; R$ 2.161,00 ; R$ 2.129,00 ; R$ 2.133,00 
13/03/2006; R$ 2.142,00 ; R$ 2.157,10 ; R$ 2.142,00 ; R$ 2.145,00 
10/03/2006; R$ 2.172,00 ; R$ 2.175,00 ; R$ 2.150,00 ; R$ 2.156,00 
09/03/2006; R$ 2.172,00 ; R$ 2.191,50 ; R$ 2.169,00 ; R$ 2.177,50 
08/03/2006; R$ 2.160,00 ; R$ 2.213,00 ; R$ 2.160,00 ; R$ 2.185,00 
07/03/2006; R$ 2.190,00 ; R$ 2.197,90 ; R$ 2.168,50 ; R$ 2.176,00 
06/03/2006; R$ 2.140,00 ; R$ 2.175,00 ; R$ 2.132,50 ; R$ 2.165,00 
03/03/2006; R$ 2.131,00 ; R$ 2.146,00 ; R$ 2.127,50 ; R$ 2.131,10 
02/03/2006; R$ 2.130,00 ; R$ 2.144,00 ; R$ 2.124,00 ; R$ 2.125,00 
24/02/2006; R$ 2.137,00 ; R$ 2.142,00 ; R$ 2.131,00 ; R$ 2.136,00 
23/02/2006; R$ 2.129,00 ; R$ 2.157,00 ; R$ 2.119,00 ; R$ 2.140,00 
22/02/2006; R$ 2.180,00 ; R$ 2.188,00 ; R$ 2.133,00 ; R$ 2.134,50 
21/02/2006; R$ 2.111,00 ; R$ 2.173,00 ; R$ 2.111,00 ; R$ 2.167,10 
20/02/2006; R$ 2.125,00 ; R$ 2.134,00 ; R$ 2.115,10 ; R$ 2.117,00 
17/02/2006; R$ 2.115,00 ; R$ 2.132,50 ; R$ 2.108,50 ; R$ 2.125,00 
16/02/2006; R$ 2.126,50 ; R$ 2.129,00 ; R$ 2.114,50 ; R$ 2.115,00 
15/02/2006; R$ 2.145,00 ; R$ 2.154,80 ; R$ 2.131,00 ; R$ 2.137,00 
14/02/2006; R$ 2.157,00 ; R$ 2.162,00 ; R$ 2.141,00 ; R$ 2.142,00 
13/02/2006; R$ 2.180,00 ; R$ 2.182,00 ; R$ 2.160,00 ; R$ 2.167,00 
10/02/2006; R$ 2.168,00 ; R$ 2.175,00 ; R$ 2.157,00 ; R$ 2.173,50 
09/02/2006; R$ 2.190,50 ; R$ 2.195,00 ; R$ 2.175,50 ; R$ 2.179,00 
08/02/2006; R$ 2.209,00 ; R$ 2.219,00 ; R$ 2.196,00 ; R$ 2.198,50 
07/02/2006; R$ 2.180,00 ; R$ 2.209,00 ; R$ 2.180,00 ; R$ 2.204,00 
06/02/2006; R$ 2.208,00 ; R$ 2.210,00 ; R$ 2.186,10 ; R$ 2.186,10 
03/02/2006; R$ 2.235,00 ; R$ 2.253,00 ; R$ 2.216,00 ; R$ 2.228,00 
02/02/2006; R$ 2.235,00 ; R$ 2.253,60 ; R$ 2.220,00 ; R$ 2.244,00 
01/02/2006; R$ 2.227,00 ; R$ 2.245,00 ; R$ 2.225,00 ; R$ 2.236,50 
31/01/2006; R$ 2.215,00 ; R$ 2.221,00 ; R$ 2.208,00 ; R$ 2.215,00 
30/01/2006; R$ 2.218,00 ; R$ 2.225,50 ; R$ 2.198,10 ; R$ 2.216,50 
27/01/2006; R$ 2.225,00 ; R$ 2.226,00 ; R$ 2.203,10 ; R$ 2.210,00 
26/01/2006; R$ 2.242,00 ; R$ 2.257,00 ; R$ 2.229,00 ; R$ 2.237,00 
24/01/2006; R$ 2.250,00 ; R$ 2.257,00 ; R$ 2.239,00 ; R$ 2.245,00 
23/01/2006; R$ 2.280,00 ; R$ 2.280,00 ; R$ 2.257,00 ; R$ 2.258,00 
20/01/2006; R$ 2.285,00 ; R$ 2.288,30 ; R$ 2.274,00 ; R$ 2.280,00 
19/01/2006; R$ 2.325,00 ; R$ 2.346,00 ; R$ 2.316,00 ; R$ 2.323,00 
18/01/2006; R$ 2.348,00 ; R$ 2.348,00 ; R$ 2.325,00 ; R$ 2.325,00 
17/01/2006; R$ 2.294,00 ; R$ 2.334,00 ; R$ 2.287,00 ; R$ 2.325,00 
16/01/2006; R$ 2.293,00 ; R$ 2.298,00 ; R$ 2.280,00 ; R$ 2.286,00 
13/01/2006; R$ 2.290,00 ; R$ 2.293,00 ; R$ 2.274,00 ; R$ 2.277,00 
12/01/2006; R$ 2.292,00 ; R$ 2.296,00 ; R$ 2.272,00 ; R$ 2.286,00 
11/01/2006; R$ 2.274,00 ; R$ 2.297,90 ; R$ 2.269,00 ; R$ 2.293,00 
10/01/2006; R$ 2.260,00 ; R$ 2.286,00 ; R$ 2.260,00 ; R$ 2.274,00 
09/01/2006; R$ 2.288,00 ; R$ 2.288,00 ; R$ 2.259,50 ; R$ 2.264,00 
06/01/2006; R$ 2.300,00 ; R$ 2.315,00 ; R$ 2.296,00 ; R$ 2.296,00 
05/01/2006; R$ 2.295,00 ; R$ 2.311,50 ; R$ 2.285,50 ; R$ 2.302,00 
04/01/2006; R$ 2.345,00 ; R$ 2.345,00 ; R$ 2.300,00 ; R$ 2.304,50 
03/01/2006; R$ 2.368,00 ; R$ 2.375,00 ; R$ 2.347,00 ; R$ 2.347,00 
02/01/2006; R$ 2.360,00 ; R$ 2.363,00 ; R$ 2.354,00 ; R$ 2.363,00 
29/12/2005; R$ 2.341,00 ; R$ 2.352,00 ; R$ 2.340,00 ; R$ 2.341,00 
28/12/2005; R$ 2.333,00 ; R$ 2.355,00 ; R$ 2.333,00 ; R$ 2.343,00 
27/12/2005; R$ 2.350,00 ; R$ 2.367,00 ; R$ 2.336,00 ; R$ 2.340,00 
26/12/2005; R$ 2.332,00 ; R$ 2.345,00 ; R$ 2.325,00 ; R$ 2.341,00 
23/12/2005; R$ 2.352,00 ; R$ 2.366,00 ; R$ 2.308,00 ; R$ 2.322,90 
22/12/2005; R$ 2.305,50 ; R$ 2.342,90 ; R$ 2.300,00 ; R$ 2.342,00 
21/12/2005; R$ 2.335,00 ; R$ 2.340,00 ; R$ 2.310,00 ; R$ 2.316,00 
20/12/2005; R$ 2.379,00 ; R$ 2.382,00 ; R$ 2.342,00 ; R$ 2.356,00 
19/12/2005; R$ 2.370,00 ; R$ 2.408,00 ; R$ 2.368,00 ; R$ 2.403,00 
16/12/2005; R$ 2.327,00 ; R$ 2.360,00 ; R$ 2.324,00 ; R$ 2.347,00 
15/12/2005; R$ 2.293,00 ; R$ 2.317,00 ; R$ 2.293,00 ; R$ 2.315,00 
14/12/2005; R$ 2.276,00 ; R$ 2.302,00 ; R$ 2.275,00 ; R$ 2.284,00 
13/12/2005; R$ 2.269,00 ; R$ 2.283,50 ; R$ 2.258,00 ; R$ 2.274,00 
12/12/2005; R$ 2.280,00 ; R$ 2.284,00 ; R$ 2.265,00 ; R$ 2.268,00 
09/12/2005; R$ 2.253,00 ; R$ 2.271,00 ; R$ 2.246,00 ; R$ 2.265,50 
08/12/2005; R$ 2.215,00 ; R$ 2.244,00 ; R$ 2.211,20 ; R$ 2.240,00 
07/12/2005; R$ 2.182,00 ; R$ 2.215,00 ; R$ 2.177,00 ; R$ 2.214,00 
06/12/2005; R$ 2.220,00 ; R$ 2.220,00 ; R$ 2.184,00 ; R$ 2.190,00 
05/12/2005; R$ 2.226,00 ; R$ 2.227,00 ; R$ 2.213,50 ; R$ 2.216,00 
02/12/2005; R$ 2.231,00 ; R$ 2.234,00 ; R$ 2.217,00 ; R$ 2.231,00 
01/12/2005; R$ 2.244,00 ; R$ 2.248,00 ; R$ 2.231,00 ; R$ 2.242,00 
30/11/2005; R$ 2.205,00 ; R$ 2.212,90 ; R$ 2.196,10 ; R$ 2.205,30 
29/11/2005; R$ 2.207,00 ; R$ 2.208,00 ; R$ 2.187,00 ; R$ 2.200,00 
28/11/2005; R$ 2.237,10 ; R$ 2.237,10 ; R$ 2.197,00 ; R$ 2.197,00 
25/11/2005; R$ 2.237,00 ; R$ 2.242,00 ; R$ 2.233,00 ; R$ 2.237,00 
24/11/2005; R$ 2.235,00 ; R$ 2.249,00 ; R$ 2.233,00 ; R$ 2.246,00 
23/11/2005; R$ 2.240,00 ; R$ 2.249,50 ; R$ 2.236,00 ; R$ 2.249,50 
22/11/2005; R$ 2.252,00 ; R$ 2.274,00 ; R$ 2.246,00 ; R$ 2.246,00 
21/11/2005; R$ 2.233,00 ; R$ 2.235,00 ; R$ 2.219,50 ; R$ 2.229,00 
18/11/2005; R$ 2.217,00 ; R$ 2.240,00 ; R$ 2.214,00 ; R$ 2.239,90 
17/11/2005; R$ 2.198,00 ; R$ 2.203,50 ; R$ 2.192,00 ; R$ 2.203,50 
16/11/2005; R$ 2.205,00 ; R$ 2.218,00 ; R$ 2.203,00 ; R$ 2.209,00 
14/11/2005; R$ 2.200,00 ; R$ 2.224,00 ; R$ 2.192,00 ; R$ 2.222,00 
11/11/2005; R$ 2.177,00 ; R$ 2.182,00 ; R$ 2.173,00 ; R$ 2.175,00 
10/11/2005; R$ 2.200,00 ; R$ 2.201,50 ; R$ 2.177,00 ; R$ 2.181,00 
09/11/2005; R$ 2.190,00 ; R$ 2.197,00 ; R$ 2.177,10 ; R$ 2.195,90 
08/11/2005; R$ 2.228,00 ; R$ 2.230,00 ; R$ 2.206,00 ; R$ 2.206,00 
07/11/2005; R$ 2.226,00 ; R$ 2.230,00 ; R$ 2.214,00 ; R$ 2.225,00 
04/11/2005; R$ 2.250,00 ; R$ 2.254,00 ; R$ 2.230,00 ; R$ 2.231,00 
03/11/2005; R$ 2.264,00 ; R$ 2.264,00 ; R$ 2.240,00 ; R$ 2.245,00 
01/11/2005; R$ 2.276,00 ; R$ 2.282,50 ; R$ 2.267,00 ; R$ 2.273,00 
31/10/2005; R$ 2.268,00 ; R$ 2.270,00 ; R$ 2.250,00 ; R$ 2.255,00 
28/10/2005; R$ 2.284,50 ; R$ 2.291,00 ; R$ 2.265,00 ; R$ 2.265,00 
27/10/2005; R$ 2.293,00 ; R$ 2.297,00 ; R$ 2.280,00 ; R$ 2.294,00 
26/10/2005; R$ 2.271,00 ; R$ 2.289,00 ; R$ 2.270,00 ; R$ 2.289,00 
25/10/2005; R$ 2.264,00 ; R$ 2.274,50 ; R$ 2.262,00 ; R$ 2.274,50 
24/10/2005; R$ 2.266,00 ; R$ 2.275,00 ; R$ 2.262,00 ; R$ 2.265,10 
21/10/2005; R$ 2.260,00 ; R$ 2.286,00 ; R$ 2.253,00 ; R$ 2.272,00 
20/10/2005; R$ 2.255,00 ; R$ 2.273,00 ; R$ 2.241,00 ; R$ 2.269,00 
19/10/2005; R$ 2.268,00 ; R$ 2.268,00 ; R$ 2.248,50 ; R$ 2.248,50 
18/10/2005; R$ 2.244,00 ; R$ 2.266,00 ; R$ 2.242,00 ; R$ 2.260,00 
17/10/2005; R$ 2.254,00 ; R$ 2.254,00 ; R$ 2.243,50 ; R$ 2.248,00 
14/10/2005; R$ 2.278,00 ; R$ 2.280,00 ; R$ 2.256,00 ; R$ 2.262,00 
13/10/2005; R$ 2.287,00 ; R$ 2.297,00 ; R$ 2.268,00 ; R$ 2.281,20 
11/10/2005; R$ 2.252,00 ; R$ 2.262,00 ; R$ 2.248,00 ; R$ 2.250,00 
10/10/2005; R$ 2.265,00 ; R$ 2.266,50 ; R$ 2.252,50 ; R$ 2.261,00 
07/10/2005; R$ 2.306,00 ; R$ 2.311,00 ; R$ 2.265,00 ; R$ 2.265,00 
06/10/2005; R$ 2.304,00 ; R$ 2.323,00 ; R$ 2.293,00 ; R$ 2.307,00 
05/10/2005; R$ 2.295,00 ; R$ 2.303,00 ; R$ 2.283,00 ; R$ 2.291,00 
04/10/2005; R$ 2.270,00 ; R$ 2.290,00 ; R$ 2.258,00 ; R$ 2.290,00 
03/10/2005; R$ 2.261,00 ; R$ 2.275,00 ; R$ 2.252,00 ; R$ 2.264,00 
30/09/2005; R$ 2.219,00 ; R$ 2.226,00 ; R$ 2.217,00 ; R$ 2.221,50 
29/09/2005; R$ 2.236,00 ; R$ 2.246,00 ; R$ 2.211,00 ; R$ 2.215,00 
28/09/2005; R$ 2.250,00 ; R$ 2.255,00 ; R$ 2.233,00 ; R$ 2.233,00 
27/09/2005; R$ 2.262,00 ; R$ 2.267,00 ; R$ 2.247,10 ; R$ 2.263,00 
26/09/2005; R$ 2.268,00 ; R$ 2.277,00 ; R$ 2.255,00 ; R$ 2.255,00 
23/09/2005; R$ 2.275,00 ; R$ 2.283,00 ; R$ 2.270,00 ; R$ 2.276,00 
22/09/2005; R$ 2.283,00 ; R$ 2.302,00 ; R$ 2.274,00 ; R$ 2.283,50 
21/09/2005; R$ 2.304,00 ; R$ 2.304,00 ; R$ 2.283,00 ; R$ 2.283,00 
20/09/2005; R$ 2.305,00 ; R$ 2.312,00 ; R$ 2.302,00 ; R$ 2.310,00 
19/09/2005; R$ 2.309,00 ; R$ 2.315,00 ; R$ 2.296,00 ; R$ 2.309,00 
16/09/2005; R$ 2.315,00 ; R$ 2.315,00 ; R$ 2.300,50 ; R$ 2.315,00 
15/09/2005; R$ 2.335,00 ; R$ 2.336,00 ; R$ 2.308,00 ; R$ 2.314,00 
14/09/2005; R$ 2.345,00 ; R$ 2.353,00 ; R$ 2.339,00 ; R$ 2.339,00 
13/09/2005; R$ 2.336,00 ; R$ 2.350,00 ; R$ 2.333,00 ; R$ 2.346,00 
12/09/2005; R$ 2.336,00 ; R$ 2.346,00 ; R$ 2.333,00 ; R$ 2.338,50 
09/09/2005; R$ 2.341,00 ; R$ 2.354,00 ; R$ 2.330,00 ; R$ 2.338,00 
08/09/2005; R$ 2.346,00 ; R$ 2.352,00 ; R$ 2.338,00 ; R$ 2.350,00 
06/09/2005; R$ 2.360,00 ; R$ 2.360,00 ; R$ 2.345,00 ; R$ 2.351,00 
05/09/2005; R$ 2.347,00 ; R$ 2.367,00 ; R$ 2.345,00 ; R$ 2.361,00 
02/09/2005; R$ 2.380,00 ; R$ 2.380,00 ; R$ 2.354,00 ; R$ 2.361,00 
01/09/2005; R$ 2.390,00 ; R$ 2.404,00 ; R$ 2.380,00 ; R$ 2.390,00 
31/08/2005; R$ 2.375,00 ; R$ 2.383,00 ; R$ 2.360,00 ; R$ 2.360,00 
30/08/2005; R$ 2.392,00 ; R$ 2.395,00 ; R$ 2.379,00 ; R$ 2.381,00 
29/08/2005; R$ 2.395,00 ; R$ 2.417,00 ; R$ 2.384,00 ; R$ 2.393,00 
26/08/2005; R$ 2.400,00 ; R$ 2.435,00 ; R$ 2.400,00 ; R$ 2.408,00 
25/08/2005; R$ 2.441,00 ; R$ 2.449,00 ; R$ 2.401,00 ; R$ 2.406,00 
24/08/2005; R$ 2.425,00 ; R$ 2.463,00 ; R$ 2.419,00 ; R$ 2.460,00 
23/08/2005; R$ 2.400,00 ; R$ 2.433,00 ; R$ 2.400,00 ; R$ 2.410,00 
22/08/2005; R$ 2.416,00 ; R$ 2.427,00 ; R$ 2.390,00 ; R$ 2.390,00 
19/08/2005; R$ 2.420,00 ; R$ 2.490,00 ; R$ 2.394,00 ; R$ 2.459,00 
18/08/2005; R$ 2.360,00 ; R$ 2.414,00 ; R$ 2.360,00 ; R$ 2.414,00 
17/08/2005; R$ 2.372,00 ; R$ 2.372,00 ; R$ 2.351,00 ; R$ 2.367,00 
16/08/2005; R$ 2.341,00 ; R$ 2.377,00 ; R$ 2.335,00 ; R$ 2.371,00 
15/08/2005; R$ 2.368,00 ; R$ 2.368,00 ; R$ 2.348,00 ; R$ 2.352,00 
12/08/2005; R$ 2.415,00 ; R$ 2.415,00 ; R$ 2.373,00 ; R$ 2.393,00 
11/08/2005; R$ 2.307,00 ; R$ 2.386,00 ; R$ 2.305,00 ; R$ 2.375,00 
10/08/2005; R$ 2.296,00 ; R$ 2.305,00 ; R$ 2.289,00 ; R$ 2.303,00 
09/08/2005; R$ 2.355,00 ; R$ 2.360,00 ; R$ 2.310,00 ; R$ 2.310,00 
08/08/2005; R$ 2.330,00 ; R$ 2.357,00 ; R$ 2.322,00 ; R$ 2.355,00 
05/08/2005; R$ 2.340,00 ; R$ 2.344,00 ; R$ 2.315,00 ; R$ 2.335,00 
04/08/2005; R$ 2.350,00 ; R$ 2.354,00 ; R$ 2.322,00 ; R$ 2.336,00 
03/08/2005; R$ 2.365,00 ; R$ 2.365,00 ; R$ 2.340,00 ; R$ 2.352,00 
02/08/2005; R$ 2.408,00 ; R$ 2.408,00 ; R$ 2.368,00 ; R$ 2.368,00 
01/08/2005; R$ 2.425,00 ; R$ 2.425,00 ; R$ 2.396,00 ; R$ 2.406,00 
29/07/2005; R$ 2.390,00 ; R$ 2.413,00 ; R$ 2.390,00 ; R$ 2.393,00 
28/07/2005; R$ 2.420,00 ; R$ 2.433,00 ; R$ 2.403,00 ; R$ 2.406,00 
27/07/2005; R$ 2.430,00 ; R$ 2.486,00 ; R$ 2.430,00 ; R$ 2.443,00 
26/07/2005; R$ 2.502,00 ; R$ 2.505,00 ; R$ 2.435,00 ; R$ 2.435,00 
25/07/2005; R$ 2.412,00 ; R$ 2.490,00 ; R$ 2.412,00 ; R$ 2.489,00 
22/07/2005; R$ 2.372,00 ; R$ 2.407,00 ; R$ 2.372,00 ; R$ 2.403,00 
21/07/2005; R$ 2.336,00 ; R$ 2.372,00 ; R$ 2.336,00 ; R$ 2.372,00 
20/07/2005; R$ 2.360,00 ; R$ 2.372,00 ; R$ 2.344,00 ; R$ 2.344,00 
19/07/2005; R$ 2.356,00 ; R$ 2.357,00 ; R$ 2.350,00 ; R$ 2.357,00 
18/07/2005; R$ 2.340,00 ; R$ 2.350,00 ; R$ 2.339,00 ; R$ 2.350,00 
15/07/2005; R$ 2.357,00 ; R$ 2.367,00 ; R$ 2.351,00 ; R$ 2.355,00 
14/07/2005; R$ 2.365,00 ; R$ 2.365,00 ; R$ 2.348,00 ; R$ 2.348,00 
13/07/2005; R$ 2.354,00 ; R$ 2.372,00 ; R$ 2.349,00 ; R$ 2.370,00 
12/07/2005; R$ 2.344,00 ; R$ 2.359,00 ; R$ 2.340,00 ; R$ 2.355,00 
11/07/2005; R$ 2.388,00 ; R$ 2.388,00 ; R$ 2.359,00 ; R$ 2.359,00 
08/07/2005; R$ 2.406,00 ; R$ 2.406,00 ; R$ 2.379,00 ; R$ 2.388,00 
07/07/2005; R$ 2.426,00 ; R$ 2.427,00 ; R$ 2.396,00 ; R$ 2.396,00 
06/07/2005; R$ 2.406,00 ; R$ 2.422,00 ; R$ 2.406,00 ; R$ 2.415,00 
05/07/2005; R$ 2.400,00 ; R$ 2.404,00 ; R$ 2.384,00 ; R$ 2.404,00 
04/07/2005; R$ 2.400,00 ; R$ 2.403,00 ; R$ 2.392,00 ; R$ 2.392,00 
01/07/2005; R$ 2.357,00 ; R$ 2.382,00 ; R$ 2.357,00 ; R$ 2.371,00 
30/06/2005; R$ 2.346,00 ; R$ 2.356,00 ; R$ 2.346,00 ; R$ 2.350,50 
29/06/2005; R$ 2.365,00 ; R$ 2.365,00 ; R$ 2.350,00 ; R$ 2.360,00 
28/06/2005; R$ 2.369,00 ; R$ 2.375,00 ; R$ 2.369,00 ; R$ 2.374,00 
27/06/2005; R$ 2.390,00 ; R$ 2.390,00 ; R$ 2.379,00 ; R$ 2.381,00 
24/06/2005; R$ 2.400,00 ; R$ 2.403,00 ; R$ 2.390,00 ; R$ 2.390,00 
23/06/2005; R$ 2.405,00 ; R$ 2.416,00 ; R$ 2.397,00 ; R$ 2.416,00 
22/06/2005; R$ 2.374,00 ; R$ 2.400,00 ; R$ 2.371,00 ; R$ 2.395,00 
21/06/2005; R$ 2.392,10 ; R$ 2.393,00 ; R$ 2.382,00 ; R$ 2.384,00 
20/06/2005; R$ 2.404,00 ; R$ 2.407,00 ; R$ 2.390,00 ; R$ 2.406,00 
17/06/2005; R$ 2.410,00 ; R$ 2.410,00 ; R$ 2.400,00 ; R$ 2.400,00 
16/06/2005; R$ 2.430,00 ; R$ 2.442,00 ; R$ 2.416,00 ; R$ 2.418,00 
15/06/2005; R$ 2.462,00 ; R$ 2.468,00 ; R$ 2.440,00 ; R$ 2.440,00 
14/06/2005; R$ 2.458,00 ; R$ 2.494,00 ; R$ 2.450,00 ; R$ 2.450,00 
13/06/2005; R$ 2.486,00 ; R$ 2.486,00 ; R$ 2.466,00 ; R$ 2.471,00 
10/06/2005; R$ 2.501,00 ; R$ 2.510,00 ; R$ 2.488,00 ; R$ 2.497,00 
09/06/2005; R$ 2.507,00 ; R$ 2.530,00 ; R$ 2.504,00 ; R$ 2.525,00 
08/06/2005; R$ 2.470,00 ; R$ 2.488,00 ; R$ 2.466,00 ; R$ 2.488,00 
07/06/2005; R$ 2.486,00 ; R$ 2.494,00 ; R$ 2.485,00 ; R$ 2.485,00 
06/06/2005; R$ 2.480,00 ; R$ 2.505,00 ; R$ 2.474,00 ; R$ 2.480,00 
03/06/2005; R$ 2.424,00 ; R$ 2.458,00 ; R$ 2.419,00 ; R$ 2.450,00 
02/06/2005; R$ 2.465,00 ; R$ 2.465,00 ; R$ 2.440,00 ; R$ 2.440,00 
01/06/2005; R$ 2.453,00 ; R$ 2.480,00 ; R$ 2.452,00 ; R$ 2.480,00 
31/05/2005; R$ 2.407,00 ; R$ 2.454,00 ; R$ 2.407,00 ; R$ 2.442,00 
30/05/2005; R$ 2.376,00 ; R$ 2.376,00 ; R$ 2.369,00 ; R$ 2.369,00 
27/05/2005; R$ 2.399,00 ; R$ 2.399,00 ; R$ 2.389,00 ; R$ 2.389,00 
25/05/2005; R$ 2.420,00 ; R$ 2.421,00 ; R$ 2.409,00 ; R$ 2.412,00 
24/05/2005; R$ 2.435,00 ; R$ 2.442,00 ; R$ 2.431,00 ; R$ 2.432,00 
23/05/2005; R$ 2.443,00 ; R$ 2.443,00 ; R$ 2.432,00 ; R$ 2.433,00 
20/05/2005; R$ 2.460,00 ; R$ 2.463,00 ; R$ 2.451,00 ; R$ 2.451,00 
19/05/2005; R$ 2.455,00 ; R$ 2.458,00 ; R$ 2.450,00 ; R$ 2.455,00 
18/05/2005; R$ 2.484,00 ; R$ 2.484,00 ; R$ 2.469,00 ; R$ 2.470,00 
17/05/2005; R$ 2.487,00 ; R$ 2.502,00 ; R$ 2.487,00 ; R$ 2.494,00 
